OTU	NC3	NC1	NC2	NEG1	NEG2	NC4	NTC1	NTC2	BT38	45207	DF46144	BF193	PE048	BT51	BT25-1	DF45570-r4	DF45955	BF187	PE168-1	BF234	BT118-r4	45261	DF46114	DF46025	45263	BT20	45252-r2	PE455	45252-r5	PE184	PE062	DF46110	45224	PE043	PE475	45375	DF46112	BT118-r1	DF45989	DF45570-r2	BF188	PE168-3	DF46090	BT35	45252-r3	PE411	BT104	BT114	BF278-2	DF46099	BT33	BT70	BF182	DF46159	45418	45311	BF255	BT30	DF45570-r3	BT118-r2	BF252	BF340	PE168-2	45366	BT62	45368	BF153	45504	45351	45252-r4	DF45701	45267	45293	45257	45252	45234	45302	BF165	BT121	PE106	BT118	PE116	BF149	DF45698	45209-1	DF45570	DF46001	BF190	BT118-r3	45209-2	BT31	PE176	45533	BF324	BT118-r5	PE134	45354	45430	45381	PE130	45465	PE058	45313	BF346	PE162	BT100	BT105	45329	BT5	BF278-3	BF277	45393	PE160	DF45979	BT25-2	BT57	PE042	DF45570-r5	DF45944	45252-r1	45209-3	DF45567	BF283	45516	BT43	45346	PE038	PE044	DF46039	BT4	DF46162	BF191	45442	PE164	BF300	PE035	DF45570-r1	BT25-3	45201	BF202	PE045	BF280	BF278-1
OTU1	0	0	0	0	0	0	0	0	23	223	0	0	1	0	0	1	0	0	55	69	386	690	0	0	853	2	21538	1	18294	0	0	2	615	46	379	2835	167	0	0	0	1	0	0	0	19332	1	0	0	1	0	0	2	1	0	4653	0	1	0	0	0	506	0	0	2506	0	233	1278	615	531	445	280	2115	81	2420	4071	74	1	0	2	1	338	0	0	677	2959	0	0	0	0	3526	79	1	903	0	0	0	1627	412	0	1	2581	1	1	0	1	0	80	518	26	4	0	14	0	0	0	0	0	0	0	17475	3592	0	0	78	205	675	4	0	0	0	0	0	1657	0	0	0	1	2	1	0	0	0	0
OTU2	0	0	0	0	0	0	0	2	525	2289	1437	1143	517	128	10	8120	1530	132	1011	791	2474	4327	1686	1304	2460	1302	3304	695	3596	1323	1552	1099	3335	858	2295	2192	2035	2	4707	2613	1114	684	1185	1815	5046	135	338	46	3350	1660	1	2	485	2529	1637	2773	3014	163	0	0	1318	118	353	3233	288	1923	2465	492	5206	123	1430	1335	527	1263	2815	867	2294	109	29	417	402	107	1842	1379	1763	400	954	3413	1	2313	143	738	1720	2305	194	310	4814	1699	1875	575	3110	504	5007	0	435	3	1181	1640	639	3192	2797	1054	733	1966	7	19	800	62	1594	3959	2718	147	1908	722	438	1314	156	1155	564	1423	2137	2153	2393	423	2689	1327	439	14	5986	2352	934	1901	3037
OTU3	0	0	0	0	0	0	0	0	7	32	512	423	1629	67	0	16	90	0	4982	457	0	0	1247	256	0	0	0	5485	0	7167	2057	653	71	4433	946	163	1317	1	221	80	0	4187	37	10	0	2281	0	0	2	415	0	0	0	328	0	0	0	0	0	0	92	0	2987	0	1	0	0	1	0	0	482	0	0	0	0	0	0	0	0	618	1	2319	0	356	0	58	167	0	0	0	0	558	1	19	0	10563	0	0	0	20269	0	4064	2	0	1637	0	15	18	6	12	422	197	1295	4239	0	0	172	0	714	0	0	157	0	21	51	83	227	6991	914	0	672	0	12	923	5	712	127	0	0	0	2253	8	0
OTU4	45	0	0	0	0	0	0	0	7	6426	0	0	0	0	0	0	0	0	110	1219	648	1101	0	0	442	0	4	0	0	0	0	0	1920	33	194	1344	108	1	0	0	0	0	0	0	0	0	0	2	0	0	2	0	0	0	7973	13458	1	0	0	1	475	0	0	1072	0	154	0	17	2070	6	272	108	4429	544	33	4132	7293	0	0	0	291	0	0	146	625	0	1	0	0	654	74	0	4402	0	0	1	3775	1152	6426	0	2729	0	3187	0	0	0	191	662	38	58	0	1144	248	0	0	0	0	0	0	73	657	0	0	3760	299	1089	0	0	1	0	1	0	5221	0	1	0	0	0	109	0	0	0	2
OTU5	0	0	0	0	0	0	1	0	3	2498	0	16	8	99	12410	0	1	13	0	485	2	0	0	0	0	0	918	0	0	0	0	0	8998	68	204	213	18	0	0	1	0	0	0	0	1	0	0	0	0	0	680	71	0	0	1178	2613	2	95	0	0	88	0	0	781	0	15129	0	730	270	30	54	2034	2736	1	199	688	260	67	0	0	82	0	0	567	3337	0	0	0	3	3906	459	0	7247	0	1	2	69	64	716	1	95	0	15568	0	0	28302	1004	4328	134	2	0	46	2	0	10245	4754	0	0	0	9859	3785	0	0	1999	54	38	0	0	0	0	0	1	6768	0	0	0	0	21470	0	0	0	0	0
OTU6	0	13	35	0	0	0	0	0	1141	1677	321	380	1152	326	1484	868	162	1567	1849	454	1578	290	51	15	865	1303	1136	205	1548	123	386	335	115	474	402	791	576	187	274	2252	1244	591	545	1093	1067	1198	178	509	234	251	1193	1298	1245	48	2034	69	2756	516	0	1000	1026	435	638	1947	73	1448	212	577	396	8	1180	1121	906	476	1142	1291	877	197	489	433	505	165	260	324	1115	7	28	1442	878	939	576	277	1507	1213	1374	315	1544	1739	615	506	2267	4270	129	2953	782	776	1140	1036	1785	444	86	3356	1028	428	1495	560	570	55	939	2421	1496	721	249	2709	3414	996	469	2053	532	109	697	2237	2614	1844	969	1843	127	3207	4391	3084	37	322	168
OTU7	0	0	3	0	0	0	0	0	11	45	0	0	0	0	0	0	0	0	0	125	0	0	0	0	0	0	0	0	78	0	2	0	58	12	68	111	138	913	0	0	0	0	0	5	0	0	0	261	1	0	0	0	0	0	1	0	2	0	0	34115	218	1	0	0	1	0	0	1	0	0	144	0	0	0	0	0	0	0	0	0	1564	2	0	0	1	0	0	0	35630	0	18	0	0	0	0	0	1	0	0	0	0	0	0	0	0	1	0	21	4813	0	0	1	0	1	0	0	0	0	0	0	0	1	0	0	0	0	0	0	0	27	0	0	29	0	0	0	0	0	0	0	0	0	0
OTU8	1	0	60	0	0	0	0	0	919	259	2901	787	2132	499	1364	363	2374	2041	773	566	1085	1642	810	1805	26	1472	0	1665	584	1302	2999	1334	186	1238	305	141	460	0	6337	8741	404	773	1470	1458	769	1595	54	117	348	3004	582	98	1598	4119	1114	107	2805	86	0	293	1602	462	352	0	0	1	190	57	67	2	936	57	86	14	10	128	58	6	805	2015	472	2782	1	1105	58	821	3613	3685	321	69	578	2144	373	2096	2847	4255	25	12	124	1986	215	871	0	2778	4512	2737	313	1022	1680	369	1162	289	1136	2475	833	589	2549	236	3526	0	56	104	911	367	247	189	745	2744	2354	477	3307	910	108	2073	221	698	5655	2567	1	1020	588	6153	259
OTU9	0	0	0	0	0	0	0	0	12	21	511	819	4793	193	0	99	65	1	1769	161	0	0	222	825	0	0	0	1127	0	1253	703	0	41	5695	548	62	602	0	560	8214	0	1516	375	51	0	1122	0	0	0	908	0	0	1	500	0	0	0	0	0	0	218	0	1241	0	0	0	0	0	0	0	1411	0	0	0	0	0	0	0	0	3014	2	606	1	867	0	237	1437	0	0	0	0	465	0	0	0	3899	0	0	0	1582	0	1953	0	0	3152	0	12	11	4	7	0	131	915	1706	1	0	3824	6	1077	0	0	1642	0	59	61	130	633	3567	2559	0	474	0	8	844	0	3454	162	0	0	0	3419	0	0
OTU10	0	1	0	0	0	0	0	0	1	0	65	1	0	4	0	22802	0	1	1	0	0	0	1	1	0	1	0	0	0	18	0	1499	5	1	0	0	0	0	16	1414	208	0	321	53	0	1	1	0	1252	13	1	0	0	0	0	0	275	0	0	0	106	0	0	0	0	1	0	0	1	0	0	0	0	0	1	0	1	0	0	0	2	0	2	16	1	15723	177	3490	0	1	0	0	4	5	0	428	0	0	0	0	0	1	0	0	0	0	123	70	698	1353	0	158	134	0	1	0	0	1	24	0	3	0	0	2	0	0	0	0	0	9872	1235	305	1	404	403	3	1143	0	0	0	2	0	1079
OTU11	0	0	0	0	0	0	0	0	95	8	0	1	1	0	0	1	1	18	6749	54	37339	5932	0	0	0	0	0	1	0	0	0	0	0	0	0	0	0	0	0	0	0	0	0	1	0	0	0	130	0	0	167	0	3	0	0	0	25	0	0	37	1081	5	0	0	0	0	2	0	0	0	681	0	0	0	0	1	0	10	3365	0	7043	0	0	0	0	0	0	0	0	0	135	0	0	0	1966	0	0	0	0	0	0	0	0	0	0	0	0	0	0	0	0	0	0	0	0	87	0	0	0	0	0	2	0	161	536	4	0	0	0	118	0	0	9	0	0	0	0	1	0	0	0	0	0
OTU12	0	0	0	0	0	0	0	0	5	0	0	0	0	0	11	0	0	0	0	0	0	0	0	0	0	0	1	0	4810	0	0	0	2777	588	3819	4804	6241	29912	0	0	0	0	0	0	0	0	0	0	0	0	0	0	0	0	0	1	0	0	0	3129	182	0	0	0	0	0	0	0	0	0	112	0	0	0	0	0	0	0	4153	0	1393	0	0	0	0	0	0	0	2	0	36	0	0	0	303	0	0	0	0	0	0	0	0	0	0	0	0	0	0	0	0	0	0	0	15	1	0	0	0	0	0	0	0	0	0	0	0	0	0	0	0	0	0	0	0	0	0	41	0	0	0	0	0
OTU13	0	0	22	0	0	0	0	1	1018	27	0	0	1	0	0	0	0	6950	8	165	205	15	1	0	0	3699	0	0	187	0	0	0	98	30	157	257	359	1612	0	0	14	0	32	256	0	0	1730	18	0	0	128	6495	1076	0	1	0	1	3488	1	1947	44	1036	2	0	4	0	1814	0	0	0	12	0	0	1	0	0	0	171	1327	0	314	0	0	0	0	0	0	0	1003	0	10	0	1	0	1140	23	0	0	0	0	0	0	0	4761	0	0	1812	152	44	1	0	8	1	0	3	1197	1	0	0	0	0	0	0	1339	4487	21	0	0	0	0	0	97	30	1	22	0	0	0	0	21614	0	1	0
OTU14	0	0	0	0	0	0	0	0	140	275	3145	39	184	44	69	151	401	73	91	337	430	335	63	742	608	71	913	696	254	817	1828	1875	134	1162	762	376	1382	22	50	29	359	68	5104	3635	424	685	129	11	1021	1997	3703	136	198	357	287	142	1770	31	0	27	1391	6	41	945	141	845	694	346	620	14	121	308	295	112	649	120	196	184	44	254	96	856	57	1647	321	177	602	3144	129	395	282	2367	681	135	44	231	2967	405	180	735	63	101	397	168	257	143	276	252	75	1067	117	1062	951	386	49	89	426	10	111	695	508	28	236	623	573	1479	25	282	73	71	457	155	91	112	490	33	30	178	2214	83	46	3393	855
OTU15	0	0	0	0	0	0	0	0	1	36	96	0	0	0	0	1	0	0	13	6	57	147	0	0	12	0	1081	0	177	0	0	0	1876	17	53	47	4	0	0	0	1	1	0	0	338	0	0	0	2	0	0	0	0	0	98	36	0	0	0	0	13	0	0	11	0	21	0	37	1521	22	4	143	27	120	181	96	10	0	0	0	1	0	0	5045	11614	0	0	0	0	13448	6	0	35	1	0	0	152	64	1624	0	113	0	18	0	0	0	16	79	4	2	0	5	1	0	0	0	0	0	0	589	16898	0	0	13	18	42	0	0	0	0	0	0	59	0	1	0	0	0	0	0	0	1	0
OTU16	0	0	0	0	0	57	0	0	17	73	8763	1	0	1	0	0	0	0	1	781	0	0	3066	11039	0	0	0	0	0	2265	0	0	0	0	0	0	0	0	0	0	0	0	1710	211	0	0	0	0	0	5533	0	0	1	7069	1	0	0	0	0	0	262	0	0	0	0	0	0	1	0	0	1322	0	0	0	0	0	0	0	0	0	9	0	0	0	0	0	0	0	0	0	0	0	0	1	0	0	1	0	0	0	0	1	0	0	0	0	0	0	0	0	0	0	0	0	0	0	0	0	9556	0	0	0	0	0	0	0	0	0	0	0	1	0	22	0	0	0	0	0	0	0	0	0	0
OTU17	0	0	0	0	0	0	0	0	195	146	0	3990	2699	18380	1	0	0	0	106	640	1673	122	0	0	0	14	0	1	0	0	0	0	0	0	0	2	4	9	0	0	0	0	461	4807	0	0	30	0	0	0	2414	13903	8769	1	0	0	0	2545	0	320	773	0	0	0	18	0	0	0	0	0	499	0	0	0	0	0	0	35	6	0	5604	0	0	0	0	0	0	0	2	0	86	0	0	0	17992	0	0	0	0	0	0	0	1	0	1	0	1375	124	31	0	0	5	0	0	0	1	0	0	0	1	0	0	0	0	0	0	0	0	0	0	0	0	105	0	0	0	1	1	0	5072	53	1	0
OTU18	0	945	0	0	0	0	0	0	194	1338	140	149	65	484	720	381	241	22	231	478	1308	2542	173	62	1589	1712	1818	328	1680	61	21	47	1091	52	158	905	170	4	105	377	986	1	54	244	2565	12	323	1	276	85	3	138	613	11	651	1422	329	300	1	240	654	1088	0	643	166	968	170	2129	2641	49	148	400	524	554	3160	819	2278	288	33	39	600	3	39	420	903	393	314	46	136	1072	144	54	1888	648	2462	172	2949	1089	2343	3	735	0	1706	713	0	503	531	990	983	361	82	1330	330	365	774	352	146	14	136	3011	1184	3	40	545	659	1858	18	107	191	757	1266	724	826	2	1128	2	676	1461	3506	330	0	3222	213
OTU19	0	0	0	0	0	0	0	0	0	0	0	17	2	21	0	0	0	0	0	0	0	0	0	0	0	163	0	0	1	0	0	0	44	42	2149	21	10	0	0	0	71	0	0	0	0	0	1	0	11627	0	0	0	0	4501	0	0	0	0	0	0	0	0	0	0	0	0	54	0	0	0	1	0	0	0	0	0	0	0	0	0	0	0	0	0	0	0	0	43	0	0	0	0	0	0	0	0	0	0	0	0	0	0	0	0	0	0	1439	658	143	13679	480	2055	1771	0	0	0	0	0	0	0	0	0	0	0	0	0	0	0	0	0	0	463	0	0	475	0	0	0	0	0	0	0	9087
OTU20	0	0	0	0	0	0	0	0	0	6	38	4	23	1	0	0	540	0	6	116	0	0	5	53	0	0	0	0	0	2000	0	0	134	46	240	393	4571	3	0	0	1	18	0	0	0	0	0	0	0	0	0	0	0	41	0	0	1	0	0	0	0	0	3	0	1	0	0	0	0	0	0	0	0	0	0	0	0	0	0	0	0	14	0	1	0	0	0	0	0	0	0	259	0	0	0	0	0	0	0	8580	0	1740	0	0	3	1	8	5	1	8	0	54	300	0	0	0	0	0	9	0	0	5905	1	32	86	275	3641	0	0	0	0	0	3	24335	0	105	0	0	0	0	0	1	0
OTU21	0	0	0	0	0	0	0	0	12968	2	0	236	154	1901	19	0	0	34	0	26	0	0	0	0	0	0	0	0	1239	0	0	0	700	163	1010	1517	1998	16424	0	0	0	0	32	318	0	0	13829	1	0	0	144	348	0	0	0	0	0	0	0	2	119	550	0	0	17	0	0	0	0	0	30	0	0	0	0	0	0	33	27	0	344	0	1	0	0	0	0	0	2	0	6	0	0	10	0	0	0	0	0	0	0	0	0	126	0	0	31	2	2	0	1	0	0	0	10	22	0	0	0	0	0	0	0	2	0	0	0	0	0	0	0	0	7	0	0	0	0	29	0	246	11	0	0
OTU22	0	0	0	0	0	0	0	1	0	0	527	1	0	0	0	0	1252	0	285	0	1955	3502	0	8	0	0	0	0	0	0	1	0	3	0	1	2	45	0	0	0	0	0	3059	251	0	1	0	0	0	0	0	1	1	0	0	0	29	0	0	0	37	0	0	0	0	0	0	0	0	1	1	0	0	0	0	0	0	0	0	1	0	0	0	4192	0	0	18473	0	0	0	0	0	0	2925	0	0	1	0	0	0	0	0	1	0	0	0	0	0	0	1	0	0	0	2907	0	0	0	0	2810	0	1	0	0	0	0	0	0	1	0	2	7467	0	0	0	4	0	1	0	0	0	0	0	0
OTU23	0	164	0	0	0	0	0	0	111	605	192	86	72	562	2071	841	679	517	114	214	719	632	312	524	157	316	30	299	27	28	18	1214	134	5	91	94	658	73	311	6	1086	1	541	2206	20	0	488	34	177	50	518	1105	898	71	553	1812	549	715	0	388	227	958	0	649	405	154	356	1055	28	9	94	80	413	61	294	190	637	550	346	1	257	54	29	400	1162	436	75	20	500	1660	384	1	1524	176	160	42	106	20	167	1	520	0	329	3925	0	498	761	1109	543	193	8	541	137	33	1764	1082	469	0	646	1177	1589	0	1	890	281	61	12	80	129	309	290	1283	440	0	432	0	31	3985	1627	346	3	56	111
OTU24	0	0	0	0	0	0	0	0	7	1171	0	0	0	0	0	0	0	0	19	163	107	266	0	0	0	7	39	0	357	0	0	0	0	0	0	0	0	0	0	0	0	0	1	0	641	0	0	0	0	0	0	0	0	0	0	0	1	0	0	0	241	0	0	40	0	8008	0	0	45	157	190	160	199	4747	617	9500	5106	0	0	0	206	0	0	6	24	0	0	0	0	9	448	0	1886	0	0	1	0	3672	17	0	2107	0	218	0	1	0	0	2	0	0	0	0	0	0	0	0	0	0	0	0	13	0	0	37	0	0	1	0	0	0	0	0	157	0	0	0	0	0	0	0	0	0	0
OTU25	0	0	0	0	0	0	0	0	20	14	1036	32	81	13	7	0	187	43	42	52	4	12	71	432	62	0	46	487	47	82	243	40	152	2837	77	212	70	0	1843	38	37	62	135	19	91	8	0	0	8	136	0	5	0	1093	124	19	174	0	0	0	573	0	25	4	9	0	0	10	51	2	554	9	30	99	1	68	13	0	3	651	9	1644	718	132	17	164	1907	2732	0	28	8	1481	287	1168	0	894	69	59	113	672	165	2813	61	0	399	0	13	27	8	29	523	24	80	159	5	3	878	198	226	4	20	561	14	52	73	122	485	629	877	0	436	24	121	11	869	3543	9	35	5	0	3575	86	9
OTU26	0	0	0	0	0	0	0	0	8	135	243	0	0	1	31	0	0	1976	0	231	0	1	0	0	2533	674	1691	0	264	0	0	0	1752	17	393	799	55	0	0	0	47	0	4600	4132	376	2	0	0	0	0	1327	0	0	0	3550	8306	12507	0	0	0	692	1	0	12214	0	0	0	183	48	8	32	9	469	1	307	3872	4704	0	0	0	13	0	0	0	0	0	0	1	0	0	10	0	1366	0	0	0	0	667	1837	0	157	0	3960	0	0	0	421	778	65	130	1	1884	459	0	23	9	0	1	0	826	1	0	0	3389	140	540	0	0	0	0	1	19	1168	0	0	1	0	73	66	0	0	0	0
OTU27	0	0	0	0	0	0	0	0	1	3	687	5193	118	13	1	0	268	0	76	92	0	0	0	79	0	0	0	9	0	398	14642	3	47	79	1095	74	444	3	1364	0	1	48	345	44	0	0	0	0	574	455	0	0	2	113	0	0	19	0	0	0	133	0	36	0	0	0	0	0	0	0	6	0	160	0	0	0	0	0	0	345	0	66	1	291	0	170	150	9131	0	0	0	457	1	449	0	95	0	0	0	156	0	0	0	0	0	0	43	37	8	676	5913	56	62	0	0	0	651	0	232	0	0	98	371	8	3	9	25	124	208	1	1	0	3	45	398	208	0	0	0	0	33	495	409
OTU28	0	6	0	0	0	0	0	0	1	0	149	1106	1493	1011	0	309	0	0	355	1	0	0	76	1	0	0	0	1621	0	8	747	0	13	895	31	31	317	0	45	0	0	429	23	3	0	573	0	0	133	0	0	1	0	0	0	0	0	0	0	0	151	18	202	0	0	0	0	0	0	0	674	0	0	0	0	0	0	0	0	0	3	1453	985	37	0	138	285	26	0	0	1	20	0	1334	0	117	0	0	0	276	0	3682	0	4	23	0	24	20	6	192	331	147	722	128	0	0	0	4557	445	0	0	324	398	13	27	38	160	1246	642	0	23	3374	0	0	750	356	31	0	0	0	3637	0	110
OTU29	0	0	0	0	0	0	0	1	0	21	0	0	0	0	0	0	54	0	0	5	7	7	0	3	1867	0	0	0	0	0	0	0	2745	24	49	0	0	0	0	0	0	0	180	28	0	0	0	0	0	0	0	0	1	0	10774	12	3	0	0	1	3	0	0	281	0	204	0	5	3877	14	1	275	1533	58	0	968	3995	0	0	0	1	0	0	38	215	0	0	0	0	225	0	0	423	0	0	0	3	68	3	0	20	0	61	0	0	0	832	630	104	350	0	8360	1815	8	0	0	0	0	2073	0	243	0	0	213	1	6	0	0	0	0	0	0	67	0	0	0	0	0	152	0	0	0	0
OTU30	0	0	0	0	0	0	0	0	2	299	27	252	218	1247	0	167	134	0	0	69	0	0	218	10	0	3	0	932	0	0	0	3989	144	44	195	341	2819	1	426	0	0	0	11	7	4	0	0	0	896	0	0	0	0	25	4	1	381	0	0	0	115	1	0	0	0	163	678	0	84	2	6	539	1555	0	12	2	0	0	0	1	0	1	5372	7	33	293	277	0	0	35	0	0	1	26	1	0	1	1	0	0	0	0	0	0	0	87	141	87	17	981	99	117	89	0	0	0	4549	0	49	9	31	2	580	61	67	189	16	184	360	168	309	0	59	0	268	0	13	0	0	910	3	0	792
OTU31	0	0	0	0	0	0	0	0	0	0	0	0	2	0	0	0	0	0	0	0	0	0	0	0	0	0	0	0	0	0	6	0	0	0	0	0	0	0	0	0	0	0	0	0	0	1	0	0	0	0	0	0	0	0	0	0	0	0	0	0	0	0	0	1	0	0	0	0	0	0	0	0	0	0	0	0	0	0	0	1	0	0	0	0	0	0	0	0	0	0	0	0	0	0	0	1	0	0	0	0	0	0	0	0	36	0	587	527	93	484	0	5351	24153	0	0	0	0	0	0	0	0	0	0	0	0	0	0	0	0	0	0	0	0	0	0	0	0	0	0	0	0	0	0
OTU32	0	0	0	0	0	0	0	0	0	0	59	24	113	4	2425	225	0	0	2556	0	2	0	0	0	0	0	0	1512	1	8	1725	890	10	16	14	26	235	2	84	0	0	2575	0	0	0	0	0	0	0	3	0	0	0	299	0	0	0	0	0	2	19	1	1281	0	0	0	0	0	0	0	79	0	0	0	0	0	0	0	0	364	0	0	0	0	0	13	0	0	5	0	0	116	1759	0	0	101	0	0	0	1015	0	1	0	0	268	0	0	3	4	0	0	0	4	1960	1557	709	38	1	0	0	0	31	0	0	0	1	10	6	11	507	7	0	0	612	0	0	4732	4995	0	0	0	0	0
OTU33	0	0	0	0	0	0	0	0	10	438	819	274	147	7	432	6050	306	21	120	202	309	552	514	660	3	144	346	757	1328	228	0	287	516	249	97	414	848	1	186	617	362	97	678	89	1861	1	47	6	277	639	2	0	10	455	390	73	967	186	1	0	484	3	54	183	39	252	781	82	306	5	153	208	142	148	345	113	487	454	25	6	46	263	322	405	234	670	639	464	0	281	18	230	254	676	0	1088	821	125	417	241	493	0	348	2	2	0	66	162	11	195	1247	61	39	766	282	163	881	89	932	354	364	222	226	178	164	195	111	497	1018	0	1179	352	285	22	448	1	894	609	363	3	0	2135	233
OTU34	0	0	0	0	0	1	0	0	0	0	0	150	899	37	0	1	0	0	0	0	0	0	0	0	0	0	1	0	0	0	794	0	0	747	11	1	0	0	0	0	0	0	0	0	0	2876	0	0	0	0	0	0	0	0	0	0	1	0	0	0	0	0	0	0	0	0	0	0	0	0	0	0	0	0	0	0	0	0	0	319	0	152	0	0	0	1	502	0	0	0	0	987	0	0	0	1551	0	0	0	3960	0	4020	0	0	1	0	0	0	0	0	0	0	0	0	0	0	41	0	0	0	0	0	0	28	56	168	2380	534	16	0	0	0	0	120	0	4338	0	0	0	0	2764	0	0
OTU35	0	0	0	0	0	0	0	0	0	27	5584	1	0	0	0	0	293	0	0	319	0	0	0	0	0	0	0	0	0	956	0	20	0	4221	28	0	0	0	942	0	27	1	33	2	0	0	0	0	0	2693	0	0	0	134	0	0	0	0	0	0	0	0	0	0	0	0	0	0	0	0	0	0	0	0	0	0	0	0	0	0	0	0	0	1049	0	0	2211	83	0	0	0	2	0	578	0	0	0	22	0	0	0	0	2	0	0	0	0	0	0	0	2400	0	0	20	0	0	87	0	302	0	0	0	0	25	29	31	30	312	665	0	0	0	13	0	0	0	0	0	0	0	0	0	0
OTU36	0	0	0	0	0	0	0	0	23	1590	0	0	0	0	20	0	0	52	26	328	145	310	0	1	363	41	210	0	28	128	0	559	694	7	34	126	7	0	0	0	261	0	117	25	46	0	0	0	0	266	0	0	191	0	587	3207	436	8	0	0	108	1	0	1436	3	226	26	137	556	8	63	114	358	148	160	749	2436	0	25	0	48	0	0	28	72	0	13	3	0	85	104	0	1912	8	0	0	172	386	907	0	614	0	543	48	0	4	254	759	36	33	0	591	152	78	21	14	0	0	3	1244	69	0	0	702	58	28	0	0	0	1	2	29	1430	0	83	0	0	57	258	1	0	0	0
OTU37	0	0	0	0	0	0	0	0	0	29	0	0	0	2	0	0	0	0	0	1	0	0	0	0	0	0	0	0	0	0	0	0	0	0	0	0	0	0	0	0	0	0	0	0	0	1	0	0	0	0	0	0	0	1	1	1168	0	0	0	0	27	0	0	64	0	7	0	0	2630	14	18	117	0	7	0	20	25	0	0	0	24	0	0	0	0	0	0	0	0	0	6	0	0	0	0	1	0	1060	938	0	205	0	360	0	0	0	519	3226	86	13	2	39	2	0	0	0	0	0	0	2	0	0	0	0	0	0	0	0	0	0	0	0	12	0	0	0	0	0	16940	0	0	0	0
OTU38	0	0	45	0	0	0	0	0	375	2	0	123	68	1104	0	0	0	2368	1	47	30	5	0	0	0	1255	0	0	19	0	0	0	9	2	11	16	17	134	0	0	539	0	291	2611	1	0	91	66	0	0	612	1910	1103	0	2	0	576	1079	0	191	1199	438	0	0	475	1	0	1744	0	0	703	0	0	0	0	0	0	1394	585	0	1351	0	0	0	0	0	0	25	4140	1	5979	0	2	450	920	0	0	0	1	0	0	0	16	1117	0	1665	798	68	727	1	0	3	0	0	0	597	1	0	0	1	0	0	0	94	263	1	0	1	0	1023	0	2246	8	0	6	0	1	3	0	15	3	0	0
OTU39	0	0	0	0	0	0	0	0	3	0	0	385	332	2333	0	0	0	89	0	0	0	0	0	0	0	562	0	0	0	0	0	0	0	0	0	0	0	0	0	0	0	0	0	3	0	0	0	278	0	0	4072	3	2	0	0	0	0	0	1	0	0	29	0	0	265	0	0	0	0	0	0	0	0	0	0	0	0	2	0	0	0	0	0	0	0	0	0	0	0	0	2	0	0	0	0	0	0	0	0	0	0	0	0	0	0	14797	0	0	68	0	0	0	0	0	0	0	0	0	0	0	0	0	0	437	1097	12	0	0	0	821	0	0	0	0	0	0	0	0	0	1	3	0	0
OTU40	0	0	0	0	0	0	0	0	0	0	0	6575	10	0	0	0	0	0	0	0	0	0	0	0	0	0	0	0	0	0	0	0	8	3	4	5	99	0	0	0	1043	0	0	0	0	1	0	0	3015	0	0	0	0	230	0	0	372	0	0	0	8	0	0	1	0	0	441	0	0	1	0	0	0	0	0	0	0	0	0	0	0	0	21	98	0	0	0	219	0	0	0	0	0	4	0	1	0	0	0	0	0	0	0	0	0	0	295	161	37	3579	14573	411	349	0	0	0	0	0	1067	0	1	0	0	0	0	0	0	0	0	0	2	18	0	0	371	0	0	0	0	0	0	66	2433
OTU41	0	0	0	0	0	0	0	0	0	0	0	0	0	0	0	0	5951	0	1	0	0	0	1695	0	0	0	0	0	0	0	0	0	0	3316	31	0	0	0	0	0	0	0	0	0	0	0	0	0	0	0	0	0	0	0	0	0	0	0	0	0	0	0	0	0	0	0	0	1	0	0	0	0	0	0	0	0	0	0	0	0	0	0	0	5	0	0	0	0	0	0	0	12361	0	0	0	0	0	0	0	0	0	0	0	0	0	0	0	0	0	0	0	0	0	0	0	0	0	0	0	0	0	1	0	1	0	3	0	12	22	0	5	0	0	0	0	0	0	0	0	0	0	0	0
OTU42	0	0	0	0	0	0	0	0	0	0	0	0	0	0	0	0	0	0	10443	1	1	0	0	0	0	0	0	0	0	0	0	0	0	1	0	0	0	0	0	0	0	8256	0	0	0	0	0	0	0	0	0	0	0	0	0	0	0	0	0	0	0	0	5683	0	0	0	0	0	0	1	0	0	0	0	0	0	0	0	0	0	0	0	0	0	0	0	0	0	0	0	0	0	0	0	0	0	0	0	0	0	0	0	0	0	0	0	0	0	0	0	0	0	0	0	0	0	0	0	1	0	0	0	0	0	0	0	0	0	0	0	0	0	0	0	1	0	0	0	0	0	0	0	0
OTU43	0	0	0	0	0	0	0	0	0	66	0	0	0	0	0	0	0	0	268	16	1576	3190	0	0	1	0	0	0	0	0	0	0	0	0	0	0	0	0	0	0	0	0	0	0	0	0	0	0	0	0	0	0	0	0	694	0	4	0	1	0	0	0	0	0	0	4615	0	15	0	0	0	0	0	12	4	9078	0	0	0	0	0	0	0	0	0	0	0	0	0	1	0	0	37	0	0	1	0	0	182	0	1	0	0	0	0	0	11	5	1	11	0	89	21	0	0	0	0	0	0	4	0	0	13	1317	0	0	0	0	0	0	49	0	726	0	0	0	0	0	584	0	0	0	0
OTU44	0	0	0	0	0	0	0	0	0	0	0	3	2	21	0	0	0	4773	0	0	0	0	0	0	0	295	0	0	0	0	0	0	0	0	0	0	0	2	0	0	0	0	0	0	0	0	0	141	0	1	961	20	3274	0	0	0	0	4	0	0	2	0	0	0	0	0	0	0	0	0	2	0	0	0	0	0	0	18	1	0	14	0	0	0	0	0	0	0	0	0	6	0	0	0	2476	0	0	0	0	0	0	0	0	6246	0	762	83	19	1233	0	0	1	0	0	8	3133	0	0	0	0	0	0	0	2	8	0	0	0	0	0	0	0	0	0	0	0	0	0	0	51	0	0	0
OTU45	0	0	0	0	0	0	0	0	0	0	1	0	0	0	0	0	0	0	0	0	0	0	0	0	0	0	0	0	0	2	3	0	0	0	0	0	0	0	0	0	0	0	0	0	0	0	0	0	0	0	1	0	0	0	0	0	0	0	0	0	0	0	0	0	0	0	0	0	0	0	0	0	0	0	0	0	7812	0	0	0	0	1	0	0	0	0	0	0	0	0	0	0	0	0	0	0	0	0	0	0	0	0	0	0	0	1	0	0	0	0	0	0	1	0	0	0	0	0	0	3	0	0	19573	0	0	0	0	0	0	0	0	0	0	1	0	1	0	0	0	0	0	9	0
OTU46	0	0	0	0	0	0	0	0	0	4290	0	0	0	0	0	0	0	0	0	569	0	4	0	37	12193	0	4	0	0	0	0	0	0	0	0	0	0	0	190	0	0	0	0	0	0	0	0	0	0	0	0	0	0	0	2	0	0	0	0	0	0	0	0	0	0	11346	0	0	2	0	0	0	0	1	0	0	0	0	0	0	0	0	0	1	0	0	1	0	0	0	0	0	0	0	0	0	0	1	0	0	0	0	0	0	0	0	105	717	21	1	0	7	3	0	0	0	0	0	0	0	0	0	0	0	0	0	0	0	0	0	453	0	573	0	0	0	0	0	2813	0	0	0	0
OTU47	0	2	0	0	0	0	0	0	0	1	0	1	0	0	0	0	0	0	0	0	12	11	0	0	0	0	0	0	3	0	0	0	1293	250	2201	16084	1131	0	0	0	0	0	0	0	0	0	0	0	0	0	0	0	0	0	6	7	0	0	0	0	0	0	0	0	0	0	0	0	0	0	0	0	0	0	0	0	0	0	0	0	0	0	0	1	2	0	0	0	0	5	0	0	0	0	0	0	0	0	0	0	0	0	0	0	0	0	4	1	0	0	0	3	0	0	0	0	0	0	0	0	5	0	0	0	0	0	0	0	0	0	0	0	0	0	0	0	0	0	0	0	0	0	0
OTU48	0	0	0	0	0	0	0	0	20	1219	1	125	115	1108	2750	0	0	0	62	208	263	567	0	0	661	2783	1	0	0	0	1	0	402	13	41	373	23	0	0	0	0	0	0	0	0	0	0	0	0	0	0	0	0	0	432	166	0	251	0	0	258	0	0	1587	0	1047	0	1948	5342	22	30	803	1911	778	135	28	35	70	81	1	160	0	0	0	0	0	0	79	0	0	0	0	761	134	249	0	2092	2	8	0	41	1	12795	0	0	4	350	227	30	145	0	2224	570	0	2540	1067	0	0	0	1	0	0	385	507	7	0	1	0	0	2176	0	0	600	0	10	0	0	4993	219	0	1	0	0
OTU49	0	0	0	0	0	0	0	0	0	64	0	0	0	0	0	0	0	0	43	16	136	340	0	0	0	233	659	0	0	0	0	0	0	0	0	0	0	0	0	0	0	0	0	0	0	0	0	0	0	0	0	0	0	0	1	0	5	0	0	0	0	0	0	4	0	0	0	1602	6	6	1	26	11	14	418	0	37	0	0	0	0	0	0	0	0	0	0	0	1	0	0	0	106	0	0	0	885	0	995	0	0	0	13	3916	0	0	0	0	0	0	0	0	0	0	0	0	0	0	0	8	0	0	0	9	0	0	0	0	0	0	0	0	18	0	0	0	0	0	0	13985	0	0	0
OTU50	0	0	0	0	0	0	0	0	0	0	0	65	244	11	0	0	1	0	7934	0	0	0	0	0	0	0	0	172	0	0	0	0	4	1	118	10	109	0	0	0	0	7130	0	0	0	0	0	0	0	0	0	0	0	0	0	0	0	0	0	0	0	1	5209	0	0	0	0	2	0	0	0	0	0	0	0	0	0	0	0	0	0	3	0	0	0	0	0	0	0	0	0	2	0	0	0	0	0	0	0	0	0	0	1	0	0	0	0	0	0	0	0	0	2	12	0	0	1	0	1	0	0	0	0	0	0	1	0	1	0	0	1	0	0	0	0	0	0	0	0	0	0	0	0
OTU51	0	0	26	0	0	0	0	0	13	4	0	993	3445	132	0	0	0	0	0	7	1	0	61	4	0	1	0	244	0	4	17	0	78	21	143	188	1927	5	0	0	0	0	60	7	0	0	0	0	540	19	0	0	0	0	1	1	179	0	0	0	110	0	0	1	0	0	2010	269	0	0	479	0	0	0	0	0	0	0	0	0	12	0	2420	0	0	0	0	4	0	1	6	0	0	0	0	0	0	1	178	5	102	0	0	0	0	0	44	48	7	547	2332	91	50	86	1	0	1250	0	97	0	1	4	46	1	0	0	1	2	3	0	0	2503	25	80	33	0	0	1	0	0	2	0	494
OTU52	0	0	0	0	0	0	0	0	0	0	5	1192	964	15	0	46	0	0	0	0	0	0	5	0	0	0	0	767	0	0	265	0	3	121	117	6	45	0	0	0	0	0	4	0	0	49	710	0	319	0	0	0	0	0	0	0	0	0	0	0	42	0	0	0	0	0	0	0	0	0	132	0	0	0	0	0	0	0	0	0	0	0	2	213	0	7	68	0	0	0	0	0	0	2520	0	0	0	0	0	0	0	136	0	0	13	0	26	23	3	394	0	45	57	0	0	0	0	0	0	0	0	4	192	5	12	17	131	70	166	0	38	3756	0	2	2713	2153	0	0	0	0	3248	0	250
OTU53	0	0	0	0	0	0	0	0	2	11	0	0	0	0	3247	0	0	2880	0	33	0	0	0	0	0	0	0	0	0	0	0	0	0	0	0	0	0	0	0	0	33	0	0	0	1	0	5	3876	0	0	293	10	2	0	0	0	0	203	0	19	0	1611	0	0	0	0	0	0	0	0	0	1	0	0	0	0	1	66	356	0	0	0	0	0	0	1	0	0	0	0	0	0	0	0	6	1	0	0	0	0	0	0	0	2949	0	1030	2037	166	203	0	0	4	0	0	2864	1132	0	0	0	0	0	0	0	0	7	0	0	0	0	1049	0	155	9	0	0	0	0	6166	0	0	0	0	0
OTU54	1	0	0	0	0	0	0	0	0	0	0	0	0	0	0	20	55	0	0	0	0	0	0	2	0	0	0	0	0	0	0	1514	0	100	0	0	0	0	4619	1561	0	0	2	0	0	0	0	0	0	0	0	0	0	0	0	0	0	0	0	0	0	0	0	0	0	0	0	0	0	0	0	0	3	0	0	0	0	0	0	0	0	0	0	0	0	298	46	0	0	0	0	0	0	0	0	0	1	0	0	0	0	0	0	0	0	0	0	0	0	0	674	0	0	908	0	0	0	0	0	0	0	0	0	2	2	2	7	75	141	0	3897	0	0	0	0	0	1	0	0	0	0	5196	0
OTU55	0	0	0	0	0	0	0	0	0	1	0	0	0	0	0	0	0	0	0	5	0	0	0	0	0	0	0	0	0	10	0	1239	282	325	15261	151	68	0	0	0	7	0	112	13	0	0	0	0	0	27	0	0	0	202	8	0	0	0	0	0	0	0	0	0	0	0	0	0	2	0	0	1	0	0	0	0	0	0	0	0	0	0	0	0	0	0	0	14	0	0	0	0	0	0	0	0	0	0	0	0	0	0	0	0	0	0	0	0	0	0	0	0	0	0	0	0	0	0	457	0	0	0	0	0	0	0	0	0	0	0	0	0	0	0	0	0	0	0	0	0	0	0	0
OTU56	0	0	0	0	0	0	0	0	524	7	0	8	15	67	5	7	0	1177	4	21	1	0	0	0	0	56	1	235	103	39	0	0	95	13	111	168	335	886	1	0	629	7	112	621	0	1	907	57	38	54	0	279	295	0	210	0	195	80	0	216	348	243	7	0	230	0	793	727	1141	10	161	91	10	0	0	86	64	324	300	1	408	82	0	9	0	66	3	80	3470	0	806	0	84	85	214	12	0	142	1274	2	980	0	0	467	1	3	75	62	3	18	311	4	2	19	4	4	56	0	0	0	0	1	0	71	21	0	24	0	2	3	184	636	3	2	414	0	5	8	110	924	0	4	8
OTU57	0	0	0	0	0	0	0	1	1	6	0	0	0	0	0	0	0	0	0	0	0	0	0	0	7922	0	0	0	0	0	0	0	0	0	0	0	0	0	0	0	0	0	0	0	0	0	0	0	0	0	0	0	0	0	0	75	0	0	0	0	2	0	0	0	0	0	0	2	1	0	0	0	7	0	0	0	16	0	0	0	0	0	0	0	0	0	0	0	0	0	0	0	2281	0	0	0	0	0	1509	0	5	0	5942	0	0	0	26	161	9	2	0	42	13	0	0	0	0	0	0	0	2	0	0	0	0	0	0	0	0	0	0	0	9	0	0	0	0	0	0	0	0	0	0
OTU58	0	0	0	0	0	0	0	0	0	0	0	113	626	33	0	0	0	0	0	0	0	0	0	0	0	0	0	0	0	0	0	0	3	1	83	0	0	0	0	0	0	0	0	0	0	0	0	0	0	0	0	0	0	0	0	0	0	0	0	0	0	0	0	0	0	0	0	0	0	0	0	0	0	0	0	0	0	0	0	1721	0	4592	0	44	0	0	0	0	0	0	0	0	0	0	0	0	0	0	0	0	0	0	0	0	10666	0	0	0	0	0	0	0	0	0	0	0	73	0	0	0	0	0	0	0	0	0	0	0	0	0	0	0	0	0	0	0	0	0	0	0	0	0	0
OTU59	0	0	0	0	0	0	0	0	42	0	0	0	0	0	7	0	0	0	0	0	0	0	0	0	0	0	0	0	0	0	0	0	0	0	0	0	1	0	0	0	299	0	0	0	0	0	0	8586	6	0	0	0	0	0	31	0	0	0	0	0	778	0	0	0	0	0	0	0	63	7	463	19	0	0	37	224	0	1	3096	0	647	0	0	0	0	0	0	0	0	0	4259	0	267	0	0	0	0	0	1	0	0	0	0	0	0	0	2812	217	95	10	0	8	1	0	6	0	0	0	1	0	0	0	0	0	0	0	0	0	0	0	0	0	0	0	0	0	0	14	0	3776	0	0	7
OTU60	0	0	0	0	0	0	0	0	0	0	0	0	1	0	0	0	10	0	0	0	0	0	0	0	0	0	0	0	1	0	0	931	0	0	0	0	0	0	0	1	0	0	1	0	1	0	0	0	0	0	0	1	0	0	0	0	7	0	0	0	0	0	0	0	0	0	0	0	1007	1390	0	2764	0	1	12789	0	0	0	7	0	0	0	1	0	0	0	0	0	4	0	0	0	0	0	0	0	0	0	0	0	0	0	0	0	0	0	1	0	0	0	0	0	0	0	0	0	0	0	0	0	0	0	0	0	0	0	0	0	0	0	0	1	0	0	0	0	0	0	0	5	0	0	0
OTU61	0	0	0	0	0	0	0	0	5	0	3	0	0	0	0	0	0	0	0	3	0	0	1	3673	1	0	0	403	0	0	0	0	5	5	14	5	131	0	3692	639	0	0	2	0	0	0	0	0	0	3	0	0	0	0	0	0	0	0	0	0	118	0	0	0	0	0	0	0	0	0	534	0	0	0	0	0	0	0	0	0	5	66	0	0	0	575	184	0	0	0	1	0	0	0	0	0	2	0	0	0	0	0	0	0	0	0	0	0	0	1	0	0	11	0	1	0	0	0	289	0	0	7675	0	10	9	23	167	112	181	0	112	0	0	424	0	0	3	0	0	0	0	0	0
OTU62	0	0	0	0	0	0	0	0	1	3	16	0	0	0	0	4406	11	0	0	0	0	0	0	182	0	0	0	0	0	27	0	0	72	79	3265	20	16	0	0	9	1	0	3	0	0	2397	0	0	0	16	0	0	0	6	0	0	0	0	0	0	1	0	0	0	0	0	0	0	0	0	14	0	0	0	0	0	0	0	0	0	1	0	0	13	0	869	0	0	0	0	0	0	0	0	0	0	0	0	0	0	0	0	0	0	0	0	0	0	0	0	0	0	0	0	0	0	1865	0	0	0	0	0	0	1	1	0	1	9	23	0	12	0	0	3685	0	0	160	0	0	0	0	0	0
OTU63	0	0	0	0	0	1	0	0	12	0	965	372	1413	49	0	251	10	0	44	0	0	0	819	56	0	0	1	780	0	10	471	0	33	727	61	67	731	0	464	9	0	50	53	3	0	0	0	0	293	0	0	0	0	0	0	0	0	0	0	0	215	0	34	0	0	0	0	1	0	0	1402	0	0	0	0	0	0	0	0	0	6	1826	57	256	0	2658	2735	1	0	0	2	25	0	258	0	983	0	0	0	8	0	39	0	0	68	0	39	28	7	306	67	51	193	20	1	0	33	3657	345	1	0	357	185	128	136	198	625	2451	3069	0	137	3594	0	47	2018	942	1814	0	0	0	309	359	265
OTU64	0	0	0	0	0	0	0	0	26	0	141	0	0	0	0	35	413	0	0	13	0	0	0	6	0	0	0	0	0	35	0	0	0	0	1	0	0	0	511	7	0	0	1417	213	0	0	0	0	0	98	0	0	0	505	0	0	0	0	0	0	416	0	0	0	0	0	1	0	0	0	2058	1	0	0	0	0	0	0	0	0	13	0	0	2004	0	59	370	0	0	0	5	0	0	0	0	0	0	0	0	0	0	1	1	0	0	0	0	1	0	0	0	0	0	0	0	0	0	1614	71	0	0	1	0	265	262	207	325	1650	3407	0	278	0	0	0	0	1	2	0	0	0	0	0	0
OTU65	0	0	0	0	0	0	0	0	7	11	1163	70	285	13	1	6	208	0	13	53	0	0	413	315	0	6	0	505	0	170	563	7	15	945	41	50	458	1	1215	186	20	6	23	4	0	484	0	0	2	355	0	0	0	437	0	0	8	0	0	0	107	0	2	0	0	0	3	0	0	0	341	0	0	0	0	0	0	0	0	591	0	644	14	339	0	118	643	332	0	0	0	468	0	5	0	463	0	5	0	231	0	390	0	0	918	0	49	45	6	40	291	300	1408	100	0	0	140	4	299	0	0	275	0	31	34	68	181	410	645	1	89	0	3	128	0	409	18	0	0	1	706	124	8
OTU66	0	0	0	0	0	0	0	0	2	28	0	0	0	0	0	0	0	0	4	93	57	7	0	0	0	0	0	0	318	0	0	0	197	43	310	382	533	4532	0	0	0	0	0	0	0	0	0	9163	0	2	3	0	0	0	0	0	0	104	0	0	27	0	0	0	3	0	0	0	0	0	12	1	1	0	0	0	0	0	2503	0	198	0	0	0	0	0	0	0	0	0	0	0	0	0	25	0	0	0	0	0	0	0	0	0	0	0	0	0	0	0	0	0	0	0	0	0	0	0	0	0	0	0	0	1	7	0	0	0	0	0	0	0	19	0	0	0	0	0	0	41	0	1	0
OTU67	0	0	0	0	0	0	0	0	79	11	453	82	135	65	51	45	111	88	30	51	7	6	48	687	120	125	41	147	296	23	99	5	156	50	145	99	39	1	5	51	152	61	711	200	536	0	6	1	107	16	5	79	37	26	407	182	88	1	0	6	72	0	24	33	71	1	31	101	27	0	61	13	87	114	19	156	23	2	11	288	7	19	279	172	8	769	417	149	0	16	1	948	1009	566	1	33	27	31	181	1	35	362	154	75	109	18	51	52	43	115	63	95	261	820	29	12	382	812	226	15	8	542	23	53	6	15	20	228	103	10	288	191	24	5	927	78	265	93	6	1	400	213	62
OTU68	0	0	0	0	0	0	0	0	34	0	280	0	0	0	0	0	0	0	0	0	0	0	0	0	0	1	0	225	0	0	0	0	0	1682	8	0	0	0	0	0	0	0	0	0	0	0	0	0	0	0	0	0	0	0	0	0	1	0	0	1	1154	0	0	0	0	0	1	0	0	0	6446	0	0	0	0	0	0	0	0	4064	28	1057	0	0	0	0	248	4	0	0	9	1	0	2	0	0	0	0	0	0	0	0	0	0	0	0	0	1	0	0	0	0	0	0	0	0	0	0	0	0	0	0	0	2	0	0	0	3	4	0	0	0	0	0	0	0	0	0	0	0	1	0	0
OTU69	0	0	0	0	0	0	0	0	29	0	0	0	0	0	0	0	0	0	0	0	0	0	0	0	0	0	0	0	0	0	0	0	0	0	0	0	0	0	0	0	0	0	0	0	0	0	2318	0	1	0	0	0	399	0	0	0	0	5065	0	0	843	0	0	0	16	0	0	0	0	0	591	0	0	0	0	0	0	0	0	0	577	0	0	0	0	0	0	0	0	0	5074	0	0	0	0	0	0	0	0	0	0	0	0	0	0	0	0	0	0	0	0	0	0	0	0	1065	0	0	0	0	0	0	0	49	155	2	0	0	0	0	0	0	0	0	0	0	0	0	0	0	0	0	0
OTU70	1	0	13	0	0	0	0	1	386	19	551	187	2	2	0	2550	321	4	4	66	10	16	305	944	49	680	0	64	0	101	3	247	465	4	21	45	85	0	120	43	3098	1	704	107	0	1	45	0	281	225	0	0	0	608	385	1427	1674	0	0	0	574	0	0	112	678	114	0	149	383	1	20	31	4	44	28	1231	49	113	1	0	3	0	0	562	258	307	914	153	0	302	0	0	182	1097	0	4	205	166	1426	1	7	0	488	0	0	0	97	174	244	328	1264	309	90	68	0	0	151	0	2361	46	359	3	15	331	9	27	1	71	93	1	311	247	136	1	203	0	18	0	591	13	0	240	219
OTU71	0	0	0	0	0	0	0	0	335	1	0	52	18	297	0	0	0	0	2	0	12	21	0	7896	0	0	0	0	0	0	0	0	1085	17	25	0	0	0	0	0	3704	0	1155	116	0	0	0	0	0	0	0	0	0	0	2535	0	843	0	0	0	4	0	0	0	2	0	3	0	0	0	0	0	42	0	0	335	1	39	0	0	0	0	3143	1537	2	0	0	1713	0	2	0	0	0	0	0	0	0	8	0	0	0	0	0	0	0	0	285	1539	52	3	0	15	0	0	1	0	0	0	0	0	6	0	1	166	5	0	0	0	0	0	1	8	0	0	2447	0	0	0	0	0	2	0	0
OTU72	0	0	0	0	0	0	0	0	0	187	0	30	107	2	22	432	0	0	0	339	0	0	1320	0	0	0	0	0	0	1040	0	0	0	0	0	0	0	0	0	0	38	10	5	2	1	6	0	0	0	2307	0	0	0	0	736	1	0	0	0	0	107	0	1	0	0	0	0	0	0	0	5	0	0	1	0	0	0	0	0	2	0	0	0	62	0	141	0	14	0	0	0	1980	5	0	0	18	0	0	0	0	0	0	6	0	0	0	0	0	0	0	0	0	0	0	17	8	4084	0	0	0	0	0	16	6	2	3	3	48	89	0	0	0	50	0	0	0	21	49	0	0	0	6	0
OTU73	0	0	0	0	0	0	0	0	32	13	28	70	549	17	219	160	150	55	573	40	81	142	5	655	6	0	91	310	6	154	82	623	71	135	197	103	719	1	366	1404	4	650	404	87	9	138	0	0	0	378	2	0	47	457	6	12	0	0	0	16	408	6	441	3	0	9	0	1	32	2	1575	84	51	11	133	2	5	0	0	438	20	199	0	204	40	742	74	1	1	65	3	0	104	12	0	1081	133	9	83	402	17	0	188	7	27	85	5	15	26	0	0	1	0	727	167	68	1165	524	57	3	60	1	0	66	64	117	428	334	673	16	263	1	4	98	0	41	1185	361	20	0	0	0	0
OTU74	0	0	0	0	0	0	0	0	10	0	0	31	24	279	0	0	0	0	1	0	0	0	0	0	0	561	0	0	0	0	0	0	0	0	0	0	0	0	1	0	0	0	0	0	0	0	27	0	1	0	339	78	0	0	0	0	0	656	0	0	237	7	0	0	1423	0	0	0	0	0	165	0	0	0	0	0	0	6239	270	0	326	0	0	0	0	0	0	0	0	0	2311	0	0	0	0	0	0	0	0	0	0	0	0	0	0	0	0	0	0	0	0	0	0	0	4	375	0	0	0	0	0	0	0	0	0	0	0	0	0	0	0	0	0	0	0	0	0	0	0	272	1	0	0
OTU75	0	0	0	0	0	0	0	0	0	72	76	915	4	0	0	0	16	0	0	71	0	0	101	0	0	412	0	0	0	815	0	61	0	0	0	0	0	0	0	1	7	0	2	3	0	2831	0	0	0	0	0	0	0	0	0	0	9	0	0	0	0	0	0	0	0	0	0	0	0	1	0	0	0	0	0	0	0	0	0	0	0	2	15	0	0	0	2838	3	0	0	0	0	2	1	2	0	2	1	0	0	0	0	1	0	11	0	0	0	0	0	2	0	0	3574	0	0	60	0	0	0	0	0	25	1	28	129	1428	19	25	0	70	1	18	0	0	14	0	0	0	0	0	20	0
OTU76	0	0	0	0	0	0	0	0	0	0	0	2	9	1	0	0	0	0	0	0	3	0	0	0	0	0	0	92	0	0	3	0	0	328	9	0	0	0	0	3	0	0	0	0	0	0	0	0	0	0	0	0	0	0	0	0	0	0	0	0	0	0	0	0	0	0	0	0	0	1	1	0	0	0	0	0	0	0	0	0	0	0	0	0	0	68	0	0	0	0	0	0	0	0	0	5012	0	0	0	20	0	0	0	0	0	0	0	0	0	0	0	0	0	0	0	0	0	0	0	0	0	0	0	9	12	69	692	30	70	0	174	1	0	0	0	0	441	0	0	0	5111	1	0
OTU77	0	0	0	0	0	0	0	0	0	36	454	0	6	3	4	1	81	0	1	124	37	35	8	14	1	15	26	1725	5	271	2	2223	53	62	23	84	20	0	249	0	0	4	600	80	10	377	0	0	0	835	0	2	9	3479	107	0	0	0	0	3	7	0	0	2	0	1	131	9	256	6	9	78	41	4	56	46	347	0	2	4	7	0	0	61	37	2	533	0	0	52	2	2	68	0	1	0	522	10	7	1	4	0	178	2	10	20	46	26	13	21	0	306	144	16	2	1	4	0	18	46	64	0	0	49	77	310	16	64	6	18	13	0	26	43	0	0	0	12	7	0	14	0	0
OTU78	0	0	0	0	0	0	0	0	2	0	370	0	0	0	0	0	4	0	0	4	0	0	1078	532	0	0	0	0	0	16	0	0	3	1	1	4	69	0	0	0	22	0	301	42	0	0	0	0	0	21	0	0	0	331	0	0	55	0	0	0	48	0	0	0	0	0	2119	0	0	0	2	0	0	0	0	0	0	0	0	0	0	0	558	28	0	0	0	977	0	0	0	0	106	2105	0	1	0	0	0	0	0	0	0	0	0	0	0	0	0	0	0	0	0	0	0	0	0	0	1944	0	0	0	4	0	0	0	0	0	0	0	1601	60	2	0	0	0	0	0	0	0	0	1340	0
OTU79	0	0	0	0	0	0	0	0	1	0	0	0	0	0	0	0	0	0	0	0	0	0	0	0	0	73	0	1	0	0	0	418	60	68	3090	25	18	0	0	0	0	0	57	3	0	0	0	0	0	0	0	0	0	0	0	0	0	0	0	0	137	0	0	0	0	0	0	0	0	0	3	0	0	0	0	0	0	0	0	0	0	0	0	0	0	0	0	0	0	0	0	0	0	0	0	0	0	0	0	0	0	0	0	0	0	0	0	0	0	0	0	0	0	0	0	0	0	0	0	0	0	0	0	115	123	195	226	2176	4640	0	0	29	0	0	2461	0	0	0	0	0	0	1	0
OTU80	0	0	0	0	0	0	0	1	41	29	295	200	120	48	0	111	93	10	84	64	22	55	205	105	12	2	11	499	20	26	392	51	72	140	192	160	394	0	30	46	118	84	163	30	15	387	157	0	188	15	0	0	1	44	58	80	199	0	0	0	232	3	56	6	130	5	61	11	73	3	237	20	7	63	8	79	8	189	0	178	10	217	1371	73	38	1049	202	813	1	37	3	583	103	611	0	579	109	24	127	571	21	150	10	6	172	0	27	82	8	165	489	59	262	127	0	0	92	1477	88	77	45	30	255	36	49	99	101	239	373	297	701	67	46	175	766	68	1775	0	23	0	20	1152	120
OTU81	0	0	1	0	0	0	0	2	11	68	203	561	48	341	519	3	84	0	0	428	27	5	3	21	0	434	103	271	23	177	7	20	32	53	79	6	0	0	0	0	1104	0	18	124	33	25	145	15	1672	485	15	0	16	3	3343	7	700	330	0	4	406	2	0	81	2745	31	2041	0	0	0	24	1	1	195	12	0	0	0	57	7	2	3	31	26	1	8	35	907	10	0	6	14	4	292	0	25	20	427	11	34	2	6	0	104	7	0	336	167	31	1417	515	646	254	168	448	267	8	0	12	0	0	2	24	15	16	9	1	24	29	42	51	374	50	0	1192	0	290	1001	0	0	23	3822	1660
OTU82	0	0	0	0	0	0	0	0	30	0	0	0	0	0	0	0	0	0	0	0	2	0	0	0	0	0	0	0	0	0	0	0	0	0	0	0	0	0	0	0	0	0	0	0	0	0	1	1	3213	0	0	0	0	0	0	0	166	0	0	0	2165	0	0	0	0	0	4951	0	0	0	59	0	0	0	0	0	0	0	2	0	3	0	0	222	945	0	0	0	0	1071	0	0	0	13	0	0	0	0	0	0	0	0	0	0	0	0	484	253	53	3623	26	557	444	0	0	0	0	0	0	0	1141	0	0	805	2090	12	0	0	0	29	0	0	0	2	2	0	0	0	1093	0	0	0	2487
OTU83	0	0	0	0	0	0	0	1	4	65	0	0	0	0	0	0	0	0	52	17	0	0	0	0	1	0	81	0	0	0	0	0	13	0	4	2	1	0	0	0	0	81	0	0	0	0	0	0	0	0	0	0	0	0	3	222	0	0	0	0	99	0	36	406	0	43	0	338	67	0	44	7	1	22	158	1534	4	0	1	0	69	0	0	0	2	0	0	0	0	1	22	0	538	0	0	0	0	542	111	0	949	0	851	0	0	0	0	1	0	0	0	0	0	0	0	0	0	0	0	6683	3	0	0	0	0	0	0	0	0	0	0	0	32	0	0	0	0	0	1	0	0	0	0
OTU84	0	0	0	0	0	0	0	0	0	54	0	0	0	0	0	0	0	0	0	559	0	0	0	0	0	0	0	0	0	1703	0	0	0	0	0	1	0	0	0	0	0	0	0	0	0	0	0	0	0	4632	0	0	0	0	2	0	0	0	0	0	0	0	0	0	0	0	0	0	5	0	0	20	0	0	0	0	663	0	0	0	0	0	0	0	0	0	0	0	0	0	0	0	0	0	0	0	0	0	0	0	0	0	0	0	0	0	0	0	0	0	0	0	0	0	0	0	0	0	0	0	0	0	0	0	0	0	0	0	0	0	0	0	12	0	0	0	0	0	0	0	0	0	0
OTU85	0	0	0	0	0	0	0	0	63	0	0	48	48	475	1	0	0	9365	0	0	0	0	0	0	0	0	0	0	0	1	0	0	0	0	0	0	0	0	0	0	1	0	0	1	0	0	207	3	0	0	49	6	383	0	0	0	0	0	0	0	1	0	0	0	4	0	0	0	0	0	0	0	0	0	0	0	0	10	7	0	1	0	0	0	0	0	0	0	0	0	2	0	0	0	0	0	0	0	0	0	0	1	0	0	0	6	1529	152	41	0	0	9	0	0	2	1174	0	0	0	0	0	0	0	0	0	0	0	0	0	0	0	0	0	0	0	0	0	5	0	0	1	0	0
OTU86	0	0	0	0	0	0	0	0	8	0	0	228	1340	37	0	0	0	0	913	0	0	0	3	3	0	0	0	338	0	1	141	0	13	335	10	15	189	0	17	0	0	1171	9	1	0	2452	0	0	0	0	0	0	0	0	0	0	0	0	0	0	58	0	670	0	0	0	2	0	0	0	260	0	0	0	0	0	0	0	0	1	2	195	0	24	0	4	95	0	0	0	0	6	0	0	0	29	0	0	0	13	0	1268	0	0	444	0	13	13	0	16	7	74	419	0	0	0	3	0	0	0	0	84	43	21	30	50	400	362	196	0	4	853	0	17	1	942	0	0	0	0	2331	158	5
OTU87	0	0	1	0	0	0	0	0	4	0	182	1236	588	32	0	0	0	0	1401	4	0	0	162	179	0	0	0	561	0	65	166	0	28	192	997	27	128	0	487	425	109	1762	8	1	0	1	0	0	492	22	0	0	0	48	0	0	55	0	0	0	213	1	1308	0	0	0	36	0	0	0	1071	0	0	0	0	0	0	1	0	16	3	0	442	160	0	799	1579	89	0	0	1	44	0	562	0	48	0	0	0	0	0	1289	0	0	375	1	46	37	4	429	566	91	144	7	0	0	51	0	168	0	0	6	530	4	4	9	133	106	71	0	19	1759	0	32	351	1052	740	0	0	0	2939	365	529
OTU88	0	0	1	0	0	0	0	1	109	592	818	26	71	9	432	52	725	22	51	239	127	335	181	319	35	598	73	81	32	331	104	468	289	53	381	1941	364	1	1024	347	411	11	450	181	54	95	7	40	137	753	6	51	5	194	348	213	511	11	0	0	110	3	9	299	50	33	1071	16	135	2	24	76	32	129	31	63	140	95	5	71	15	69	11	272	50	492	419	245	20	52	16	223	945	188	1	82	654	134	52	22	92	9	186	17	179	83	103	102	33	134	432	429	242	1151	312	147	32	1	1651	17	41	39	16	116	75	186	16	44	61	385	69	162	227	32	88	7	11	840	173	2	0	42	117
OTU89	0	0	0	0	0	0	0	0	0	0	0	0	0	0	3203	0	0	0	0	0	0	0	0	0	0	0	0	0	0	0	0	0	0	0	0	0	0	0	0	0	0	0	0	0	0	0	0	0	51	0	0	0	0	0	0	0	460	0	0	0	1	0	0	0	0	0	0	0	0	0	0	0	0	0	0	0	0	0	0	0	0	0	0	0	0	0	0	0	0	0	0	0	0	0	2	0	0	0	0	0	1	0	0	0	0	0	5	5	1	85	0	13	8	0	2338	1079	0	0	0	0	0	0	1	0	0	0	0	0	0	0	0	0	0	0	0	0	0	6106	0	0	0	0	43
OTU90	0	0	0	0	0	0	0	0	2	0	2637	39	177	7	0	0	192	0	2433	7	0	0	66	7	0	0	0	585	0	50	76	0	35	150	550	71	686	0	93	4	0	2569	14	2	0	955	0	0	0	68	0	0	0	58	0	1	0	0	0	0	81	0	1314	0	0	0	0	0	0	0	569	0	0	0	0	0	0	0	0	2400	1	1490	0	452	0	45	932	0	0	0	1	1375	0	0	0	588	0	0	0	44	0	1498	0	0	81	0	2	0	0	2	0	17	63	2060	0	0	57	0	106	0	0	39	68	42	50	80	146	928	1682	0	765	0	0	96	0	1292	0	0	0	0	954	1007	0
OTU91	0	0	75	0	0	0	0	0	0	707	0	7	8	57	187	0	0	0	0	95	0	0	0	0	0	0	0	0	0	0	0	0	0	0	0	0	0	0	0	0	0	0	181	1744	0	0	0	0	27	0	0	0	0	0	0	0	0	0	0	0	3	0	0	0	563	0	0	0	0	0	7	0	0	0	0	0	0	0	0	0	2	0	0	1	1	0	0	0	0	0	41	0	3456	7466	0	0	0	0	0	0	0	0	0	0	0	20	4	9	0	48	0	1	2	0	150	66	0	0	0	0	2	0	2	16	42	0	0	0	0	0	0	0	105	0	0	0	0	386	126	0	0	0	34
OTU92	0	0	0	0	0	0	0	0	0	11	0	0	0	0	0	0	0	0	0	57	0	0	0	0	0	580	0	0	0	0	0	0	0	0	0	0	0	0	0	0	1682	0	0	6	1	0	389	219	0	0	0	3150	0	0	0	0	49	0	0	0	0	437	0	0	93	0	0	0	0	0	0	0	0	0	1	0	0	30	3368	0	0	0	0	0	0	0	0	0	0	0	0	0	0	1	0	0	0	0	0	0	0	0	0	136	0	0	109	8	6	0	0	1	0	0	0	0	0	0	0	0	0	0	0	563	1548	8	0	0	0	0	0	31	8	0	0	0	0	0	0	1782	0	0	0
OTU93	0	0	0	0	0	0	0	0	0	1	2899	83	295	16	3	0	19	0	138	10	3	8	100	70	6	0	170	58	136	74	692	38	70	248	334	80	33	0	81	50	0	128	67	8	186	0	0	0	46	27	0	0	0	37	83	20	0	0	0	0	17	0	68	2	0	11	3	33	7	2	71	18	19	51	87	24	28	0	0	172	2	105	3	121	6	12	122	31	0	5	2	21	180	3	0	3	507	54	75	44	48	83	11	0	24	0	10	67	4	46	21	24	30	1170	1	1	101	0	63	246	12	104	15	42	133	667	220	37	7	0	6	27	4	70	126	410	20	8	8	0	199	1	25
OTU94	0	0	0	0	0	0	0	0	0	0	0	0	0	0	0	0	0	0	0	0	0	0	0	0	0	1452	0	0	0	0	0	0	0	0	0	0	0	0	0	0	0	0	0	0	0	0	0	0	0	0	0	0	0	0	0	0	1139	0	0	0	0	0	0	0	0	0	1773	0	0	0	0	0	0	0	0	0	0	0	0	0	0	0	0	0	0	0	0	0	0	0	0	0	0	4232	0	0	0	0	0	0	0	0	0	0	0	0	0	0	0	0	224	0	0	0	0	0	0	0	0	0	0	0	874	0	0	0	0	0	0	0	0	0	0	0	0	0	0	0	0	0	0	0	0
OTU95	0	0	0	0	0	0	0	0	287	1	0	0	0	0	0	0	0	1163	0	4	0	0	0	0	0	0	0	0	0	0	0	0	0	0	0	0	0	0	0	0	0	0	0	0	0	0	2314	0	0	0	80	0	0	0	0	0	0	0	0	0	2	3808	0	0	0	0	0	0	0	0	0	0	0	0	0	0	0	0	4235	0	0	0	0	0	0	0	0	0	0	0	0	0	0	0	0	0	0	1	0	0	0	0	0	224	0	99	0	0	0	0	0	0	0	0	0	0	0	0	0	0	0	0	0	75	258	2	0	0	0	2	0	0	1	0	0	0	0	0	0	0	0	0	0
OTU96	0	0	0	0	0	0	0	0	5895	31	0	79	59	510	0	0	0	0	0	208	0	0	0	0	0	237	0	0	0	0	0	1	0	0	0	0	0	0	0	0	5	0	1	3	0	0	0	1	0	0	5	344	0	0	0	0	0	0	0	0	18	0	0	0	0	0	11	0	0	0	1	0	0	0	0	0	0	0	0	0	0	0	0	0	0	0	0	0	0	0	0	0	0	0	0	0	0	0	0	0	0	0	0	0	0	0	4369	383	141	8	0	12	0	0	0	0	0	0	0	0	0	0	0	893	2884	12	0	0	0	0	0	2	21	0	0	0	0	0	0	0	2	0	0
OTU97	0	0	0	0	0	0	0	0	0	50	0	1	3	13	0	0	37	0	0	481	0	0	0	159	0	7	0	317	0	1167	7	66	4	0	4	5	38	0	130	276	271	0	0	0	0	193	0	0	0	2796	0	0	2	622	0	0	866	0	0	0	1	0	0	0	0	0	0	0	0	0	8	0	0	0	0	0	0	0	0	3	0	0	1	334	0	0	0	5	0	0	0	55	0	16	0	4	0	0	0	0	0	0	0	0	0	0	0	0	0	0	33	2	0	19	0	0	1	0	333	0	0	1	7	0	0	0	0	0	0	0	0	0	13	109	0	0	0	0	0	0	15	0	0
OTU98	0	0	0	0	0	0	0	0	0	0	0	0	0	0	0	0	0	0	0	0	0	0	0	407	0	0	0	0	0	0	0	36	2	0	2	7	53	0	0	1	0	0	0	0	0	0	0	0	0	0	0	0	0	0	0	0	0	0	0	0	4	0	0	1	0	0	0	0	0	0	29	0	0	0	0	0	0	0	0	8226	0	0	0	0	0	7	0	96	0	0	0	0	0	0	0	0	0	0	0	0	0	172	0	0	0	0	0	0	0	0	0	0	0	0	0	0	0	11	0	0	2	0	0	5	5	16	209	7	39	0	0	0	0	0	0	0	5	0	0	0	0	0	0
OTU99	0	0	0	0	0	0	0	0	0	2	0	3	0	2	0	0	0	815	0	1	0	0	0	0	0	0	0	0	0	0	0	0	0	0	0	0	0	0	0	0	0	0	0	0	0	0	2301	1	0	0	10	44	519	0	0	0	0	360	0	0	3	1657	0	0	1336	0	0	0	0	0	6	0	0	0	0	0	0	3	225	0	15	0	0	0	0	0	0	0	0	0	0	0	0	0	305	0	0	0	0	0	0	0	0	1744	0	22	13	2	223	0	0	0	0	0	0	4	0	0	0	0	0	0	0	25	27	1	0	0	0	0	0	0	3	0	0	0	0	0	0	784	0	0	0
OTU100	0	0	0	0	0	0	0	0	0	0	0	0	1	24	102	0	0	0	0	0	0	0	0	0	0	0	0	0	447	0	0	0	316	64	500	689	893	5559	0	0	378	0	50	453	0	0	0	0	0	0	3	0	743	0	0	0	0	447	0	3	18	0	0	0	0	0	0	0	0	0	15	0	0	0	0	0	0	0	0	0	101	0	0	0	0	0	0	0	0	0	4	0	0	0	0	0	0	0	0	0	0	0	0	0	0	0	0	1	107	0	0	0	0	0	105	25	0	0	0	0	0	0	0	26	89	2	0	0	0	0	0	0	0	0	0	0	0	213	0	0	0	0	0
OTU101	0	0	0	0	0	0	0	0	0	26	0	199	0	0	0	0	43	0	0	7	0	0	290	0	9	963	538	0	0	0	0	0	166	43	29	142	9	0	0	0	122	0	546	48	0	0	0	0	0	0	0	0	0	0	0	0	207	0	0	0	0	0	0	110	0	0	0	0	2	0	0	41	617	0	83	0	27	0	0	0	0	0	1	111	7	0	11	25	0	10	0	0	146	1194	0	192	145	383	5	0	2	0	193	0	0	0	0	0	0	0	2	1	0	0	0	0	0	0	0	0	13	0	39	3	6	37	0	0	0	0	1012	6	4	24	634	0	0	0	0	0	0	1088	0
OTU102	0	0	0	0	0	0	0	0	0	1	1	0	2	0	0	0	0	0	10	0	40	89	0	38	0	0	3	0	0	1	0	0	0	4	0	0	0	0	0	0	88	0	0	0	0	1	0	0	0	0	0	0	0	0	56	6214	0	0	0	0	0	0	0	1	0	0	0	0	2	0	0	0	0	165	14	0	0	0	0	0	1	0	0	0	0	0	0	0	0	0	0	0	759	2	0	0	1	2	146	0	0	0	0	0	0	0	0	0	0	0	0	0	0	1	0	0	0	0	3	0	0	0	0	1	0	0	0	0	0	0	0	0	9	0	0	0	0	0	444	0	3	0	0
OTU103	0	0	0	0	0	0	0	0	0	182	0	0	0	0	218	0	0	277	0	1295	2	0	0	0	0	0	0	0	0	1	0	0	0	0	0	0	0	0	618	1	0	0	42	630	0	1698	453	0	2	0	0	188	107	0	0	0	0	0	0	2	1	608	1	0	0	0	0	0	0	0	1	0	0	0	0	0	0	0	0	0	11	517	0	0	0	0	0	0	0	0	3	0	0	0	295	0	0	0	0	0	0	0	0	0	4374	100	0	1	19	0	0	0	0	0	155	107	0	0	44	0	0	113	0	0	2	0	0	0	6	0	0	0	135	0	0	0	0	433	0	4	0	3	0
OTU104	0	0	0	0	0	0	0	0	37	127	0	17	8	54	129	0	0	67	29	52	134	239	0	0	717	68	54	0	69	0	0	0	227	6	72	326	26	26	0	0	190	0	40	229	98	0	37	15	3	0	19	34	374	0	315	304	21	357	0	22	45	15	0	205	99	99	189	89	199	23	24	166	73	490	242	160	170	15	49	0	55	0	12	37	128	0	0	0	70	160	48	0	321	0	26	0	259	40	231	0	193	0	36	383	0	1	148	227	124	4	1	40	12	0	124	70	0	0	0	835	143	0	0	232	59	140	0	0	0	171	0	120	83	0	59	0	0	178	88	43	0	3	8
OTU105	0	0	0	0	0	0	0	0	42	9	0	6	10	33	31	1	0	13	27	2	96	91	0	1	47	102	158	9	42	1	2	0	11	2	5	4	2	0	0	0	1	8	546	5276	49	18	3	0	29	0	13	82	57	0	15	5	8	16	0	5	8	0	4	30	0	44	57	527	9	8	0	16	85	2	57	18	0	2	50	0	28	9	3	11	62	0	0	6	34	73	12	3	58	0	44	2	59	4	6	7	8	6	24	31	9	37	189	789	55	47	0	148	56	0	28	37	7	0	0	34	83	0	0	36	96	2	0	0	0	26	0	73	5	11	157	0	3	81	153	91	0	46	8
OTU106	0	0	0	0	0	1	0	0	0	0	586	0	0	1	0	0	41	0	1	0	0	0	0	2	0	0	0	0	0	1	0	0	0	2901	19	0	0	0	1809	0	0	0	0	0	0	0	0	0	1	0	0	0	0	0	0	0	1203	0	0	0	3	0	0	0	0	0	0	0	0	0	0	0	0	1832	0	0	0	0	0	29	0	1744	0	0	0	2	76	239	0	0	0	39	0	293	0	0	0	0	0	0	0	2	0	0	0	0	0	0	0	1	0	0	0	0	0	0	0	0	0	0	1	0	0	0	0	0	0	0	0	0	0	0	0	0	1	0	1	0	0	0	0	0	0
OTU107	0	0	0	0	0	0	0	0	0	0	0	0	0	0	0	0	0	0	0	0	0	0	0	0	0	0	0	0	0	0	0	0	0	0	0	0	0	0	0	0	0	0	0	0	0	0	0	0	0	0	0	0	0	0	0	0	0	0	0	0	0	0	0	0	0	0	0	1369	0	0	0	0	0	0	0	0	0	0	0	0	0	0	0	0	0	0	0	0	0	0	0	0	172	0	0	0	0	7458	0	1	0	0	0	0	0	0	4	22	3	0	0	0	0	0	0	0	0	0	0	0	0	0	0	3	0	0	0	0	0	0	0	0	0	0	0	0	0	0	0	0	0	0	0
OTU108	0	0	0	0	0	0	0	0	19	17	188	162	868	74	2	50	40	0	760	31	11	17	0	512	2	0	22	402	57	307	40	3	44	282	176	194	877	0	21	579	0	880	81	8	107	819	2	0	5	45	0	0	0	48	20	3	1	0	0	0	139	15	529	0	4	1	29	0	1	0	537	14	24	19	12	1	0	0	1	407	3	133	128	1	1	472	29	4	37	4	5	228	18	8	0	353	16	43	7	936	43	840	0	2	952	0	21	19	3	15	9	153	569	274	1	0	69	593	8	0	3	4	17	50	67	78	337	465	815	111	128	1	12	1502	0	401	751	1	2	0	272	0	1
OTU109	0	0	0	0	0	0	0	0	0	0	0	211	0	0	0	0	0	0	0	0	0	0	60	0	0	307	0	0	0	0	0	0	1	1	0	1	38	0	0	0	1	0	0	0	0	0	0	0	1	0	0	0	0	0	0	0	3	0	0	0	19	0	0	0	0	0	0	0	0	0	2	0	0	0	0	0	0	915	0	0	0	0	2854	151	0	414	0	23	0	0	0	0	0	84	0	0	0	0	0	0	0	0	0	0	0	0	0	0	0	0	179	0	0	0	0	0	0	0	0	0	0	438	154	0	0	0	0	0	0	0	0	3110	0	0	67	0	320	0	0	0	0	317	1
OTU110	0	0	0	0	0	0	0	0	4	0	0	0	0	2	0	0	0	0	0	0	0	0	0	0	0	0	0	0	0	0	0	0	178	51	432	3807	220	0	0	0	0	0	2	4	0	0	0	0	0	0	0	0	0	0	7871	7	0	0	0	0	0	0	0	0	0	0	0	0	177	0	0	3	0	1	0	0	0	0	0	0	0	0	0	0	0	0	0	0	0	0	0	0	0	0	0	0	0	0	0	0	0	0	0	3	0	0	0	0	0	1	0	2	0	0	0	0	0	0	0	0	0	0	0	32	0	0	0	0	0	0	0	0	1	0	0	0	0	0	0	0	0	0	0
OTU111	0	0	0	0	0	0	0	0	0	23	0	0	2	0	0	1261	5	0	13	36	66	81	0	0	0	0	0	5	0	119	5	0	923	26	721	4	5	0	0	0	139	0	5	0	0	0	0	0	272	228	0	0	0	0	5	0	0	0	0	0	8	0	0	0	0	2	0	0	0	0	3	0	56	0	0	13	0	0	0	0	4	0	0	0	0	236	0	0	0	0	5	0	6	0	0	0	1009	8	35	0	42	0	0	0	0	0	35	22	4	271	0	32	67	11	0	0	3049	0	0	0	1	0	0	0	5	8	0	0	0	0	2	119	31	0	0	0	0	0	0	0	0	0	183
OTU112	0	0	0	0	0	0	0	0	2	0	61	22	22	142	18	0	673	0	4	15	1	0	0	1	0	54	0	231	0	33	1	6936	1	9	101	1	2	0	0	0	0	1	126	36	0	4	0	0	1	80	2	6	0	435	6	0	95	48	0	0	0	40	1	0	5	0	0	0	1	0	0	0	0	0	2	0	0	0	0	1	0	3	0	0	0	0	2178	2	0	1	0	5	26	15	4	15	5	0	0	7	0	0	32	3	0	26	302	161	55	138	0	1991	492	366	20	65	903	0	244	0	1	1	16	0	0	0	0	0	1	3	5	0	0	1	2	6	4	47	0	0	2	3	0
OTU113	0	0	0	0	0	0	0	0	1	3	606	0	0	0	0	0	0	0	0	23	0	0	0	278	0	0	0	0	0	79	1	0	0	0	0	0	0	0	126	1713	0	0	1	0	0	0	0	0	0	166	0	0	0	385	0	0	0	0	0	0	30	0	0	0	0	0	0	0	0	0	96	0	0	0	0	0	0	0	0	0	0	0	0	12	0	240	16	0	0	0	0	0	0	0	0	0	0	0	0	0	0	0	0	0	0	0	0	0	0	0	0	0	0	1	0	0	0	0	0	0	0	4406	0	3	0	0	1	7	8	0	0	0	1	0	0	0	0	0	0	0	0	0	0
OTU114	0	0	0	0	0	0	0	0	22	46	0	99	64	728	0	0	0	0	0	167	0	0	0	0	0	0	0	0	25	0	0	0	11	7	18	32	27	210	0	0	10	0	0	0	0	0	0	2842	0	0	118	121	562	0	0	0	0	0	0	0	814	0	0	0	2231	0	0	0	0	0	603	0	0	0	0	0	0	381	1519	0	800	0	0	0	0	0	0	0	0	0	4914	0	0	0	0	0	0	0	0	0	0	1	0	0	0	0	15	2	6	0	0	0	0	0	0	13	0	0	0	0	0	0	0	147	317	2	0	0	0	0	0	0	36	0	0	0	0	0	0	0	0	0	0
OTU115	0	0	0	0	0	0	0	0	0	2749	0	0	0	0	0	0	0	0	0	411	0	0	0	0	3	0	0	0	1	3	0	0	0	0	0	6	0	0	0	0	0	0	0	0	0	0	0	0	0	1	0	0	0	0	0	0	0	0	0	0	9	0	0	0	0	0	0	0	0	0	5	0	0	0	354	0	0	0	0	0	7	0	0	0	0	0	0	0	0	0	2	0	0	0	0	0	0	0	0	0	31	0	4	0	0	0	0	0	0	0	0	1	0	0	0	0	0	0	0	3262	0	0	0	19	80	334	2	0	0	0	0	0	278	0	0	0	0	0	569	0	0	0	0
OTU116	0	0	0	0	0	0	0	0	0	5	181	192	39	4	0	0	1	0	36	7	0	0	49	64	0	82	0	200	0	47	43	66	53	15	118	129	17	1	0	0	35	73	0	0	0	181	0	0	300	0	0	0	0	43	20	11	51	0	0	0	14	0	30	0	0	0	16	18	26	0	18	37	15	192	97	0	3	0	0	21	0	3	271	26	111	0	117	982	0	143	1	106	53	207	0	0	2	93	120	0	2	43	0	0	54	0	48	34	8	326	592	57	146	22	0	0	8	0	27	0	115	86	55	18	58	185	1	8	0	0	182	207	92	28	281	256	0	0	0	0	191	708	323
OTU117	0	0	0	0	0	0	0	0	0	49	0	0	0	0	110	0	0	0	46	20	247	560	0	0	223	0	526	0	7	1	0	0	75	4	5	60	5	31	0	0	1	0	0	0	1	0	0	0	0	0	2	0	0	0	9	1058	0	0	0	0	1	0	0	0	22	20	0	0	688	3	4	29	146	76	0	36	292	849	0	0	22	0	0	112	569	0	0	14	0	555	11	0	0	0	26	0	41	11	0	0	0	0	0	0	0	0	66	51	5	27	0	442	135	0	83	95	0	0	0	0	605	0	0	135	24	62	0	0	0	0	0	0	473	0	0	0	0	242	54	0	0	0	0
OTU118	0	0	0	0	0	0	0	0	0	0	0	0	0	0	0	0	0	0	0	0	0	0	0	0	0	0	0	0	1	0	0	1	15	0	0	0	0	0	0	0	0	0	0	0	0	0	0	0	0	0	0	0	0	0	0	1941	0	0	0	0	0	0	0	19	0	1	0	0	166	2	0	9	2	2	0	0	478	0	0	0	0	0	0	0	0	0	0	0	0	0	0	0	0	0	0	0	0	5204	78	0	1	0	347	0	0	0	0	12	1	0	0	0	0	0	0	0	0	0	0	0	0	0	0	0	0	0	0	0	0	0	0	0	0	0	0	0	0	0	16	0	0	0	0
OTU119	0	0	0	0	0	0	0	0	25	17	0	6	0	8	3	0	0	131	2	47	10	2	0	0	0	43	0	0	42	0	0	0	18	6	30	43	50	301	0	0	5	0	40	458	0	0	93	8	10	0	993	24	924	0	1	38	16	383	0	3	72	405	0	0	129	0	28	0	0	0	22	0	0	0	0	0	0	68	224	0	392	0	0	0	0	0	0	0	227	0	133	0	2	118	3012	0	0	0	0	0	0	0	0	1124	0	0	35	5	428	19	4	2	0	0	2	45	0	0	0	0	0	0	0	56	157	4	0	0	0	34	0	154	11	0	38	0	0	2	0	330	0	0	8
OTU120	0	0	0	0	0	0	0	0	0	0	6	4	22	0	0	1	0	0	772	8	0	0	3	1	0	0	0	0	0	22	65	0	8	7	181	9	115	0	8	0	0	1175	1	0	0	0	0	0	0	55	0	0	0	122	0	0	0	0	0	0	8	0	580	0	0	0	0	0	0	0	23	0	0	0	0	0	0	0	0	119	1	865	0	0	0	34	0	0	0	0	0	0	0	0	0	854	0	0	0	512	0	179	0	0	0	0	3	8	1	10	0	58	259	0	0	0	109	831	5	0	0	1	0	3	6	10	20	151	57	0	282	0	0	0	0	0	2	0	0	0	5	0	0
OTU121	0	0	0	0	0	0	0	0	0	4	0	0	0	0	0	0	0	0	1	39	0	0	0	0	0	0	0	0	0	410	0	0	0	0	0	0	0	0	0	0	0	0	0	1	0	0	0	0	0	0	0	0	0	0	0	0	0	0	0	0	0	0	0	0	0	0	0	0	0	0	0	0	0	0	0	0	0	0	0	0	0	0	0	0	0	0	0	0	0	0	0	72	0	0	0	0	0	0	0	0	0	8	0	0	0	0	0	0	0	0	0	0	2	0	0	0	3022	0	3	0	0	0	0	4	8	32	83	3638	123	0	0	0	0	0	0	0	0	0	0	0	0	0	0
OTU122	0	0	0	0	0	0	0	2	5	69	0	603	546	3564	0	0	0	0	0	277	0	0	0	0	0	0	0	0	0	0	0	0	0	0	0	0	0	0	0	0	0	0	0	0	0	0	0	2659	0	0	91	0	0	0	0	0	0	0	0	0	0	0	0	0	0	0	0	0	0	0	0	0	0	0	0	0	0	2	0	0	0	0	0	0	0	0	0	0	0	0	0	0	0	0	0	1	0	0	0	0	0	0	0	0	1	0	7	1	0	0	0	0	0	0	0	0	0	0	0	0	0	0	0	0	0	0	0	0	0	0	0	0	44	0	0	0	0	0	0	0	12	0	0
OTU123	0	0	0	0	0	0	0	0	0	0	0	0	1	0	1	0	0	0	0	2	0	0	41	175	0	0	0	5	0	1	0	0	0	369	3	0	2	0	1	1	0	0	0	1	0	8	0	0	0	8	0	0	0	0	0	0	0	0	0	0	2	0	0	0	0	0	0	1	0	0	26	0	0	1	0	0	0	0	0	18	1	24	0	0	0	20	0	0	0	0	0	1	0	2	0	2	0	0	0	166	0	392	0	1	11	0	0	0	0	0	0	0	0	184	0	0	0	2	4	0	0	492	0	0	0	0	1	1	1	0	1	0	0	0	0	1	5187	0	0	1	104	0	0
OTU124	0	0	0	0	0	0	0	0	0	0	0	0	0	0	0	0	0	0	0	0	0	0	0	0	0	0	0	0	0	0	0	0	0	0	0	0	0	0	0	0	0	0	0	0	1	0	0	0	0	0	0	0	0	0	0	0	0	0	0	0	0	3	0	0	0	0	0	0	417	45	0	2891	0	0	0	0	0	0	0	0	0	0	0	0	0	0	0	0	0	0	0	0	0	0	0	0	0	0	0	0	0	0	0	0	0	43	936	223	29	150	0	2879	747	0	0	4	0	0	0	0	0	0	0	0	0	0	0	0	0	0	0	0	0	0	0	0	0	0	0	0	0	0	0
OTU125	0	0	0	0	0	0	0	0	0	8	38	0	2	0	0	0	60	0	5	86	0	0	36	0	0	0	0	0	0	1714	368	0	0	33	1	0	3	0	1	16	0	6	3	2	0	0	0	0	1	0	0	0	0	15	0	0	0	0	0	0	0	0	1	0	0	0	0	0	0	0	0	0	0	0	0	0	0	0	0	0	0	8	4	161	0	0	146	0	0	0	0	56	0	0	0	480	0	0	0	1	0	0	0	0	0	0	20	26	5	27	0	291	2132	21	0	0	0	0	0	0	0	1	0	10	47	124	1870	0	0	0	0	0	4	103	0	0	0	0	0	0	0	0	0
OTU126	0	0	0	0	0	0	0	0	1	374	0	339	1	0	0	0	0	0	0	1637	0	0	0	0	0	18	0	0	0	14	0	9	0	0	1	1	15	0	0	0	0	0	737	110	0	0	199	0	0	17	0	0	5	0	0	0	0	0	0	0	5	418	0	0	32	0	0	0	0	0	0	0	0	0	0	0	0	0	0	0	0	2	1833	0	0	0	1078	0	0	0	0	0	0	21	0	0	0	0	0	0	0	0	0	0	0	0	0	0	0	0	0	0	0	2	0	0	0	0	0	0	0	0	0	5	0	1	0	29	51	0	0	0	315	0	0	0	0	0	0	34	0	574	0
OTU127	0	0	0	0	0	0	0	0	0	0	0	0	0	0	233	0	0	0	0	0	0	0	0	0	0	0	0	0	0	0	0	0	0	0	0	0	0	0	0	0	33	0	0	0	0	0	0	0	2622	0	0	0	0	0	0	0	4	0	0	0	3	1	0	0	213	0	0	0	0	0	0	0	0	0	0	0	0	8	0	0	0	0	0	0	0	0	0	0	0	0	0	0	0	0	0	0	0	0	0	0	0	0	0	0	0	0	295	155	38	3179	0	449	394	0	193	89	0	0	0	0	0	0	0	0	0	0	0	0	0	0	0	0	0	0	28	0	0	468	0	0	0	0	1914
OTU128	0	0	0	0	0	0	0	0	0	0	0	0	0	0	0	0	0	0	0	0	0	0	0	0	0	0	755	0	741	0	0	0	128	4	31	251	19	0	0	0	0	0	0	0	1169	0	0	0	0	0	0	0	0	0	7	120	0	0	0	0	0	0	0	2	0	72	0	178	25	13	0	84	182	0	915	496	0	0	0	0	0	0	0	0	24	0	0	0	0	25	0	0	2	0	0	0	56	2	125	0	5	0	106	0	0	0	23	124	6	0	0	1	1	0	0	0	0	0	0	447	18	0	0	115	348	1595	0	0	0	0	0	0	0	0	0	0	0	0	0	0	0	0	0
OTU129	0	0	0	0	0	0	0	0	10	13	130	66	350	29	10	31	19	2	245	26	13	8	5	5	1	3	55	181	68	90	45	55	24	32	277	108	91	68	13	9	11	186	305	77	73	0	5	5	113	96	41	3	17	39	17	16	4	1	0	6	23	0	93	0	8	0	41	10	4	1	62	10	11	6	26	2	5	1	65	31	8	54	11	23	14	192	133	31	147	10	8	7	74	164	1	0	13	34	8	1	10	215	16	13	339	21	20	17	9	144	30	51	30	472	4	1	45	473	141	52	10	62	26	5	16	17	3	49	63	18	31	200	12	3	115	37	4	34	1	31	298	84	65
OTU130	0	0	0	0	0	0	0	0	4	114	7	0	8	2	0	1	1	2	7	163	50	69	7	4	318	22	240	20	59	388	15	189	16	1	1	8	12	1	0	2	1	4	517	159	86	0	0	0	4	801	82	0	0	695	14	41	6	0	0	0	0	0	0	39	1	96	86	26	69	3	1	58	150	32	33	24	55	1	0	2	2	17	2	15	18	0	7	11	1	6	0	3	34	16	0	0	332	56	32	26	11	0	6	7	11	2	7	33	6	18	23	250	45	4	0	0	0	0	25	60	25	0	0	44	48	143	1	7	16	2	1	3	37	0	12	0	0	1	731	0	0	64	6
OTU131	0	0	0	0	0	0	0	0	0	45	0	0	0	0	0	0	1926	0	1	338	4	12	0	0	0	0	0	0	0	992	0	273	0	0	0	0	0	0	0	0	0	0	0	0	0	0	0	0	0	2384	0	0	0	97	0	0	0	0	0	0	0	0	0	7	0	0	0	1	0	0	0	8	0	0	0	0	116	0	0	0	0	0	0	1	0	0	0	0	0	0	0	0	0	0	0	0	0	0	0	0	0	0	0	0	0	0	0	0	0	0	0	0	0	0	0	0	0	0	2	0	0	0	0	0	0	0	0	0	0	0	0	0	10	0	0	0	0	0	0	0	0	0	0
OTU132	0	0	1	0	0	0	0	0	6	0	0	0	0	2	5	0	0	0	0	0	0	0	0	0	0	0	0	0	550	0	0	0	367	54	422	515	827	2812	0	0	0	0	0	0	0	0	0	0	0	0	0	0	0	0	0	0	0	0	0	17	90	0	0	0	0	0	0	0	35	4	41	218	0	0	0	0	0	0	0	0	947	0	0	0	0	0	0	0	44	0	28	0	0	0	0	0	0	0	0	0	0	0	0	0	0	1028	464	58	14	0	0	0	0	0	6	1	0	0	0	0	0	0	0	27	106	2	0	0	0	0	0	0	0	0	0	0	0	18	0	0	0	0	0
OTU133	0	0	0	0	0	0	0	0	395	98	0	54	44	376	282	0	0	732	1	18	13	39	0	0	40	23	0	0	0	0	0	0	19	1	7	61	3	0	0	1	4	0	1	7	0	0	1	46	0	0	0	0	371	0	0	0	13	21	0	0	11	0	0	81	0	146	447	0	97	0	1	11	0	21	1	0	128	3	3	0	15	0	4	7	27	0	0	4	2	23	2	0	1	0	64	0	29	9	13	0	23	0	0	4030	0	7	264	23	369	0	0	1	1	0	184	83	0	0	0	0	40	0	0	8	9	19	0	0	0	97	0	180	21	0	0	0	0	456	143	101	0	0	0
OTU134	0	0	0	0	0	0	0	1	11	266	82	168	31	69	14	16	89	50	13	56	108	167	19	80	176	38	1	50	14	3	7	28	103	26	566	596	232	0	0	7	97	6	0	0	21	37	4	0	245	1	1	0	1	1	74	83	77	0	0	0	191	2	6	15	4	51	1284	38	64	3	88	168	40	166	92	241	15	16	4	5	110	15	922	64	217	82	0	383	0	267	32	20	263	102	1	110	586	1822	597	97	1153	0	17	156	78	0	62	92	22	240	202	130	61	263	14	16	41	59	37	16	289	9	1083	118	206	654	44	25	32	79	15	272	227	6	50	3	198	35	800	11	1	189	173
OTU135	0	0	0	0	0	0	0	0	0	0	0	0	0	11	0	0	0	688	0	0	0	0	0	0	0	4	1	0	0	0	0	0	0	0	0	0	0	0	0	0	120	0	0	1	0	0	0	0	51	0	9	0	0	0	4	0	39	0	0	0	9	0	0	0	2	0	0	0	0	0	9	0	0	0	0	0	0	4228	0	0	12	0	0	0	0	0	0	40	0	0	42	0	11	0	0	0	0	0	0	0	0	0	1	0	0	0	12	3	0	52	954	5	5	0	0	0	0	0	0	0	0	0	4	0	0	0	0	0	0	0	0	0	0	0	742	0	2	0	0	0	0	0	29
OTU136	0	0	0	0	0	0	0	0	3	7	1	12	23	49	8	15	51	60	23	4	46	35	57	37	92	6	103	26	6	3	39	32	113	15	56	43	335	20	41	43	55	23	11	12	6	54	7	22	43	4	1	16	49	11	7	12	5	66	0	23	14	22	9	89	9	318	18	8	51	5	16	178	51	14	55	45	172	102	2	13	16	129	34	23	56	20	28	14	49	75	7	41	28	6	41	17	885	17	17	44	34	11	14	53	60	114	21	25	23	44	4	85	89	32	6	2	13	8	20	10	91	2	8	61	112	391	14	30	15	24	55	144	19	9	31	2	13	16	330	12	4	637	28
OTU137	0	0	0	0	0	0	0	0	0	0	0	0	0	0	0	0	3	0	0	0	0	0	0	0	0	0	0	0	0	0	0	0	0	0	0	0	0	0	0	0	92	0	41	4	0	0	0	0	1805	0	0	0	1	0	0	0	1	0	0	0	0	0	0	0	0	0	0	0	0	0	0	0	0	0	0	0	0	0	0	0	0	0	0	0	0	0	58	0	0	0	0	0	0	0	0	0	0	0	0	0	0	0	0	0	0	0	147	84	15	2021	0	160	144	0	0	0	0	0	0	0	0	0	0	0	0	0	0	0	0	0	0	0	0	0	0	0	0	0	0	0	0	0	1310
OTU138	0	0	0	0	0	0	0	0	59	156	1	54	31	327	78	0	77	1	8	46	81	83	157	573	233	86	316	0	7	65	0	204	16	0	10	8	8	48	88	40	266	0	341	81	5	0	9	16	25	159	6	5	132	160	34	890	46	9	0	17	86	28	0	375	9	37	1	70	62	0	10	10	41	43	87	89	157	3	6	0	22	5	0	86	58	0	188	7	70	73	21	1	631	26	2	0	19	25	62	0	39	0	238	4	2	65	78	148	83	31	28	282	65	56	76	38	8	0	639	223	52	0	1	579	41	7	0	1	3	3	226	61	151	0	99	0	0	158	468	4	1	100	19
OTU139	0	0	0	0	0	0	0	0	0	8	0	0	9	2	0	0	1	0	0	139	0	0	0	0	0	0	0	0	0	2356	0	0	0	0	0	1	12	0	4214	0	0	0	0	0	0	0	0	0	0	0	0	0	0	0	0	0	0	0	0	0	0	0	0	0	0	0	0	0	0	0	1	0	0	0	0	0	0	0	0	0	0	0	0	0	0	0	0	0	0	0	0	0	0	0	0	0	0	0	0	0	0	0	0	0	0	0	0	0	0	0	0	0	1	0	0	0	1	0	0	0	0	0	0	0	0	0	0	0	0	0	0	0	2	0	0	1	0	0	0	0	2930	0	0
OTU140	0	0	0	0	0	0	0	0	0	0	0	0	0	0	1	0	0	0	0	0	0	2	0	0	0	9	0	0	0	0	0	0	0	0	0	0	0	0	0	0	6316	0	0	0	0	0	0	0	0	0	0	0	0	0	2	0	0	0	0	0	2	0	0	0	0	1	0	0	0	0	0	1	0	0	0	0	0	0	0	0	0	0	0	0	0	0	0	1	0	0	0	0	0	0	0	0	0	0	0	0	0	0	0	0	0	0	0	0	0	0	0	0	0	0	0	0	0	0	16	0	0	0	0	0	0	0	0	0	0	0	0	0	0	0	98	0	0	0	0	0	0	0	0
OTU141	0	0	0	0	0	0	0	0	0	90	0	0	0	0	0	0	0	0	0	28	0	0	0	0	0	0	0	0	0	0	0	0	244	27	224	1760	123	0	0	0	0	0	0	0	0	0	0	0	0	0	0	0	0	0	0	0	0	0	0	0	0	0	0	0	0	12	0	0	65	3	0	321	278	2	781	202	361	0	0	0	0	0	0	0	0	0	0	0	0	1	0	0	0	0	1	0	120	6	0	0	0	0	714	0	0	0	2	0	0	0	0	0	0	0	0	0	0	0	0	0	0	0	0	53	0	0	0	0	0	0	0	0	1242	0	0	0	0	0	0	0	0	0	0
OTU142	0	0	0	0	0	0	0	0	0	0	0	0	0	0	0	0	0	1	0	0	0	0	0	0	0	0	0	0	0	0	0	0	0	0	0	0	0	0	0	0	0	0	0	0	0	0	0	0	0	0	0	0	0	0	0	0	0	0	0	0	0	5335	0	0	0	0	0	0	0	0	0	0	0	0	0	0	0	1394	0	0	0	0	0	0	0	0	0	0	0	0	0	0	0	0	0	0	0	0	0	0	0	0	0	0	0	0	0	0	0	0	0	0	0	0	0	0	0	0	0	0	0	0	0	0	0	0	0	0	0	0	0	0	0	0	0	0	0	0	0	14	0	0	0
OTU143	0	0	0	0	0	0	0	0	0	0	0	0	0	0	0	0	0	0	0	0	0	0	0	0	0	0	0	0	0	0	0	0	1	0	1	6	0	0	0	0	0	0	0	0	0	0	0	0	0	0	0	0	0	0	434	0	0	0	0	0	0	0	0	0	0	0	0	109	657	25	0	4953	0	0	7	0	0	0	0	0	0	0	0	1	2	0	0	0	0	13	0	0	0	0	0	0	432	0	53	0	0	0	0	0	0	0	0	0	0	0	0	0	0	0	0	0	0	0	0	0	19	0	0	0	0	0	0	0	0	0	0	0	0	0	0	0	0	0	0	0	0	0	0
OTU144	0	0	0	0	0	0	0	0	0	0	0	1	0	0	0	0	0	0	1	0	1	0	0	0	0	0	0	0	0	0	0	0	0	0	0	0	0	0	0	0	0	0	488	4562	0	0	0	962	0	0	0	217	0	0	0	0	0	0	0	3	0	0	0	0	0	0	0	0	0	0	0	0	0	0	0	0	0	0	0	0	2	0	0	0	0	0	0	0	0	0	0	0	0	1	983	0	0	0	0	0	0	0	0	0	0	0	498	53	116	0	0	0	1	0	0	84	0	0	0	0	0	0	0	0	0	0	0	0	0	0	0	0	0	0	0	0	0	0	0	0	0	0	0
OTU145	0	0	0	0	0	0	0	0	0	0	0	0	0	0	0	0	0	0	112	0	641	951	0	0	0	0	17	0	0	0	0	0	632	2	19	67	0	0	0	0	0	0	0	0	0	0	0	0	0	0	0	0	0	0	934	336	0	0	0	0	0	0	0	0	0	72	0	0	0	0	0	0	20	2	81	99	2	0	0	0	0	0	0	17	71	0	0	0	0	76	0	0	1153	0	0	0	97	0	0	0	16	0	19	0	0	0	28	278	6	1	0	4	0	0	0	0	0	0	0	37	112	0	0	67	29	88	0	0	0	0	0	0	1	0	0	0	0	0	0	0	0	0	0
OTU146	0	0	0	0	0	0	0	0	98	16	0	13	9	127	168	0	0	0	32	14	256	496	0	0	48	14	43	0	54	23	0	0	29	1	3	5	0	0	1	0	1	0	86	125	97	0	0	0	0	24	0	0	1	0	60	329	736	8	0	0	53	0	0	5	0	7	433	60	64	22	41	43	0	5	72	125	26	0	0	0	62	0	0	3	15	0	0	0	0	23	312	0	331	0	0	0	209	5	84	0	31	0	664	0	0	1	5	35	0	0	0	0	0	0	123	127	0	0	0	29	23	0	0	25	55	2	0	0	0	44	0	6	186	0	9	0	0	266	220	0	0	0	0
OTU147	0	0	0	0	0	0	0	0	0	706	0	0	0	0	0	0	0	0	0	92	0	1	0	0	237	0	0	0	0	0	0	0	25	4	24	239	24	0	0	0	0	0	0	0	0	0	0	0	0	0	0	0	0	0	0	0	0	0	0	0	0	0	1	0	0	0	0	0	23	0	0	229	0	4640	0	0	0	0	0	0	0	0	0	0	4	0	0	0	0	9	0	0	0	0	0	0	9	0	0	0	0	0	0	0	0	0	0	0	0	0	0	0	0	0	0	0	0	0	0	0	1	0	0	0	0	1	0	0	0	0	0	0	97	0	0	0	0	0	0	0	0	0	0
OTU148	0	0	0	0	0	0	0	0	7	0	288	2	22	2	0	0	3	1	8	1	0	0	5	4	0	0	0	6	1	6	35	0	0	487	5	0	9	0	473	0	0	2	0	0	0	440	0	0	0	16	0	0	0	12	0	0	0	0	0	0	158	0	2	0	0	0	0	0	0	0	997	0	0	0	0	0	0	0	0	326	11	312	0	1	0	5	230	0	0	0	0	53	0	0	0	253	0	0	0	217	0	220	0	0	516	0	0	0	0	0	0	1	3	19	0	0	7	0	0	0	0	20	0	1	2	13	169	21	25	0	1	0	0	1	0	41	10	0	0	0	23	0	0
OTU149	0	0	0	0	0	0	0	0	119	0	0	0	0	3	0	0	0	0	0	0	1	0	0	0	0	0	0	0	0	0	0	0	0	0	0	0	0	0	0	0	0	0	0	0	0	0	0	0	63	0	0	0	0	0	0	0	0	0	0	0	33	0	0	0	0	0	0	0	0	0	5	0	0	0	0	1162	0	0	0	0	0	0	0	0	0	0	0	0	0	0	0	0	1	0	0	0	0	0	1	0	0	0	213	0	0	0	21	112	4	78	0	13	11	0	0	0	0	0	0	0	0	0	0	0	0	0	0	0	0	3404	0	223	0	0	3	0	0	0	0	0	0	0	64
OTU150	0	0	0	0	0	0	0	0	0	0	0	0	0	0	0	0	0	0	0	0	0	0	0	0	0	0	0	0	0	0	0	0	0	0	0	0	0	0	0	0	2186	0	0	0	0	0	0	0	595	0	0	0	0	0	0	0	0	0	0	0	0	0	0	0	0	0	0	0	0	0	0	0	0	0	0	0	0	0	0	0	0	0	0	0	0	0	0	0	0	0	0	0	0	490	0	0	0	0	0	0	0	0	0	0	0	0	113	51	19	604	0	118	72	0	0	0	0	0	0	0	0	0	119	0	0	0	0	0	0	0	0	0	0	0	2187	0	0	0	0	0	0	0	490
OTU151	0	0	0	0	0	0	0	0	202	0	0	0	0	2	70	0	0	138	4	0	45	71	0	0	0	0	0	0	36	0	0	0	20	6	22	42	55	206	0	0	0	0	0	16	0	0	249	0	0	0	0	0	0	0	0	0	0	0	0	53	135	0	0	0	0	0	0	0	0	0	107	0	0	3	0	0	0	0	0	0	1571	0	0	0	0	0	0	0	0	0	43	0	0	0	2225	0	0	0	0	0	4	0	7	0	0	13	0	0	7	0	0	0	0	0	42	20	0	0	0	0	0	0	0	0	1	0	0	0	0	12	0	0	0	0	0	0	0	113	90	0	0	0	0
OTU152	0	0	0	0	0	0	0	0	0	0	4	5	23	4	0	0	0	0	18	3	0	0	0	0	0	0	1	131	0	40	42	0	0	54	31	0	1	0	2	0	0	11	0	0	0	0	0	0	2	0	0	0	0	0	0	0	0	0	0	0	6	0	3	0	0	0	0	0	0	0	38	0	0	0	0	0	0	0	0	0	2	0	0	0	0	0	0	0	0	0	0	0	0	0	0	2	0	0	0	0	0	101	0	0	26	0	0	0	0	0	0	10	23	0	0	0	0	0	0	0	0	0	13	0	0	0	0	1	0	0	1	0	1	0	0	619	0	0	0	0	4048	0	0
OTU153	0	0	0	0	0	0	0	0	0	0	0	0	0	0	0	0	0	0	0	0	0	0	0	0	1	245	0	0	0	0	0	0	0	0	0	0	0	0	0	0	58	0	0	0	0	0	0	0	4	0	0	0	0	0	0	0	2069	0	0	0	0	0	0	0	0	0	3621	0	0	0	0	0	0	2	0	0	0	0	0	0	0	0	0	0	0	0	1	0	0	0	0	0	0	0	0	0	0	0	0	0	0	0	0	0	0	0	0	0	0	7	1	0	2	0	0	0	0	0	0	0	0	1	0	0	0	0	0	0	0	0	0	0	0	0	0	0	0	0	0	0	0	0	4
OTU154	0	0	0	0	0	0	0	2	0	0	0	149	162	86	0	0	0	0	1353	0	0	0	0	0	0	0	0	1883	0	1	0	0	0	0	0	0	0	0	0	0	0	1454	0	1	0	0	0	0	0	0	0	0	0	0	0	0	0	0	0	0	0	0	1043	0	0	0	4269	0	0	0	0	0	0	0	0	0	0	0	61	0	0	0	0	0	0	0	0	22	0	0	0	0	0	0	1	0	0	1	0	0	0	0	0	0	0	4	0	0	0	0	0	4	15	0	0	0	213	0	0	0	0	0	0	0	0	0	0	0	0	0	0	0	0	1	0	375	0	0	0	63	5	0	0
OTU155	0	0	0	0	0	0	0	0	80	103	18	48	57	361	608	37	11	46	17	67	101	143	26	78	19	22	37	159	0	35	69	41	144	38	14	23	4	20	36	26	109	1	111	156	2	0	128	73	34	80	92	15	101	67	10	235	90	98	0	391	142	446	1	36	147	3	9	29	38	0	18	22	127	44	15	53	304	421	23	13	96	83	2	233	46	0	49	4	45	69	96	206	37	19	172	42	58	7	34	0	27	0	13	119	341	386	21	57	192	33	9	43	76	334	464	234	434	0	134	38	53	0	0	133	197	19	21	59	67	160	242	7	40	52	63	0	0	983	215	296	1	106	32
OTU156	0	0	0	0	0	0	0	0	0	0	1	0	2	0	0	0	0	0	0	0	0	0	0	0	0	0	0	0	0	0	0	4	0	0	0	0	0	0	0	0	0	0	0	0	0	0	0	0	1266	0	0	0	0	0	0	0	0	0	0	0	0	0	0	0	0	0	0	0	0	0	0	0	0	0	0	0	0	0	0	0	0	3	0	0	0	0	0	0	0	0	0	0	0	0	0	0	0	0	0	0	0	0	0	0	0	0	107	72	21	1622	0	187	163	0	0	0	0	0	0	0	0	0	0	0	0	0	0	0	0	0	0	0	0	0	0	0	0	0	0	0	0	0	1063
OTU157	0	0	0	0	0	0	0	0	0	0	0	0	1	0	0	0	0	0	0	0	0	0	0	0	0	0	0	0	0	0	0	0	0	0	0	0	0	0	0	0	0	0	0	0	0	0	0	0	0	0	0	0	0	0	0	0	0	0	0	0	0	0	0	0	0	0	0	0	0	0	0	0	0	0	0	0	0	0	0	0	0	0	0	0	0	0	0	0	0	0	0	0	0	0	0	0	0	0	0	0	0	0	0	0	0	0	0	0	0	0	0	0	0	0	0	0	0	0	0	0	0	0	0	53	144	434	5785	3	4	0	0	0	0	0	0	0	0	0	0	0	0	0	0
OTU158	0	0	0	0	0	0	0	0	0	0	0	0	0	0	0	0	0	0	0	0	0	0	0	0	0	0	0	0	0	0	0	0	0	0	0	0	0	0	0	0	0	0	0	0	0	0	1	0	0	0	0	0	0	0	0	22	0	0	0	0	0	0	0	0	0	0	0	0	0	0	0	0	171	0	0	0	0	0	0	0	0	0	0	0	0	0	0	0	0	0	0	0	0	1625	0	0	0	1	0	0	0	0	228	0	0	0	25	127	2	13	0	130	38	0	0	0	0	0	0	0	0	0	0	1	0	0	0	0	0	0	0	3591	0	0	0	0	0	0	0	0	0	0	0
OTU159	0	0	0	0	0	0	0	0	0	0	0	0	0	2	369	0	0	0	0	0	0	0	0	0	0	0	0	0	0	0	0	0	0	0	0	0	0	0	0	0	0	0	0	0	0	0	0	0	0	0	0	0	0	0	0	0	0	0	0	0	0	0	0	0	21	0	0	0	0	0	0	0	0	0	0	0	0	0	0	0	0	0	0	0	0	0	0	0	0	0	0	0	0	0	0	0	0	0	0	0	0	0	0	0	0	0	0	3	2681	0	0	0	0	0	326	120	0	0	0	0	0	0	0	0	0	0	0	0	0	871	0	0	0	0	0	0	0	972	0	0	0	0	0
OTU160	0	0	0	0	0	0	0	0	349	3	0	27	28	300	184	58	0	369	10	12	86	179	0	0	71	102	0	0	0	0	0	0	82	4	13	73	2	0	0	0	139	0	6	0	0	0	18	0	141	0	0	1	100	0	65	17	36	56	0	0	420	10	0	22	1	63	169	23	3	1	26	11	8	92	36	18	40	11	124	0	14	0	6	20	69	0	0	5	0	87	4	0	77	109	0	0	299	12	611	0	28	0	2	672	0	0	32	82	258	128	76	21	12	0	123	58	0	0	0	0	70	0	53	18	31	69	0	0	0	1436	0	239	0	0	172	0	0	288	281	9	1	304	126
OTU161	0	0	0	0	0	0	0	0	0	0	0	79	432	22	0	0	0	0	0	0	0	0	0	0	0	0	0	0	0	0	0	0	0	0	0	0	0	0	0	0	0	0	0	0	0	1094	0	0	0	0	0	0	0	0	0	0	0	0	0	0	0	0	0	0	0	0	0	0	0	0	0	0	0	0	0	0	0	0	0	0	0	0	0	0	0	0	0	0	0	0	0	7	0	0	0	1185	0	0	0	0	0	1016	0	0	624	0	0	0	0	0	0	0	0	0	0	0	222	0	0	0	0	0	0	0	0	0	0	0	0	0	0	0	0	348	0	0	0	0	0	0	0	0	0
OTU162	0	0	0	0	0	0	0	0	0	0	0	0	0	0	0	0	0	0	0	0	0	0	0	0	0	0	0	0	0	0	0	0	0	0	0	0	0	0	0	0	0	0	0	0	0	0	0	0	0	0	0	0	0	0	0	0	141	0	0	0	0	57	0	0	0	0	0	0	0	0	0	0	0	0	0	0	0	0	0	0	0	0	0	0	0	0	0	0	0	0	0	0	0	4729	0	0	0	0	0	0	0	0	0	0	0	0	0	0	0	0	5	0	0	0	0	0	0	0	0	0	0	0	0	0	0	0	0	0	0	0	0	0	0	0	0	0	0	0	0	0	0	0	0
OTU163	0	0	0	0	0	0	0	0	2	6	86	0	0	0	0	0	4	3	1	0	5	7	2	11	0	195	26	1	682	0	0	1	43	13	47	307	22	0	58	0	85	0	6	2	1233	16	0	0	6	3	0	1	0	79	17	1	68	0	0	0	64	0	0	30	0	1	3	5	18	0	19	8	1	55	35	11	0	0	0	1	21	2	0	16	30	0	31	80	0	32	7	7	2	2	0	0	230	138	9	1	264	0	1	0	0	0	2	12	0	10	131	7	10	4	0	0	0	0	67	173	56	0	0	1	6	20	0	7	3	0	30	2	1	0	26	0	0	0	1	0	4	212	5
OTU164	0	0	0	0	0	0	0	0	0	0	0	1547	1	1	9	0	0	55	0	0	3	15	0	3404	0	0	0	661	0	0	210	0	180	2	342	4	0	9	0	0	2	0	7	1	0	0	0	0	167	2	0	6	0	0	36	2	1487	0	0	0	0	0	0	15	0	3	669	0	0	0	2	2	14	11	83	0	481	0	14	0	0	0	143	12	21	0	0	70	0	27	0	0	81	148	0	0	6	4	7	0	7	0	10	0	0	1	128	318	32	195	1	598	480	0	8	2	0	0	0	0	14	5	1	22	17	15	17	163	310	0	0	109	1	0	368	0	0	27	7	0	0	8	122
OTU165	0	0	0	0	0	0	0	0	4	0	0	0	0	0	0	0	0	0	0	0	0	0	0	0	0	63	0	0	0	0	0	0	0	0	0	0	0	0	0	0	4021	0	0	0	0	0	0	0	0	0	0	0	0	0	0	0	0	0	0	0	45	0	0	0	0	0	0	0	0	0	27	0	0	0	0	0	0	0	0	0	56	0	0	0	0	0	0	0	0	0	308	0	0	0	0	0	0	0	0	0	0	0	0	0	0	0	0	1	0	0	0	0	0	0	0	1	0	0	0	0	0	0	0	1	2	0	0	0	0	0	0	0	0	0	0	0	0	0	0	0	0	0	0
OTU166	0	0	0	0	0	0	0	0	0	85	0	31	12	123	61	0	0	174	0	28	5	5	0	0	14	9	0	0	0	0	0	0	4	0	0	3	3	4	0	0	0	0	5	53	0	0	7	6	0	0	27	95	450	0	0	9	1	198	0	5	0	5	0	0	0	0	25	3	4	0	0	0	125	9	5	0	0	3	18	0	6	0	0	1	0	0	0	0	49	1	0	0	19	0	10	0	6	0	1	0	2	0	0	2450	0	1	155	16	28	1	0	0	0	0	43	33	0	0	0	1	2	0	0	10	6	14	0	0	0	0	0	1363	33	0	0	0	0	107	20	15	0	0	0
OTU167	0	0	0	0	0	0	0	0	13	218	12	30	1	40	40	2	174	269	31	112	137	282	0	17	238	25	409	12	200	4	0	6	791	14	102	815	41	1	0	0	18	0	99	7	251	0	32	2	49	9	0	0	65	0	308	516	25	0	0	0	69	11	0	190	8	242	177	78	257	6	43	98	92	226	248	221	356	4	16	0	31	1	13	33	110	6	8	1	2	154	7	0	223	89	7	4	462	197	356	0	379	0	61	69	0	0	104	318	22	80	6	189	56	4	48	17	1	3	4	576	136	0	0	119	166	342	0	0	0	110	162	55	150	0	104	0	0	118	417	1	0	12	36
OTU168	0	0	0	0	0	0	0	0	0	0	0	0	0	0	0	0	0	0	0	0	1	0	0	0	0	0	0	0	0	0	0	0	0	0	0	0	0	0	0	0	0	0	0	0	0	0	0	0	3	0	0	0	0	0	0	0	0	0	0	0	0	0	0	0	0	1	0	0	0	0	0	0	0	0	0	0	0	0	0	0	0	0	9237	0	0	0	0	0	0	0	0	0	0	0	0	0	0	1	0	0	0	0	0	0	0	0	1	0	0	2	0	0	2	0	0	0	0	0	0	0	0	0	0	0	0	0	0	0	0	0	0	0	0	0	0	0	0	0	0	0	0	0	6
OTU169	0	0	0	0	0	0	0	0	1	1	8	359	187	9	0	0	0	0	213	2	0	0	7	38	0	0	0	3	0	72	43	1	31	16	26	32	470	0	0	0	0	271	0	0	0	1520	0	0	0	0	0	0	0	0	0	0	0	0	0	0	33	0	161	0	0	0	0	0	0	0	174	0	0	0	0	0	0	0	0	1	0	89	0	16	0	12	102	0	0	0	3	1	0	0	0	1	0	0	0	2	0	203	0	0	157	0	0	0	2	0	0	1	14	4	0	0	0	16	13	0	0	491	25	7	25	24	377	26	36	0	1	0	0	24	0	0	0	0	0	0	9	2	0
OTU170	0	0	0	0	0	0	0	0	2	7	0	0	0	0	0	0	0	0	0	1	0	0	0	0	0	0	0	0	0	0	0	0	60	0	2	0	0	0	0	0	0	0	0	0	0	0	0	0	0	0	0	0	0	0	0	0	0	0	0	0	30	0	0	0	0	71	0	0	1305	3	15	52	1	10	12	0	22	0	0	0	16	0	0	0	0	0	0	0	0	0	5	0	0	0	0	0	0	0	0	0	220	0	3366	0	0	0	1	0	0	0	0	4	1	0	0	0	0	0	0	10	0	0	0	3	1	3	0	0	0	0	0	0	21	0	0	0	0	0	7	0	0	0	0
OTU171	0	0	0	0	0	0	0	0	0	0	122	0	0	0	0	1	16	0	0	0	0	0	0	2500	0	0	0	0	0	0	0	0	24	24	1260	21	4	0	0	0	0	0	0	0	0	0	0	0	0	0	0	0	0	0	0	0	0	0	0	0	0	0	0	0	0	0	0	0	0	0	0	0	0	0	0	0	0	0	0	0	0	0	0	27	0	0	0	0	0	0	0	0	0	0	0	0	2675	0	0	0	0	0	0	0	0	0	0	0	0	0	0	0	0	0	0	0	0	0	0	0	0	0	0	0	0	0	0	0	0	0	3	0	0	0	0	0	1	0	0	0	0	0	0
OTU172	0	0	0	0	0	0	0	0	15	0	0	0	0	0	0	0	0	7	0	12	0	0	0	0	0	0	0	0	169	0	0	0	87	13	140	218	267	1759	0	0	0	0	22	104	0	0	0	2	0	0	154	72	4	0	0	0	0	0	0	0	69	367	0	0	568	0	0	0	0	0	59	0	0	0	0	0	0	18	2	0	431	0	0	0	0	0	0	0	0	0	23	0	0	0	5343	0	0	0	0	0	0	0	1	0	0	0	0	2	72	0	3	0	0	0	0	0	0	0	0	0	0	0	0	0	0	0	0	0	0	4	0	0	0	0	0	0	0	0	0	4	0	0	0
OTU173	0	0	0	0	0	0	0	0	0	11	0	0	0	0	0	0	0	0	0	3	0	0	0	0	1	0	0	0	0	0	0	0	0	0	0	0	0	0	0	0	0	0	0	0	0	0	0	0	0	0	0	0	0	0	0	0	0	0	0	0	0	0	0	0	0	0	0	0	1	0	0	0	5442	0	0	0	0	0	0	0	0	0	0	0	0	0	0	3	0	0	0	0	0	0	0	0	0	0	0	0	0	0	0	0	2	0	0	0	0	0	0	0	0	0	0	0	0	0	0	0	0	0	0	0	12	56	0	0	0	0	0	0	3	0	0	0	0	0	0	0	0	0	0
OTU174	0	0	0	0	0	0	0	0	0	0	0	0	2	0	0	0	0	0	0	0	0	0	0	0	0	0	0	0	0	0	71	0	0	1	0	2	2	0	0	0	0	0	0	0	0	0	0	0	0	0	0	0	0	0	0	0	0	0	0	0	0	0	0	0	0	0	0	0	0	0	0	0	0	0	0	0	0	0	0	79	0	0	0	0	0	0	0	0	0	0	0	0	0	0	0	4782	0	0	0	0	0	2	0	0	706	0	0	0	0	0	0	0	0	0	0	0	0	0	0	0	0	0	0	3	1	10	22	685	36	0	0	0	1	1	0	0	0	0	0	0	288	0	0
OTU175	0	0	0	0	0	0	0	0	0	0	0	0	0	0	3	4	0	0	0	4	2	0	0	0	0	0	1	0	0	76	0	14	2	1	16	0	3	0	0	21	0	0	28	6	0	4164	2	0	0	0	0	0	0	0	1	0	0	1	0	0	0	0	0	0	0	0	0	0	0	0	2	0	2	0	0	3	5	1	0	0	1	5	0	0	0	3	11	0	0	0	0	9	6	1	1	105	0	0	1	1	0	5	0	0	26	0	0	6	0	0	0	3	0	4	0	3	0	0	0	0	1	0	0	1	1	3	1	0	0	0	0	0	0	0	1	0	0	10	1	0	0	0	0
OTU176	0	0	0	0	0	0	0	0	0	0	1	1	0	0	0	1	0	0	0	0	0	0	0	0	0	0	0	0	0	0	0	1	0	0	0	0	0	0	0	0	0	0	0	0	0	0	0	0	0	0	0	0	0	0	0	0	0	0	0	0	0	0	0	0	0	0	0	0	0	0	0	0	0	0	0	0	0	0	0	0	0	0	0	0	0	10	1995	0	0	0	0	0	0	0	0	1384	0	0	0	0	0	0	0	0	0	0	0	0	0	0	0	0	0	0	0	0	0	0	0	0	0	0	16	1	0	2	6	151	11	0	443	0	0	0	0	0	0	0	0	0	3	15	0
OTU177	0	0	0	0	0	0	0	0	0	0	0	1	4	22	0	0	0	0	0	0	0	0	0	0	0	0	0	0	0	0	0	0	0	0	0	0	0	0	0	0	0	0	0	0	0	0	0	0	0	0	0	3	0	0	0	0	0	0	0	0	0	164	0	0	0	0	0	0	0	0	0	0	0	0	0	0	0	3464	25	0	0	0	0	0	0	0	0	0	0	0	0	0	0	0	1	0	0	0	0	0	0	0	0	0	0	0	0	0	0	0	0	0	0	0	0	0	0	0	0	0	0	0	0	0	0	0	0	0	0	0	0	3	0	0	0	0	0	0	0	0	0	0	0
OTU178	0	0	0	0	0	0	0	0	0	0	0	0	0	1	0	0	0	0	0	0	0	0	0	1	0	0	0	0	0	0	6	0	1	3	5	6	79	3	0	0	0	0	1	0	0	0	0	0	0	0	0	0	0	0	0	0	0	0	0	0	0	0	0	0	0	0	0	0	0	0	0	0	0	0	0	0	0	0	0	0	0	0	0	0	0	0	0	0	0	0	0	0	0	0	0	0	0	0	0	0	0	236	0	0	54	0	0	1	0	0	20	0	0	0	0	0	0	0	0	0	0	0	51	0	0	0	0	0	0	0	0	1130	0	0	0	2701	0	0	0	0	0	0	1
OTU179	0	0	0	0	0	0	0	0	0	0	0	0	0	0	0	0	0	0	0	0	0	0	0	0	0	0	0	0	0	0	0	0	0	0	0	0	0	0	0	0	0	0	0	0	0	0	0	0	0	0	0	0	0	0	0	0	0	0	0	0	0	0	0	0	0	0	0	0	0	0	0	0	0	0	0	0	0	0	0	0	0	0	0	0	0	993	0	0	0	0	0	0	0	0	0	0	0	0	0	0	0	0	0	0	0	0	0	0	0	0	0	0	0	0	0	0	0	0	0	0	0	0	0	0	0	0	0	0	0	0	0	0	0	135	0	0	3140	0	0	1	0	0	0
OTU180	0	0	0	0	0	0	0	0	6	1	11	53	46	2	0	0	0	0	22	2	2	5	1	6	1	0	0	379	1	4	375	1	2	33	43	9	33	0	23	1	0	20	0	0	2	216	0	0	10	9	0	0	0	13	8	3	1	0	0	0	12	0	19	0	0	0	2	3	3	0	47	0	0	2	0	78	0	0	0	67	0	113	63	0	0	180	25	5	0	0	0	581	21	22	0	577	5	6	3	327	3	75	0	0	117	0	2	3	2	7	1	8	19	18	0	0	7	72	0	9	0	71	5	5	2	11	70	7	14	0	0	0	15	17	0	202	615	0	100	0	64	15	2
OTU181	0	0	0	0	0	0	0	0	0	8	0	0	0	0	0	0	0	0	0	115	0	0	0	0	0	0	0	0	0	317	0	0	0	0	0	0	0	0	0	0	0	0	1013	117	0	0	0	0	0	889	0	0	0	0	0	51	0	0	0	0	0	0	0	20	0	0	0	0	206	14	0	1711	0	1	0	0	0	0	0	0	0	0	0	0	0	0	0	0	0	1	0	0	0	0	0	0	178	0	0	0	0	0	0	0	0	0	9	6	3	6	0	84	43	0	0	0	0	0	0	0	0	0	0	0	0	0	0	0	0	0	0	0	33	0	0	0	0	0	0	0	0	0	0
OTU182	0	0	0	0	0	0	0	0	694	0	0	0	0	0	0	0	0	0	0	0	0	0	0	0	0	0	0	0	0	0	0	0	0	0	1	0	0	0	0	0	0	0	0	0	0	0	0	0	0	0	0	76	58	0	0	0	0	1314	0	0	11	0	0	0	0	0	1524	0	0	0	1	0	0	0	0	0	0	0	0	0	0	0	0	0	0	0	0	0	1	0	0	0	0	0	0	0	0	0	0	0	0	0	0	629	0	2	2	0	1	0	0	0	0	0	0	0	0	0	0	0	0	0	0	0	0	0	0	0	0	0	0	0	0	0	0	0	0	0	0	0	0	0	0
OTU183	0	0	0	0	0	0	0	0	0	1	0	16	62	4	0	1	0	0	58	2	0	0	0	0	0	0	0	40	0	18	2	0	0	93	0	0	0	0	0	0	0	73	0	0	0	1092	0	0	0	0	0	0	0	0	0	0	0	0	0	0	0	0	39	0	0	0	0	0	0	0	0	0	0	0	0	0	0	0	0	20	0	84	0	0	0	0	0	0	0	0	0	78	0	0	0	253	0	0	0	375	0	531	0	0	99	0	0	0	0	1	0	0	0	0	0	0	0	0	0	0	0	0	0	3	0	0	7	93	23	0	0	0	0	3	0	239	0	0	0	0	4	0	0
OTU184	0	0	0	0	0	0	0	0	0	0	0	0	0	0	1	0	0	0	0	0	0	0	0	0	0	0	759	0	0	0	0	0	100	1	3	0	0	0	0	0	0	0	0	0	4	0	0	0	0	0	0	0	1	0	1	12	0	0	0	0	0	0	0	1262	0	0	0	0	6	1	0	108	1209	77	16	0	2	0	0	0	0	0	0	1	1	0	0	0	0	0	0	0	0	0	0	1	7	0	113	0	1	0	0	0	0	3	0	0	0	0	0	2	4	0	0	1	0	0	0	1	0	0	0	0	0	0	0	0	0	0	0	0	1	0	2	0	0	0	0	0	0	0	0
OTU185	0	0	0	0	0	0	0	0	0	0	63	0	0	0	0	0	0	0	0	8	0	0	6	1	0	0	0	0	0	11	0	2542	13	5	20	28	212	0	0	0	0	0	0	0	0	0	0	0	0	24	0	0	0	0	0	0	0	0	0	0	0	0	0	0	0	0	0	0	0	0	0	0	0	0	0	0	0	0	0	0	0	0	0	19	0	0	0	0	0	0	0	0	0	0	0	1	0	0	0	0	0	0	0	0	0	0	0	0	0	0	0	0	0	0	0	0	0	0	0	0	0	0	0	1	0	5	5	16	31	0	0	0	0	0	0	0	0	0	0	0	0	0	0
OTU186	0	0	0	0	0	0	0	0	0	0	0	0	0	0	0	0	0	0	0	0	0	0	0	0	0	0	0	0	197	0	0	0	138	33	210	311	407	2841	0	0	0	0	0	1	0	0	0	0	0	0	0	0	0	0	0	0	0	0	0	4	17	0	0	0	0	0	0	0	0	0	11	0	0	0	0	0	0	0	107	0	143	0	0	0	0	0	0	0	0	0	4	0	0	0	0	0	0	0	0	0	0	0	0	0	0	0	22	3	0	0	0	0	0	0	0	0	0	0	0	0	0	0	0	0	0	0	0	0	0	0	0	0	0	0	0	0	0	0	0	0	0	0	0
OTU187	0	0	0	0	0	0	0	0	0	103	2	0	0	0	6	15	11	9	0	127	3	6	5	0	113	2	62	28	12	268	116	667	2	3	0	8	49	0	7	11	0	1	24	7	33	0	0	0	1	730	21	0	2	148	4	17	7	0	0	0	0	0	1	25	4	77	2	0	14	8	0	68	52	20	107	0	0	2	0	6	0	0	4	79	38	9	3	0	0	44	0	7	6	0	0	4	597	48	10	12	3	0	4	0	0	50	5	5	0	2	0	8	12	5	2	0	6	0	30	11	64	7	0	19	30	111	11	7	10	0	3	4	41	0	0	0	6	5	146	0	0	19	1
OTU188	0	0	0	0	0	0	0	0	0	0	192	20	41	2	0	0	13	0	0	10	0	0	149	19	0	0	0	24	0	36	8	1	2	12	4	1	9	0	76	0	0	0	0	0	0	1073	101	0	0	22	0	0	0	2	0	0	0	0	0	0	0	0	3	0	0	0	0	0	0	0	0	0	0	19	0	0	0	0	0	33	0	36	0	39	241	0	332	0	0	299	0	0	0	0	0	136	0	0	0	214	0	65	0	0	148	0	1	4	0	4	0	37	207	0	0	0	0	0	2	0	303	0	0	7	13	14	184	124	171	0	72	0	0	0	0	0	0	0	0	0	0	1	0
OTU189	0	0	0	0	0	0	0	0	286	9	3	0	1	0	273	516	599	333	1	52	7	12	198	0	0	23	1567	0	0	152	0	154	15	20	4	8	62	0	634	4	84	0	119	8	0	0	45	18	18	373	24	0	309	143	0	0	8	49	0	0	10	421	0	0	1365	0	0	88	0	0	2	0	18	0	201	0	0	313	28	0	20	0	0	429	0	192	14	11	0	0	20	0	0	0	1384	0	4	0	39	0	0	0	0	0	0	0	4	4	56	23	0	6	0	0	214	163	283	0	0	83	0	0	0	230	839	3	0	0	0	384	97	0	3	1177	0	0	55	541	39	19	0	0	9
OTU190	0	0	0	0	0	0	0	0	0	0	0	0	0	0	0	0	0	0	0	1	0	0	0	0	0	0	0	0	0	0	0	0	0	0	0	0	0	0	0	0	0	0	390	3302	0	2	109	0	0	0	0	0	0	0	0	0	0	0	0	0	3	37	0	0	81	0	0	0	866	1	0	35	0	0	0	0	0	1	2	0	0	0	0	0	0	0	0	0	0	0	4	0	0	0	0	0	0	44	220	0	4	0	0	0	0	8	0	0	0	0	0	0	0	0	0	0	0	0	0	0	0	0	0	0	0	0	0	0	0	0	0	0	0	0	0	0	0	0	0	0	0	0	0
OTU191	0	0	0	0	0	0	0	0	0	0	71	12	80	3	0	65	8	3	4	1	0	0	12	31	0	0	0	18	0	4	159	10	4	39	5	6	90	0	36	26	0	5	7	0	0	54	0	0	3	3	0	0	0	2	0	0	26	0	0	0	16	29	7	0	0	0	0	0	0	0	38	0	0	0	0	0	0	1	0	28	0	102	19	5	0	333	257	17	0	0	0	15	0	12	0	326	0	0	0	70	3	19	0	0	26	0	2	1	0	5	15	8	36	41	0	0	205	163	62	0	0	11	0	3	0	2	18	84	46	0	81	0	0	31	21	17	46	0	0	0	10	83	3
OTU192	0	0	0	0	0	0	0	0	0	0	70	29	198	7	0	2	146	0	57	6	0	0	39	95	0	0	0	255	0	36	175	21	6	110	183	16	140	2	114	36	0	31	41	9	0	36	0	0	0	17	0	0	0	19	0	0	0	0	0	0	7	0	21	0	0	0	0	0	0	0	38	0	0	0	0	0	0	0	0	407	1	150	0	21	0	31	12	6	0	0	0	19	0	14	0	33	0	0	0	17	0	18	0	0	18	0	2	0	1	4	0	49	384	99	0	0	29	76	266	0	0	13	11	0	2	3	5	59	0	0	70	0	0	33	0	0	34	0	0	0	0	11	2
OTU193	0	0	0	0	0	0	0	0	0	0	0	1	0	14	0	0	0	0	0	0	0	0	0	0	0	0	0	0	0	0	0	0	0	0	0	0	0	0	0	0	0	0	0	0	0	0	0	0	0	0	0	0	0	0	0	0	0	0	0	0	0	0	0	0	2699	0	0	0	0	0	0	0	0	0	0	0	0	0	0	0	0	0	0	0	0	0	0	3	0	0	0	0	0	0	0	0	0	0	0	0	0	0	0	0	0	0	0	0	0	0	0	0	0	0	0	0	0	0	0	0	0	0	0	0	0	0	0	0	0	0	0	0	0	0	0	0	0	0	0	40	0	0	0
OTU194	0	0	0	0	0	0	0	0	2	0	0	96	49	585	4	0	0	0	0	0	0	0	0	0	0	0	0	0	0	0	0	0	0	0	0	0	0	0	0	0	7	0	0	0	0	0	0	0	0	0	0	0	0	0	0	0	1	0	0	0	75	0	0	0	0	0	0	0	0	0	26	0	1	0	0	0	0	0	31	0	397	0	0	0	0	0	0	0	0	0	9	0	2	0	3660	0	0	0	0	0	0	0	1	0	0	0	0	2	0	0	0	0	0	0	2	0	0	0	0	0	0	0	0	22	0	0	0	0	0	0	0	0	0	0	0	0	0	1	0	0	0	0	0
OTU195	0	0	0	0	0	0	0	0	0	1	0	29	188	8	0	0	114	0	823	0	2	0	0	15	0	0	0	0	0	19	0	0	0	81	0	0	0	0	0	0	0	729	0	0	0	0	0	0	0	0	0	0	0	0	0	0	0	0	0	0	0	0	588	0	0	0	0	0	0	0	0	0	0	0	0	0	0	0	0	52	0	0	0	0	0	0	0	0	0	0	0	0	0	0	0	1	0	0	0	0	0	0	0	0	0	0	1	0	0	0	0	0	0	0	0	0	338	0	0	0	0	0	0	0	0	0	0	0	0	0	0	0	0	1	0	4	0	0	0	0	0	0	0
OTU196	0	0	32	0	0	0	0	0	36	87	0	258	152	2153	0	0	0	0	2	520	0	0	0	0	0	673	0	0	0	0	0	0	6	0	0	0	0	0	0	0	44	0	3291	379	0	0	0	0	0	0	1	0	0	0	1	0	177	0	0	0	2820	0	0	0	7816	0	0	0	0	0	52	0	4	0	0	2	0	6853	0	0	5	1	35	0	0	0	0	10	0	0	0	0	4	0	0	0	0	0	0	0	0	0	3091	0	0	0	3	17	140	0	0	0	0	0	0	0	0	0	0	0	0	0	0	8	0	0	0	0	0	1836	0	0	68	0	27	0	0	0	0	0	5	0	0
OTU197	0	0	0	0	0	0	0	0	0	0	0	0	0	0	0	0	0	0	0	0	0	0	0	0	0	0	0	0	0	0	0	0	0	0	0	0	0	0	0	0	84	0	0	0	0	0	0	1	0	0	2439	0	0	0	0	0	2	0	0	0	0	0	0	0	0	0	0	0	0	0	0	0	0	0	0	0	0	0	0	0	0	0	0	0	0	0	0	0	0	0	0	0	0	123	0	0	0	0	0	0	0	0	0	0	0	0	0	0	0	0	0	0	0	0	0	5	0	0	0	0	0	0	0	0	0	0	0	0	0	0	0	43	0	0	171	0	0	0	0	0	0	0	0
OTU198	0	0	0	0	0	0	0	0	0	0	0	3	4	18	0	0	0	437	0	0	0	0	0	0	0	18	0	0	41	0	0	0	16	4	38	56	60	494	0	0	72	0	11	98	0	0	17	2	91	0	265	69	250	0	0	0	0	8	0	0	4	0	0	0	10	0	22	0	0	0	3	0	0	0	0	0	0	25	35	0	15	0	0	0	0	0	0	3	0	0	33	0	0	0	3	0	0	0	0	0	0	0	0	657	0	0	21	4	2	129	0	15	21	0	0	0	0	0	0	0	0	0	0	417	1182	9	0	0	0	11	0	3	0	0	2	0	0	0	0	0	0	0	74
OTU199	1	0	0	0	0	0	0	0	0	0	0	0	0	0	0	0	0	10	0	0	0	0	0	0	0	0	0	0	0	0	0	0	0	0	0	0	0	0	0	0	0	0	0	0	0	0	0	2915	0	0	0	0	0	0	0	0	0	0	0	0	0	0	0	0	0	0	0	0	0	0	0	0	0	0	0	0	0	0	0	0	0	0	0	0	0	0	0	0	0	0	0	0	0	0	0	0	0	0	0	0	0	0	0	0	0	0	2	0	0	0	0	0	0	0	0	0	0	0	0	0	0	0	0	38	74	0	0	0	0	0	0	0	0	0	0	0	0	0	0	0	0	1	0
OTU200	0	0	0	0	0	0	0	0	0	0	0	124	590	24	0	0	0	0	0	2	0	0	0	0	0	0	0	0	0	5	0	0	0	0	0	0	0	0	0	0	17	0	0	0	0	0	0	0	56	0	0	0	0	0	0	0	0	0	0	0	0	0	0	0	0	0	1484	0	0	0	0	0	0	0	0	0	0	0	0	107	0	0	0	0	0	0	0	0	0	0	0	825	0	0	0	161	0	0	0	0	0	0	0	0	0	0	3	4	3	79	0	8	3	0	0	0	4	0	0	0	0	0	0	0	0	0	0	0	0	0	0	0	0	1	0	0	5	0	0	0	0	0	46
OTU201	0	0	0	0	0	0	0	0	1	85	0	0	0	0	0	0	0	0	0	15	8	16	0	0	138	1	14	0	18	0	0	0	150	1	16	9	0	0	0	0	0	0	0	0	41	0	0	0	0	0	0	5	28	0	23	35	0	0	0	0	7	0	0	278	0	431	0	134	100	5	5	41	478	3	52	51	244	0	0	0	0	0	0	75	405	0	0	1	0	567	1	0	190	0	0	0	250	0	110	0	24	0	360	2	0	0	18	28	8	1	0	87	27	0	0	0	0	0	0	2	633	0	0	163	59	207	0	0	0	0	0	0	312	0	0	0	0	0	435	0	0	0	0
OTU202	0	0	0	0	0	0	0	0	0	0	0	1193	18	0	0	1	0	0	0	0	0	0	2	0	0	144	0	750	0	1	36	0	0	10	0	3	14	0	188	0	0	0	1	0	0	17	0	0	0	1	0	0	0	3	0	0	89	0	0	0	6	0	0	0	0	0	0	0	3	0	11	0	0	0	0	0	2	0	0	17	0	4	0	0	0	2	1	138	0	0	0	7	0	35	0	301	0	0	0	15	0	7	0	0	4	0	1	4	1	1	2	22	97	4	0	0	0	0	0	0	0	20	2	0	0	1	12	2	1	0	0	0	0	11	0	21	5	0	0	0	19	6	1
OTU203	0	0	0	0	0	0	0	0	0	0	0	0	0	0	0	0	0	0	0	0	0	0	0	0	0	0	0	0	0	0	0	0	0	0	0	0	0	0	0	0	0	0	0	0	0	0	0	0	0	0	0	0	0	0	2	0	0	0	0	0	0	0	0	0	0	0	0	0	0	0	0	0	0	0	0	0	0	0	0	0	0	0	0	0	0	0	0	5798	0	0	0	0	0	0	0	0	0	0	0	0	0	0	0	0	0	0	1	6	0	0	0	0	0	0	0	0	0	0	0	0	0	0	0	0	0	0	0	0	0	1	0	0	0	0	0	0	0	0	0	0	0	0	0
OTU204	0	0	0	0	0	0	0	0	4	0	0	0	3	0	0	0	1	0	35	3	0	0	0	41	0	0	0	1	0	6	5	0	0	184	5	0	0	0	26	0	0	52	1	0	0	197	0	0	0	8	0	0	0	50	0	0	0	0	0	0	46	0	34	0	0	0	0	0	0	0	261	0	0	0	0	0	0	0	0	42	1	9	0	0	0	0	102	0	0	0	0	92	0	0	0	14	0	0	0	0	0	535	0	0	236	0	1	1	0	0	0	5	19	1	0	0	11	0	0	0	0	79	0	0	5	7	58	61	128	0	0	0	0	32	0	302	0	0	0	0	224	0	0
OTU205	0	0	0	0	0	0	0	0	0	0	0	0	0	0	0	0	0	0	0	0	0	0	0	0	0	0	0	0	0	0	0	0	0	0	0	0	0	0	0	0	0	0	0	0	0	0	0	0	0	0	0	0	0	0	463	0	0	0	0	0	0	0	0	0	0	0	0	0	6	1	0	69	0	0	0	0	0	0	0	0	0	0	0	22	85	0	0	0	0	91	0	0	0	0	0	0	0	0	0	0	0	0	0	0	0	0	0	0	0	0	0	0	0	0	0	0	0	0	0	0	103	0	0	121	388	1717	3	0	0	0	0	0	0	0	0	0	0	0	0	0	0	0	0
OTU206	0	0	0	0	0	0	0	0	6	0	0	0	0	0	0	0	0	0	0	0	0	0	0	0	0	0	0	0	2	0	0	0	0	0	1	0	0	10	0	0	0	0	0	0	0	0	0	0	0	0	0	0	0	0	0	0	0	3785	0	43	160	0	0	0	0	0	0	0	0	0	115	0	0	0	0	0	0	0	0	0	127	0	0	0	0	0	0	0	20	0	1201	0	0	0	0	0	0	0	0	0	0	0	0	0	0	650	0	0	0	0	0	0	0	0	0	0	0	0	0	0	0	0	0	0	0	0	0	0	0	0	0	0	0	0	0	0	0	0	0	0	0	0	0
OTU207	0	0	0	0	0	0	0	0	0	12	0	0	0	0	0	0	0	0	0	9	0	0	0	0	0	0	0	0	53	0	0	0	0	0	0	0	0	0	0	0	0	0	0	0	1	0	1	0	0	0	0	0	0	0	0	57	0	0	0	0	0	0	0	32	0	7	0	0	293	1	0	11	0	0	2112	0	5	0	0	0	0	0	0	0	0	0	0	0	0	0	0	0	0	0	0	0	0	0	0	0	0	0	0	0	0	0	0	0	0	0	0	0	0	0	0	0	0	0	0	1519	0	0	0	99	295	1148	3	0	0	0	0	0	174	0	0	0	0	0	0	0	0	0	0
OTU208	0	0	0	0	0	0	0	0	0	3	0	16	16	136	120	3	0	42	0	11	9	10	0	0	70	0	4	6	16	0	2	0	10	1	14	28	26	151	0	0	0	0	39	257	0	0	11	133	0	0	331	450	226	0	2	0	0	121	0	173	16	56	0	0	14	0	0	0	20	6	11	101	0	12	24	0	3	51	71	0	23	2	0	0	2	0	0	0	31	0	39	0	0	0	32	0	37	0	2	0	1	0	1	488	0	149	35	10	216	2	0	0	0	0	61	100	9	0	0	2	1	0	0	46	123	0	0	0	0	29	0	4	4	2	0	0	2	261	0	44	0	4	1
OTU209	0	0	0	0	0	0	0	0	0	1	1	0	0	0	0	0	127	0	0	3	0	0	0	4	0	0	0	0	0	0	0	0	0	0	0	0	0	0	0	0	0	0	7	9	0	0	0	0	0	0	0	2526	0	0	1	0	0	0	0	0	0	0	0	0	0	0	0	13	0	0	0	0	2	0	0	0	1	0	0	0	0	0	0	4	0	0	0	0	0	0	0	0	0	0	0	0	0	0	0	0	0	0	0	0	0	0	0	0	0	0	0	0	0	0	0	0	0	0	3	0	0	0	0	0	0	0	0	0	0	0	0	2	0	0	1	0	0	0	0	0	0	0	0
OTU210	0	0	0	0	0	0	0	0	1	1	0	1	2	14	111	0	8	6	15	0	84	159	0	25	21	0	34	0	0	0	0	0	25	0	0	1	6	7	0	0	5	0	9	1	0	0	4	0	0	0	1	19	1	1	41	45	10	0	0	4	264	2	0	7	8	0	0	131	12	0	13	1	22	19	147	216	30	3	0	0	4	0	0	2	4	0	0	0	44	10	3	0	305	3	0	0	1	5	23	0	55	0	4	20	0	8	8	49	20	0	0	2	0	0	101	42	0	0	0	1333	8	0	0	196	4	4	0	0	1	25	392	2	12	0	0	0	0	209	7	0	0	0	0
OTU211	0	0	61	0	0	0	0	0	0	0	0	0	0	0	0	0	0	0	0	0	0	0	0	0	0	0	0	0	0	0	0	0	0	0	0	0	0	0	0	0	0	0	0	0	0	0	0	0	0	0	0	0	0	0	0	0	0	0	0	0	0	0	0	0	0	0	0	0	0	0	0	0	0	0	0	0	0	3079	0	0	0	0	0	0	0	0	0	0	0	0	0	0	0	0	0	0	0	0	0	0	0	0	0	0	0	0	0	0	0	0	0	0	0	0	0	0	0	0	0	0	0	0	0	0	0	0	0	0	0	0	0	0	0	0	0	0	0	0	0	0	0	0	0
OTU212	0	0	0	0	0	0	0	0	2	1	371	0	0	0	0	0	19	0	0	6	0	0	5	6	0	4	0	0	0	20	3	4	0	0	0	0	0	0	31	11	67	0	119	10	0	0	6	2	0	44	0	0	0	154	0	0	99	0	0	0	138	0	0	0	12	0	0	0	0	0	2	0	0	0	0	0	2	303	0	0	0	0	0	20	0	0	1374	3	0	0	0	0	0	0	0	0	0	8	0	0	0	0	0	0	0	0	4	0	0	1	1	0	0	0	0	5	0	0	205	0	0	0	7	0	0	0	2	0	0	0	0	47	1	1	100	0	0	0	0	0	0	1	1
OTU213	0	0	0	0	0	0	0	0	0	4	0	0	0	3	0	0	0	4	0	39	0	0	0	0	0	0	0	0	112	0	0	0	68	16	97	153	206	1467	0	0	0	0	0	0	0	0	0	8	0	0	429	2	54	0	0	0	0	0	0	0	4	1	0	0	0	0	0	0	0	0	7	0	0	0	0	0	0	1	75	0	38	0	0	0	0	0	0	0	0	0	3	0	0	0	60	0	0	0	0	0	0	0	0	10	0	36	46	6	508	0	0	0	0	0	0	0	0	0	0	0	0	0	0	265	821	4	0	0	0	0	0	0	6	0	0	0	0	0	0	0	0	0	0
OTU214	0	0	0	0	0	0	0	0	115	0	0	0	0	0	176	0	0	0	0	0	0	0	0	0	0	0	0	0	0	0	0	0	0	0	0	0	0	0	0	0	2	0	0	0	0	0	0	0	0	0	0	0	0	0	0	0	0	0	0	0	1	0	0	0	0	0	0	0	0	0	0	0	5	0	0	0	0	0	0	0	0	0	0	14	109	0	0	0	0	114	0	0	0	0	0	0	0	0	0	0	0	0	0	0	0	0	0	3	5	0	0	0	0	0	121	57	0	0	0	0	139	0	0	0	0	0	0	0	0	2046	0	0	0	0	0	0	0	383	0	0	0	0	0
OTU215	0	0	0	0	0	0	0	0	0	0	0	0	0	0	0	0	0	0	0	0	0	0	0	0	0	0	0	0	0	0	0	0	0	0	0	0	0	0	0	0	0	0	16	3	0	0	0	0	1057	0	0	0	0	0	0	0	0	0	0	0	0	0	0	0	698	0	0	0	0	0	0	0	0	0	0	0	0	0	0	0	0	0	4	0	0	0	0	0	0	0	0	0	0	0	0	0	0	0	0	0	0	0	0	0	0	0	54	44	7	1217	0	87	80	0	0	0	0	0	0	0	0	0	0	0	0	0	0	0	0	0	0	0	0	0	0	0	0	0	0	0	0	0	577
OTU216	0	11	0	0	0	0	0	0	0	0	0	218	1040	82	0	0	0	0	0	0	0	0	22	0	0	0	0	566	0	0	236	0	1	27	3	4	14	0	17	0	0	0	34	1	0	817	0	0	0	0	0	0	0	0	0	0	0	0	0	0	10	0	0	0	0	0	0	0	0	0	45	0	0	0	0	0	0	0	0	0	0	31	0	36	0	0	0	0	0	0	0	0	0	0	0	67	0	0	0	0	0	220	0	0	40	0	0	0	0	0	0	5	10	0	0	0	0	1	349	0	0	280	3	0	1	4	13	361	43	0	0	0	0	0	0	109	53	0	0	0	0	0	0
OTU217	0	0	0	0	0	0	0	0	0	0	0	1	0	0	0	0	0	0	0	0	0	0	0	0	0	0	0	1092	0	0	0	3	0	0	0	0	0	0	21	24	0	0	0	0	0	14	0	0	0	0	0	0	0	0	0	0	0	0	0	0	0	0	0	0	0	0	0	0	0	0	0	0	0	0	0	0	0	0	0	0	0	19	0	0	0	0	0	0	0	0	0	741	0	0	0	0	0	0	0	426	0	0	0	0	0	0	0	3	0	3	0	25	118	0	0	0	0	0	161	0	0	0	0	0	0	0	0	0	0	0	0	0	0	0	0	2	0	0	0	0	8	0	0
OTU218	0	0	0	0	0	0	0	0	0	7	0	0	0	0	0	0	12	0	0	48	0	0	0	0	0	32	0	0	0	201	0	1117	0	0	0	0	0	0	0	0	1	0	20	4	0	0	0	0	0	430	0	0	0	1	0	0	0	0	0	0	0	0	0	72	0	3	0	0	69	0	0	6	1	3	0	0	140	0	0	0	0	0	0	0	0	0	0	0	0	0	0	0	0	0	0	0	0	0	0	0	0	0	115	0	0	0	62	307	11	0	0	5	0	0	0	0	0	0	186	0	0	0	0	0	0	0	0	0	0	0	0	0	2	0	0	0	0	0	0	0	0	0	0
OTU219	0	0	0	0	0	0	0	0	0	0	0	0	0	0	0	0	0	0	0	0	0	0	0	0	0	0	0	0	864	0	0	0	0	0	0	0	1	0	0	0	0	0	0	0	1531	0	0	0	0	0	0	0	0	0	0	0	0	0	0	0	0	0	0	0	0	0	0	0	289	187	0	775	0	0	1	0	0	0	0	0	0	0	0	0	0	0	0	0	0	0	0	0	0	1	0	0	0	0	0	0	0	0	0	0	0	0	0	0	0	0	0	0	0	0	0	0	0	0	0	0	0	0	0	0	0	0	0	0	0	0	0	0	0	0	0	0	0	0	0	0	0	0	0
OTU220	0	0	0	0	0	0	0	0	0	0	0	0	0	0	0	0	0	0	0	0	0	0	0	0	0	0	0	0	0	0	0	0	0	0	0	0	0	0	0	0	0	0	0	0	0	0	0	0	0	0	0	0	0	0	0	0	0	0	0	0	0	3210	0	0	0	0	0	0	0	0	0	0	0	0	0	0	0	0	0	0	0	0	0	0	0	0	0	0	0	0	0	0	0	0	0	0	0	0	0	0	0	0	0	0	0	0	0	0	0	0	0	0	0	0	0	0	0	0	0	0	0	0	0	0	0	0	0	0	0	0	0	0	0	0	0	0	0	0	0	0	0	0	0
OTU221	0	0	0	0	0	0	0	0	0	0	0	44	12	243	331	0	0	0	0	0	0	0	0	0	0	1880	0	0	0	0	0	0	0	0	0	0	0	0	0	0	0	0	9	79	0	0	0	0	0	0	0	0	0	0	0	0	0	0	0	11	3	0	0	0	0	0	0	0	0	0	2	0	0	0	0	0	0	0	0	0	2	0	0	0	0	0	0	0	0	0	5	0	0	0	0	0	0	0	0	0	0	0	0	0	0	0	16	0	38	0	0	0	0	0	298	127	0	0	0	0	0	0	0	0	0	0	0	0	0	153	0	0	0	0	0	0	0	569	0	0	0	0	0
OTU222	0	0	0	0	0	0	0	0	49	6	0	8	6	37	19	0	0	154	3	42	35	0	0	0	0	5	0	0	8	0	0	0	8	4	6	4	7	72	0	0	0	0	17	192	0	0	17	11	0	0	45	58	595	0	0	0	0	209	0	19	24	42	0	0	25	0	15	0	0	0	17	0	0	0	0	0	0	24	32	0	30	0	0	0	0	0	0	0	282	0	68	0	0	0	32	0	0	0	0	0	0	0	0	324	0	0	133	16	582	0	0	0	0	0	24	66	0	0	0	0	0	0	0	10	17	0	0	0	0	442	0	71	8	0	2	0	0	54	0	77	0	0	0
OTU223	0	0	5	0	0	0	0	0	1	0	3	151	19	0	36	0	39	0	5	9	4	10	125	6	0	0	0	240	2	65	5	9	28	144	53	67	654	3	30	0	0	4	3	4	1	2	2	0	12	49	0	102	1	76	0	0	6	0	0	0	2	2	1	0	0	40	0	10	58	14	1	141	3	0	0	0	1	55	1	28	0	37	0	2	2	0	0	2	0	3	0	8	0	36	1	188	0	0	1	20	17	0	34	0	457	0	4	1	12	6	2	7	11	32	39	6	1	2	87	1	1	13	0	2	4	2	28	6	3	0	11	0	0	142	0	1	0	87	19	15	0	94	10
OTU224	0	0	0	0	0	0	0	0	3	0	0	0	0	24	0	0	0	0	0	0	0	0	0	0	0	0	0	0	0	0	0	0	0	0	0	0	0	0	0	0	0	0	0	1	0	0	0	0	0	0	0	0	0	0	0	0	0	0	0	0	345	0	0	0	0	0	0	0	0	0	204	0	0	0	0	0	0	0	0	0	259	0	0	0	0	0	0	0	0	0	1976	0	0	1	0	0	0	0	0	0	0	0	0	0	0	0	0	0	0	0	0	0	0	0	0	0	0	0	0	0	0	0	0	0	0	0	0	0	0	0	0	0	0	0	0	1	0	0	0	0	0	0	0
OTU225	0	0	0	0	0	0	0	0	273	0	6	39	20	154	11	0	0	83	3	0	20	5	4	14	10	5	0	0	150	0	9	0	91	15	140	230	385	983	2	0	35	0	2	22	0	0	34	72	71	0	192	1	209	2	0	0	41	8	0	524	28	0	0	0	376	0	108	0	0	0	15	0	0	1	0	1	0	55	0	0	251	1	24	1	0	0	0	26	2135	0	23	0	0	87	175	0	0	0	1	0	2	0	0	110	0	10	25	4	62	93	2	8	5	0	5	22	0	0	53	0	0	0	0	43	93	0	0	0	0	247	8	12	0	0	3	0	0	19	0	2	0	4	50
OTU226	0	0	0	0	0	0	0	0	0	0	0	0	0	0	0	0	0	0	0	0	0	0	0	0	0	0	0	0	0	0	0	0	0	0	0	0	0	0	0	0	0	0	0	0	0	0	0	0	729	0	0	0	0	0	0	0	0	0	0	0	0	0	0	0	0	0	0	0	0	0	0	0	0	0	0	0	0	0	0	0	0	0	0	0	0	0	0	0	0	0	0	0	0	0	0	0	0	0	0	0	0	0	0	0	0	0	55	32	9	943	0	103	96	0	0	0	11	0	0	0	0	0	0	0	0	0	0	0	0	0	0	0	0	0	335	0	0	0	0	0	0	0	448
OTU227	0	0	0	0	0	0	0	0	0	0	0	0	0	0	0	0	0	0	0	0	0	0	0	0	0	0	1	0	0	0	0	0	0	0	0	0	0	0	0	0	0	0	0	0	0	0	0	0	168	0	0	0	0	0	8	1	0	0	0	0	0	0	0	0	0	0	9	0	0	0	0	0	0	0	0	0	0	0	0	0	0	0	0	0	0	0	0	0	0	0	0	0	0	0	0	0	0	0	0	0	0	0	0	0	0	0	17	8	4	182	2203	24	16	0	0	0	0	0	0	0	0	0	0	0	0	0	0	0	0	0	0	0	0	0	0	0	0	0	0	0	0	0	147
OTU228	0	0	0	0	0	0	0	0	1	6	0	0	0	1	0	0	0	131	0	18	1	0	0	0	0	0	0	0	0	0	0	0	0	1	0	0	3	5	0	0	0	0	9	55	0	0	53	108	0	0	74	0	5	0	0	0	0	171	0	0	1	7	0	0	81	0	0	0	0	0	2	0	0	0	0	0	0	31	69	0	12	0	0	0	0	0	0	0	62	0	0	0	0	0	19	0	0	0	0	0	0	0	0	1576	0	0	3	2	0	0	0	0	0	0	0	13	0	0	0	0	0	0	0	0	2	0	0	0	0	0	0	2	2	0	0	0	0	0	0	205	0	0	0
OTU229	0	0	0	0	0	0	0	0	0	0	0	0	0	0	1225	0	0	0	0	0	0	0	0	0	0	0	0	0	0	0	0	0	0	0	0	0	0	0	0	0	0	0	0	0	0	0	4	0	0	0	0	0	0	2	0	0	0	0	0	0	0	0	0	0	0	0	0	0	0	0	0	0	0	0	0	0	0	0	0	0	0	0	0	0	0	0	0	0	0	0	0	0	1	0	0	0	1	0	0	0	1	0	0	1	0	0	0	0	0	0	0	0	0	0	963	393	0	0	0	0	0	0	0	70	204	3	0	0	0	0	0	0	0	0	115	0	0	2749	0	3	0	0	0
OTU230	0	0	0	0	0	0	0	0	0	0	0	0	0	0	1	24	0	0	0	0	0	0	0	0	0	0	0	0	0	0	0	148	0	0	0	0	0	0	310	0	0	0	0	0	0	0	0	0	0	0	0	0	0	0	0	0	0	0	0	0	0	0	0	0	0	0	0	0	0	0	0	0	0	0	0	0	0	0	0	0	0	0	0	0	0	233	0	0	0	0	0	0	1	0	0	0	0	0	0	0	0	0	0	0	0	0	0	0	0	0	603	0	0	828	0	0	0	0	0	0	0	0	0	0	0	0	4	19	39	0	998	0	0	0	0	0	0	0	0	0	0	569	0
OTU231	0	0	0	0	0	0	0	0	0	0	0	27	119	8	0	46	0	0	39	1	0	0	0	0	0	0	0	340	0	20	267	0	8	15	15	24	295	0	0	197	0	51	0	0	0	284	0	0	6	0	0	0	0	0	0	0	0	0	0	0	8	0	36	0	0	0	0	0	0	0	22	0	0	0	0	0	0	0	0	105	0	155	0	0	0	95	101	0	0	0	0	211	0	0	0	130	0	0	0	522	0	21	0	0	146	0	6	2	0	3	0	11	65	134	0	0	24	88	0	0	0	21	0	5	10	8	123	28	42	0	0	0	0	110	0	40	438	0	0	0	1	32	2
OTU232	0	0	0	0	0	0	0	0	0	1	43	63	19	0	0	2	109	0	57	2	0	0	2	12	1	59	0	52	0	19	42	0	1	37	60	4	64	0	7	0	11	86	0	0	0	502	5	0	485	4	0	0	0	5	0	0	6	0	0	0	6	0	43	0	0	0	156	0	0	0	11	0	0	0	10	0	0	0	0	132	0	23	14	1	8	20	53	48	0	12	0	25	0	5	0	32	1	0	0	51	0	111	0	0	57	0	56	50	9	478	211	136	140	5	0	0	63	80	0	0	19	3	263	0	5	41	19	90	5	0	4	33	0	58	0	2	0	0	0	0	43	1664	405
OTU233	0	0	0	0	0	0	0	0	0	0	0	0	0	0	672	0	0	0	0	0	0	0	0	0	0	0	0	0	0	0	0	0	0	0	0	0	0	0	0	0	0	0	0	0	0	0	0	0	0	0	0	0	0	0	0	0	0	0	0	0	0	0	0	0	0	0	0	0	0	0	0	0	0	0	0	0	0	0	0	0	0	0	0	0	0	0	0	0	0	0	0	0	0	16	0	0	0	0	0	0	0	0	0	0	0	0	0	0	0	0	28	0	0	0	434	177	0	0	0	0	0	0	0	0	0	0	0	0	0	0	0	0	0	0	0	0	0	1373	0	0	0	0	0
OTU234	0	0	0	0	0	0	0	0	0	0	0	0	0	0	0	0	0	0	0	0	0	0	0	0	0	0	0	0	0	0	0	0	0	0	0	0	0	0	0	0	0	0	0	0	0	0	0	0	0	0	993	0	8	0	0	0	0	190	0	0	0	11	0	0	0	0	0	0	0	0	0	0	0	0	0	0	0	0	0	0	0	0	0	0	0	0	0	0	0	0	0	0	0	0	0	0	0	0	0	0	0	0	0	0	0	0	1238	115	52	2	0	3	0	0	0	0	0	0	0	0	0	0	0	0	0	0	0	0	0	0	0	0	0	0	0	0	0	0	0	0	0	0	0
OTU235	0	0	0	0	0	0	0	0	0	0	3	0	0	5	0	12	6	0	0	6	0	0	3	0	0	0	0	0	0	7	0	0	0	0	0	0	0	0	336	2	0	0	4	3	0	0	0	7	0	10	0	15	0	736	0	0	0	0	0	0	1	0	0	0	0	0	0	0	0	0	0	0	0	0	0	0	0	0	0	0	0	0	0	0	0	71	0	0	0	0	0	73	0	2	0	1	0	0	0	15	0	2	0	0	0	0	0	0	0	0	0	0	0	37	0	0	0	0	257	0	0	0	0	18	11	16	22	210	406	0	2	0	1	0	0	0	1	0	0	1	0	0	0
OTU236	0	0	0	0	0	0	0	0	0	0	0	0	0	0	0	0	0	0	384	1	0	0	0	0	0	0	0	0	0	21	636	0	10	60	746	11	1	0	0	0	0	326	0	0	0	0	0	0	561	1	0	0	0	0	0	0	0	0	0	0	0	0	164	2	0	0	0	0	0	0	0	0	0	0	0	0	0	0	0	0	0	0	0	0	0	2	0	0	0	0	0	0	0	0	0	92	0	0	0	1176	2	0	0	0	0	0	73	23	6	630	2	117	82	0	0	0	0	0	0	0	0	0	8	1	4	1	1	54	3	0	2	0	0	3	0	0	8	0	0	0	0	0	361
OTU237	0	0	0	0	0	0	0	0	0	0	0	0	0	2	0	0	0	0	0	0	0	0	0	0	0	0	0	0	0	0	0	0	0	0	0	0	0	0	0	0	0	0	0	0	0	0	0	0	0	0	0	9	0	0	0	0	0	0	0	0	0	0	0	0	0	0	0	0	0	0	0	0	0	0	0	0	0	0	0	0	0	0	0	0	0	0	0	0	0	0	0	0	0	0	0	0	0	0	0	0	0	0	0	0	0	0	0	0	0	0	0	0	0	0	0	0	0	0	0	0	0	0	0	0	0	0	0	0	0	0	0	2799	0	0	0	0	0	0	0	0	0	0	0
OTU238	0	0	0	0	0	0	0	0	0	0	0	1	0	0	0	0	0	0	0	0	0	0	0	0	0	0	0	0	0	0	0	0	0	0	0	0	0	0	0	0	0	0	4	3	0	0	0	0	0	0	0	2659	0	0	0	0	0	0	0	0	0	0	0	0	0	0	0	0	0	0	0	0	0	0	0	0	0	0	67	0	0	0	0	0	0	0	0	0	0	0	0	0	0	0	0	0	0	0	0	0	0	0	0	0	0	0	0	0	0	0	0	0	0	0	0	0	0	0	0	0	0	0	0	0	0	0	0	0	0	0	0	0	0	0	0	0	0	0	0	0	0	0	0
OTU239	0	0	0	0	0	0	0	0	0	0	0	0	0	0	0	0	0	0	0	0	1	0	0	0	0	0	0	1	0	1	0	0	0	0	0	0	0	0	0	0	0	0	0	0	0	1	0	0	0	0	0	0	0	0	0	0	0	0	0	0	0	2678	0	0	0	0	0	0	0	0	0	0	0	0	0	0	0	0	0	0	0	0	0	0	0	0	0	0	2	0	0	0	0	0	3	0	0	0	0	0	0	2	0	0	0	0	0	0	0	0	0	0	4	0	0	0	0	0	0	0	0	0	0	0	1	0	0	0	0	0	0	0	0	0	0	0	0	1	0	0	0	0	0
OTU240	0	0	0	0	0	0	0	0	2659	0	0	0	0	0	0	0	0	0	0	0	0	0	0	0	0	0	0	0	0	0	0	0	0	0	0	0	0	0	0	0	0	0	0	0	0	0	0	0	0	0	0	0	0	0	0	0	0	0	0	0	24	0	0	0	0	0	0	0	0	0	0	0	0	0	0	0	0	0	0	0	0	0	0	0	0	0	0	0	0	0	0	0	0	0	0	0	0	0	0	0	0	0	0	0	0	0	0	0	0	0	0	0	0	0	0	0	0	0	0	0	0	0	0	0	0	0	0	0	0	0	0	0	0	0	0	0	0	0	0	0	0	0	0
OTU241	0	0	0	0	0	0	0	0	0	8	233	4	32	2	20	10	65	0	25	20	16	51	90	218	0	0	0	36	4	24	118	39	218	20	68	141	14	0	49	1058	6	17	54	13	2	0	0	0	10	74	0	0	0	87	17	53	58	0	0	0	24	0	10	0	0	35	89	7	19	0	17	27	12	19	27	10	1	0	0	11	18	13	194	59	55	29	260	191	0	55	2	2	27	62	0	4	60	86	23	1	163	7	1	0	1	0	2	26	2	10	198	0	5	247	7	6	4	27	179	191	74	0	109	6	14	78	0	1	0	12	80	41	30	2	89	0	0	39	5	0	14	0	3
OTU242	0	0	0	0	0	0	0	0	0	0	0	1	0	7	16	0	0	0	0	0	0	0	0	0	0	0	0	0	224	0	0	0	123	27	220	223	299	1730	0	0	0	0	0	0	0	0	0	0	0	0	0	0	0	0	0	0	0	0	0	121	16	0	0	0	0	0	0	0	0	0	1	0	0	0	0	0	0	0	35	0	72	0	0	0	0	0	0	0	0	0	2	0	0	0	2	0	0	0	0	0	0	0	0	0	0	0	0	0	0	0	0	0	0	0	3	43	0	0	0	0	0	0	0	2	1	0	0	0	0	0	0	0	0	0	0	0	0	22	0	0	0	0	0
OTU243	0	0	0	0	0	0	0	0	0	0	0	0	0	0	0	0	3	0	0	0	0	0	0	0	0	0	0	0	0	0	0	58	0	0	0	0	0	0	0	0	1880	0	263	34	0	0	0	0	3	0	0	0	0	0	0	0	47	0	0	0	1	0	0	0	0	0	0	0	2	0	0	0	0	0	0	0	0	0	0	0	0	0	0	0	0	0	0	0	0	0	0	0	0	0	0	0	0	0	0	0	0	0	0	0	0	0	0	0	0	2	0	0	0	0	0	0	0	0	0	0	0	0	0	6	0	0	0	0	0	0	0	0	0	0	28	0	0	0	0	0	0	0	0
OTU244	0	0	0	0	0	0	0	0	0	0	0	0	1	0	0	0	0	0	0	0	0	0	0	0	0	0	0	0	0	0	0	0	0	0	0	0	0	0	0	0	0	0	0	0	0	0	0	0	0	0	0	0	0	0	0	0	0	0	0	0	0	0	0	0	0	0	0	0	0	0	0	0	0	0	0	0	0	0	0	0	0	0	0	0	0	0	0	0	0	0	0	0	0	0	0	0	0	0	0	0	0	0	0	0	0	0	150	95	15	91	0	1624	426	0	0	0	0	0	0	0	0	0	0	0	0	0	0	0	0	0	0	0	0	0	0	0	0	0	0	0	0	0	0
OTU245	0	0	0	0	0	0	0	0	0	0	0	2	7	0	0	0	0	0	0	0	0	0	0	0	0	0	0	0	0	0	29	0	0	6	0	0	0	0	0	0	0	0	0	0	0	0	0	0	1	1	0	0	0	0	0	0	0	0	0	0	1	0	0	0	0	0	0	0	0	0	4	0	0	0	0	0	0	0	0	2	0	6	0	0	0	0	1	1	0	0	0	317	0	0	0	1	0	0	0	0	0	0	0	0	0	0	0	0	0	1	2	0	0	0	0	0	162	0	0	0	0	5	0	0	2	0	0	0	1	0	0	0	0	0	3	1931	0	0	0	0	26	0	0
OTU246	0	0	0	0	0	0	0	0	2356	0	0	0	0	0	0	1	0	0	0	0	0	0	0	0	0	0	0	0	0	0	0	0	0	0	0	0	0	0	0	0	0	0	0	0	0	0	0	0	0	0	0	0	0	0	0	0	0	0	0	0	6	0	0	0	0	0	0	0	0	0	0	0	0	0	0	0	0	0	0	0	0	0	0	0	0	0	0	0	0	0	0	0	0	0	0	0	0	0	0	0	0	0	0	0	0	0	0	0	0	0	0	0	0	0	0	0	0	0	0	0	0	0	0	0	0	0	0	0	0	0	0	0	0	0	0	0	0	0	0	0	0	0	0
OTU247	0	0	0	0	0	0	0	0	0	0	0	267	64	3	0	0	0	0	20	0	0	0	0	0	0	0	0	59	0	0	0	0	2	1	78	6	6	0	0	0	4	19	0	0	0	0	0	0	108	0	0	0	0	0	0	0	5	0	0	0	5	0	5	0	0	0	85	0	0	0	0	0	0	0	0	0	0	0	0	0	0	0	29	0	0	0	0	9	0	0	0	0	0	31	0	0	0	0	0	0	0	1459	0	0	2	0	13	9	0	112	32	17	18	3	0	0	1	0	29	0	0	0	62	0	0	0	0	0	0	0	0	273	0	0	42	0	0	0	0	0	0	7	71
OTU248	0	0	0	0	0	0	0	0	0	908	0	0	0	0	0	0	0	0	17	114	41	75	0	0	0	0	0	0	0	0	0	0	7	4	18	148	12	0	0	0	0	0	0	0	0	0	0	0	0	0	0	0	0	0	14	2	0	0	0	0	0	0	0	0	0	0	0	0	0	0	0	1	0	0	324	0	97	0	0	0	0	0	0	0	0	0	0	0	0	0	0	0	0	0	0	0	3	140	0	0	0	0	0	0	0	0	88	85	21	50	0	908	239	0	0	0	0	0	0	1	0	0	0	0	0	1	0	0	0	0	0	0	84	0	0	0	0	0	0	0	0	0	0
OTU249	0	0	0	0	0	0	0	0	18	1	0	6	6	29	180	0	0	247	0	15	3	0	0	0	0	97	0	0	6	0	0	0	6	2	6	18	8	58	0	0	0	0	10	109	0	0	12	11	1	0	28	35	353	0	0	0	3	75	0	19	16	6	0	0	44	0	33	0	0	0	14	3	0	0	0	0	0	6	55	0	35	0	0	1	0	0	0	0	37	0	96	0	0	0	26	0	1	0	0	0	0	0	0	321	0	152	142	8	129	2	0	0	0	0	119	76	0	0	0	0	1	0	0	15	49	0	0	0	0	13	0	18	6	0	4	0	0	362	0	38	0	4	0
OTU250	0	0	0	0	0	0	0	0	1	0	108	167	124	57	0	75	8	0	13	2	0	0	69	11	0	0	0	219	0	11	175	2	5	42	18	7	95	0	52	8	3	26	15	2	0	89	0	0	17	8	0	0	0	3	0	0	67	0	0	0	21	0	15	0	0	0	54	0	0	0	55	0	0	0	0	0	0	5	0	18	1	88	28	26	0	165	263	5	0	0	0	8	0	167	0	48	0	0	0	7	0	19	0	0	23	0	3	2	2	18	29	14	51	8	0	0	0	199	92	0	0	8	7	28	31	54	220	289	399	0	111	37	0	11	30	71	117	0	0	0	23	64	10
OTU251	0	0	0	0	0	0	0	0	0	0	0	0	0	0	0	0	0	0	0	0	0	0	0	0	0	0	0	0	0	0	0	0	100	3	4	0	0	0	0	0	0	0	0	0	0	0	0	0	0	0	0	0	0	0	0	0	0	0	0	0	0	0	0	0	0	0	0	0	0	0	0	0	0	0	0	0	0	0	0	0	0	0	0	0	0	0	0	0	0	0	0	0	0	0	0	0	0	2196	0	0	0	0	0	0	0	0	0	0	0	0	0	0	0	0	0	0	0	0	0	0	0	0	0	0	0	0	0	0	0	0	0	0	0	0	0	0	0	0	0	0	0	0	0
OTU252	0	0	0	0	0	0	0	0	0	0	0	0	0	0	0	0	0	0	0	0	1	0	0	0	0	0	0	0	0	0	0	0	0	0	0	0	0	0	0	0	1	0	0	0	0	0	0	0	2	0	0	0	0	0	0	0	0	0	0	0	0	0	0	0	0	0	0	0	0	0	0	0	13	0	0	0	0	3	0	0	0	0	0	6	50	0	0	0	0	52	0	0	0	0	0	0	0	0	0	0	0	0	0	0	0	0	0	0	0	1	0	0	0	0	0	0	0	0	0	0	72	0	0	0	0	0	0	0	0	2112	0	0	0	0	0	0	0	0	0	0	0	0	2
OTU253	0	0	0	0	0	0	0	0	0	3	0	184	959	50	0	0	0	0	371	19	0	0	0	0	0	0	0	6	0	244	49	0	0	162	3	0	0	0	0	3	0	295	0	0	0	147	0	0	0	0	0	0	0	0	0	0	0	0	0	0	0	0	196	0	0	0	0	0	0	0	6	0	0	0	0	0	0	0	0	3	0	0	0	0	0	6	0	0	0	0	0	75	0	0	0	65	0	0	0	1	0	0	0	0	0	0	0	0	0	0	0	1	0	18	0	0	0	4	0	0	0	1	0	0	0	0	0	0	0	0	0	0	2	55	0	17	0	0	0	0	0	0	0
OTU254	0	0	0	0	0	0	0	1	9	0	0	42	28	209	57	0	0	57	0	1	2	0	0	0	0	7	0	0	1	0	0	0	0	0	2	1	4	15	0	0	0	0	8	46	0	0	13	33	0	0	27	156	63	0	0	0	1	33	0	50	21	38	0	0	8	0	11	0	0	0	13	0	0	0	0	0	0	41	93	0	56	0	0	0	0	0	0	0	72	0	26	0	0	0	2493	0	0	0	0	0	0	0	0	60	0	35	58	2	47	0	0	0	0	0	43	20	0	0	0	0	0	0	0	1	4	0	0	0	0	31	0	0	0	0	10	0	0	84	0	55	0	1	0
OTU255	0	0	0	0	0	0	0	0	45	0	0	0	2	20	0	0	0	0	1	0	0	0	0	0	0	0	0	0	0	0	0	0	0	0	0	0	0	0	0	0	3	0	0	0	0	0	0	0	0	0	0	0	0	0	0	0	117	0	0	0	0	0	0	0	0	0	0	0	0	0	0	0	0	0	1	0	0	0	0	0	0	0	3	0	0	0	0	0	0	0	0	0	0	2007	0	0	0	0	0	0	0	0	0	0	0	0	0	0	4	0	0	0	0	0	0	0	0	0	0	0	0	0	0	0	0	0	0	0	0	115	0	0	0	0	0	0	0	3	0	0	0	0	0
OTU256	0	0	0	0	0	0	0	0	0	0	0	0	0	0	0	0	0	0	0	0	0	0	0	0	0	0	0	0	0	0	0	0	0	0	0	0	0	0	0	0	0	0	0	0	0	0	0	0	719	0	0	0	0	0	0	0	0	0	0	0	0	0	0	0	0	0	0	0	0	0	0	0	0	0	0	0	0	0	0	0	0	0	0	0	0	0	0	0	0	0	0	0	0	0	0	0	0	0	0	0	0	0	0	0	0	0	47	36	4	707	0	65	56	0	0	0	0	0	0	0	0	0	0	0	0	0	0	0	0	0	0	0	0	0	1	0	0	0	0	0	0	0	424
OTU257	0	0	0	0	0	0	0	0	0	1	5	14	29	4	0	12	0	0	28	13	0	0	12	0	0	0	0	618	0	157	0	0	11	19	11	9	215	0	0	0	0	25	1	0	0	0	0	0	1	0	0	0	0	0	0	0	0	0	0	0	3	0	20	0	0	0	0	0	0	0	1	0	0	0	0	0	0	0	0	0	0	181	0	0	0	12	0	0	0	0	0	0	0	0	0	0	0	0	0	45	0	45	0	0	72	0	2	2	0	5	0	24	92	80	0	0	78	3	0	0	0	80	0	2	4	2	20	65	101	0	0	0	0	187	0	0	146	0	0	0	0	55	0
OTU258	0	0	0	0	0	0	0	0	6	0	2	8	7	65	0	0	1	0	0	12	0	0	0	0	0	42	0	0	1	0	0	0	1	0	0	4	4	12	44	21	0	0	0	0	0	0	88	874	1	0	8	0	2	0	0	0	0	8	0	0	64	5	0	0	63	0	0	0	0	0	34	0	0	0	0	0	0	333	3	0	92	0	0	12	0	0	0	29	0	0	546	0	0	8	0	0	0	13	0	0	0	0	0	1	0	0	227	22	5	1	0	0	0	0	4	164	0	0	0	0	0	0	0	2	2	0	0	0	0	20	0	0	4	0	0	0	0	0	0	4	1	0	0
OTU259	0	0	0	0	0	0	0	0	0	0	0	0	0	0	0	0	0	0	0	0	0	0	0	0	0	0	0	304	0	0	0	0	0	0	0	0	0	0	0	0	0	0	0	0	0	0	0	0	0	0	0	0	0	0	0	0	0	0	0	0	0	0	0	0	0	0	0	0	0	0	0	0	0	0	0	0	0	1	0	0	0	0	0	0	0	0	0	0	0	0	0	0	0	0	0	0	0	0	0	0	0	0	0	0	0	0	0	0	0	0	0	0	0	0	0	0	46	0	0	0	0	0	0	4	4	17	60	1945	87	0	0	0	0	0	0	0	0	0	0	0	6	0	0
OTU260	0	0	0	0	0	0	0	0	0	0	0	0	0	0	0	0	0	0	0	0	0	0	0	0	0	0	0	0	0	0	0	0	0	0	0	0	0	0	0	0	0	0	0	0	0	0	0	1	0	0	0	0	344	0	0	0	0	0	0	0	0	32	0	0	0	0	0	0	0	0	0	0	0	0	0	0	0	0	407	0	0	0	0	0	0	0	0	0	0	0	0	0	0	0	0	0	0	0	0	0	0	0	0	1903	0	0	13	1	0	0	0	0	0	0	0	0	0	0	0	0	0	0	0	0	2	0	0	0	0	0	0	0	0	0	0	0	0	0	0	0	0	0	0
OTU261	0	0	0	0	0	0	0	0	1	1	1	82	306	11	0	0	2	0	82	7	0	0	3	23	0	0	0	67	0	32	126	0	0	151	14	5	16	0	17	0	0	34	0	0	0	90	0	0	0	21	0	0	0	8	0	0	0	0	0	0	11	0	31	0	0	0	0	0	0	0	62	0	0	0	0	0	0	0	0	154	2	28	0	2	0	4	3	0	0	0	0	36	0	1	0	47	0	0	0	398	0	523	0	0	123	0	0	1	0	0	0	5	34	64	0	0	78	0	6	0	0	121	1	0	0	8	74	64	40	0	0	0	0	16	0	298	0	0	0	0	65	0	0
OTU262	0	0	0	0	0	0	0	0	0	0	0	0	0	0	0	0	0	0	0	0	0	0	0	0	0	0	0	0	0	0	0	0	0	0	0	0	0	0	0	0	0	0	0	0	0	1896	0	0	0	0	0	0	0	0	0	0	0	0	0	0	0	0	0	0	0	0	0	0	0	0	0	0	0	0	0	0	0	0	0	0	0	0	0	0	0	0	0	0	0	0	0	0	0	0	0	0	0	0	0	0	0	0	0	0	0	0	0	0	0	0	0	0	0	0	0	0	0	0	0	0	0	0	0	0	0	0	0	0	0	0	0	0	0	0	0	0	0	0	0	0	0	0	0
OTU263	0	0	0	0	0	0	0	0	1	0	41	0	4	0	0	0	0	0	51	0	0	0	0	20	0	0	0	0	0	0	34	0	7	42	9	27	226	0	1	0	0	55	3	1	0	309	0	0	0	0	0	0	0	0	0	0	0	0	0	0	4	0	36	0	0	0	0	0	0	0	15	0	0	0	0	0	0	0	0	10	3	81	0	12	0	0	100	0	0	0	0	0	0	0	0	7	0	0	0	4	0	1128	0	0	144	0	0	0	0	0	0	0	4	0	0	0	0	0	2	0	0	730	0	13	27	68	432	205	331	0	2	12	0	5	0	724	0	0	0	0	348	0	0
OTU264	0	0	0	0	0	0	0	0	0	0	0	0	0	0	362	0	0	0	0	0	0	0	0	0	0	0	0	0	0	0	0	0	0	0	0	0	0	0	0	0	0	0	56	612	0	0	0	0	0	0	0	0	0	0	0	0	0	9	0	0	0	0	0	0	0	0	0	0	0	0	0	0	0	0	0	0	0	0	0	0	0	0	0	0	0	0	0	0	0	0	0	0	0	0	0	0	0	0	0	0	0	0	0	0	0	0	0	0	0	0	0	0	0	0	266	239	0	0	0	0	0	0	0	0	0	0	0	0	0	0	0	0	0	0	0	0	0	596	0	0	0	0	0
OTU265	0	0	0	0	0	0	0	0	243	0	0	0	1	2	72	0	0	22	3	0	32	3	0	0	0	0	0	0	0	0	0	0	0	0	0	0	0	0	0	0	0	0	7	143	0	0	2	0	0	0	343	0	22	0	0	0	0	0	0	0	3	0	0	0	0	0	0	0	0	0	3	0	0	0	0	0	0	8	2	0	29	0	0	0	0	0	0	0	0	0	5	0	0	0	132	0	0	0	0	0	0	0	0	138	0	1	6	0	3	0	0	0	0	0	37	18	0	0	0	0	0	0	0	0	0	0	0	0	0	545	0	0	0	0	0	0	0	89	0	0	0	0	0
OTU266	0	0	0	0	0	0	0	0	0	5	0	0	0	0	0	0	0	31	0	34	0	0	0	0	0	0	0	0	0	0	0	0	0	0	0	0	0	0	0	0	0	0	131	922	0	0	51	0	0	0	293	0	189	0	0	0	0	0	0	0	0	0	0	0	0	0	0	0	0	0	0	0	0	0	0	0	0	0	0	0	0	0	0	0	0	0	0	0	0	0	0	0	0	0	0	0	0	0	0	0	0	0	0	0	0	0	0	0	0	0	0	0	0	0	0	72	0	0	0	0	0	0	0	43	142	1	0	0	0	0	0	0	7	0	0	0	0	0	0	1	0	0	0
OTU267	0	0	0	0	0	0	0	0	0	0	0	0	2	0	0	0	0	0	682	0	0	0	0	0	0	0	0	0	0	0	0	0	0	0	0	0	0	0	1	0	0	829	0	0	0	0	0	0	0	0	0	0	0	0	0	0	0	0	0	0	0	0	514	0	0	0	0	0	0	0	3	0	0	0	0	0	0	0	0	0	0	0	0	0	0	0	0	0	0	0	0	0	0	0	0	0	0	0	0	0	0	0	0	0	2	0	0	0	0	0	0	0	4	0	0	0	0	0	0	0	0	0	0	0	0	0	0	0	0	0	0	0	0	0	0	0	0	0	0	0	0	0	0
OTU268	0	0	0	0	0	0	0	0	1	0	391	20	75	4	16	7	11	0	77	1	4	8	68	7	0	0	38	176	25	10	67	0	1	140	37	7	46	3	39	69	5	57	16	10	28	246	0	0	47	4	0	0	0	5	5	0	15	0	0	0	56	25	26	0	0	0	1	0	1	0	88	3	0	16	5	1	0	0	0	180	3	859	7	69	0	37	42	228	3	0	2	133	0	15	0	104	17	0	1	343	2	206	0	0	119	0	8	15	0	66	37	25	151	143	17	5	18	22	415	45	1	12	28	5	10	10	67	141	148	0	65	6	3	35	29	67	54	43	0	0	13	50	28
OTU269	0	0	0	0	0	0	0	0	3	0	4	1	0	0	14	0	0	0	0	0	2	0	0	0	1	0	0	1	0	0	0	0	108	2	4	0	0	0	0	0	0	0	3	29	0	0	0	0	0	0	7	468	351	0	12	0	0	39	0	0	57	0	0	0	0	0	0	0	0	0	55	0	65	0	0	0	0	0	0	0	189	0	1	0	0	1	0	0	0	0	455	0	0	0	72	0	0	0	0	0	0	0	0	63	0	0	29	3	0	0	0	0	0	0	9	6	0	0	0	1	0	0	0	57	1	0	0	1	0	0	0	0	0	0	0	0	0	28	0	78	0	0	0
OTU270	0	0	0	0	0	0	0	0	0	0	0	0	0	0	0	0	0	0	0	0	0	0	0	0	0	0	0	0	0	0	0	0	0	0	0	0	0	0	0	0	0	0	0	0	0	0	0	0	44	0	0	0	0	0	0	0	0	0	0	0	0	0	0	0	0	0	0	0	0	0	0	0	0	0	0	0	0	0	0	0	0	0	0	0	0	0	0	9	0	0	0	0	0	1997	0	0	0	0	0	0	0	0	0	0	0	0	3	1	0	38	0	4	10	0	0	0	0	0	0	0	0	0	0	0	0	0	0	0	0	0	0	384	0	0	0	0	0	0	0	0	0	61	17
OTU271	0	0	0	0	0	0	0	0	20	264	0	0	0	0	0	0	0	0	9	33	27	81	0	0	95	66	0	0	0	0	0	0	1	0	2	6	0	0	0	0	0	0	0	0	0	0	0	0	0	0	0	222	118	0	0	77	0	21	0	0	16	0	0	27	0	0	3	0	5	4	5	68	112	1	0	50	26	0	0	0	107	0	0	0	5	0	0	0	0	5	0	0	0	0	1410	0	3	0	10	0	0	0	0	49	0	0	0	0	633	0	0	0	0	0	0	0	0	0	0	0	13	0	0	6	7	0	0	0	0	0	0	0	31	0	0	0	0	0	0	0	0	0	0
OTU272	0	0	0	0	0	0	0	0	0	0	0	0	0	0	0	0	0	0	0	0	0	0	0	0	0	0	0	0	0	0	0	0	0	0	0	0	0	0	0	0	0	0	0	0	0	0	0	0	0	0	0	0	0	0	0	0	0	1505	0	0	0	0	0	0	1564	0	0	0	0	0	0	0	0	0	0	0	0	0	1	0	0	0	0	0	0	0	0	0	0	0	0	0	0	0	0	0	0	0	0	0	0	0	0	0	0	0	0	0	0	0	0	0	0	0	0	0	0	0	0	0	0	0	0	0	0	0	0	0	0	0	0	0	0	0	0	0	0	0	0	0	0	0	0
OTU273	0	0	0	0	0	0	0	0	105	951	59	41	18	2	6	44	22	24	39	175	183	458	11	22	344	42	90	153	22	76	80	328	91	39	287	346	129	3	4	4	20	4	247	364	12	182	9	19	65	230	64	1	20	248	95	22	309	6	0	0	639	2	0	65	17	15	306	11	352	3	27	47	49	9	41	22	21	16	6	325	18	762	12	41	43	23	6	240	0	66	17	123	106	23	0	135	1908	70	88	108	110	54	101	34	12	179	30	32	2	70	74	145	370	16	3	33	28	1	15	44	59	0	6	94	225	738	2	50	6	16	31	15	185	2	299	4	7	14	17	30	2	814	44
OTU274	0	0	0	0	0	0	0	0	0	8	0	0	0	0	0	0	0	0	0	37	0	0	0	0	0	0	0	0	0	104	0	29	0	0	0	0	0	0	0	0	1	0	38	3	0	0	0	0	25	261	0	0	0	0	0	1	0	0	0	0	0	0	0	0	0	0	0	0	0	0	0	0	0	0	0	0	0	0	0	0	0	0	0	0	0	0	0	0	0	0	0	0	0	594	0	0	391	0	0	0	0	0	0	0	0	0	5	2	0	36	0	5	2	0	0	0	0	0	0	0	0	0	0	0	0	0	0	0	0	0	0	0	1	0	0	0	0	0	0	0	0	0	11
OTU275	0	377	0	0	0	0	0	0	58	193	0	0	0	1	0	0	0	0	1	32	11	29	0	0	4	0	0	0	4	0	0	1	25	5	57	7	2	0	0	0	6	0	1	3	6	0	0	0	0	0	0	0	0	0	6	0	5	0	0	0	5	0	0	2	0	4	0	0	12	0	4	72	254	6	0	14	447	3	0	0	2	0	0	9	30	0	0	2	0	28	0	0	170	23	0	0	103	0	41	0	24	0	115	0	0	0	19	65	10	1	15	5	1	0	0	0	0	0	58	0	21	0	0	63	5	11	0	0	0	0	0	10	159	0	84	0	0	0	0	0	0	3	0
OTU276	0	0	0	0	0	0	0	0	0	0	141	0	3	0	0	0	111	0	0	3	0	0	29	46	0	0	0	17	0	17	1	25	0	0	0	0	0	0	564	40	0	0	36	4	0	0	0	0	0	31	0	0	0	49	0	0	0	0	0	0	2	0	0	0	8	0	0	0	0	0	2	0	0	0	0	0	42	0	0	28	0	8	0	29	0	27	364	29	0	0	0	3	0	0	0	14	2	2	0	3	0	9	0	0	8	0	0	0	0	0	0	0	2	71	0	0	0	0	314	0	0	1	0	0	0	0	6	19	24	0	4	0	0	4	0	0	4	0	0	0	0	0	0
OTU277	0	0	0	0	0	0	0	0	0	0	0	0	0	0	0	63	0	0	0	0	0	0	0	0	0	0	0	0	0	0	0	0	0	0	0	0	0	0	0	28	0	0	0	0	0	0	0	0	0	0	0	0	0	0	0	0	0	0	0	0	0	0	0	0	0	0	0	0	0	0	0	0	0	0	0	0	0	0	0	0	0	0	0	0	0	111	0	0	0	0	0	0	0	0	0	0	0	0	0	0	0	0	0	0	0	0	0	0	0	0	0	0	0	0	0	0	0	0	1314	0	0	0	0	0	0	0	0	0	0	0	259	0	0	0	0	0	2	0	0	0	0	0	0
OTU278	0	0	0	0	0	0	0	0	0	47	0	0	0	0	0	0	0	0	0	7	4	4	0	0	9	0	22	0	27	0	0	0	24	0	1	12	1	0	0	0	2	0	0	0	80	0	0	0	0	0	0	0	0	0	69	35	0	0	0	0	0	0	0	140	0	19	0	12	10	0	0	33	51	20	12	79	62	0	0	0	0	0	0	0	3	0	0	0	0	0	0	0	216	0	0	0	20	5	50	0	1	0	25	0	0	0	15	49	1	6	0	72	15	0	0	0	0	0	0	0	6	0	0	76	1	1	0	0	0	0	0	0	43	0	0	0	0	0	215	0	0	0	0
OTU279	0	0	0	0	0	0	0	0	0	0	0	0	0	0	0	0	0	0	452	0	0	0	0	0	0	0	0	1	0	2	0	0	0	5	0	0	0	0	0	0	0	441	0	0	0	2	0	0	0	0	0	0	0	0	0	0	0	0	0	0	0	0	274	0	0	0	0	0	0	0	0	0	0	0	0	0	0	0	0	0	0	1	0	0	0	2	0	0	0	0	0	0	0	1	0	0	0	0	0	0	0	414	0	0	1	0	0	0	0	0	0	2	0	0	0	0	0	1	0	0	0	0	0	0	0	0	0	0	0	0	0	0	0	143	0	0	1	0	0	0	2	0	0
OTU280	0	0	0	0	0	0	0	0	1	3	0	7	0	32	0	0	0	0	6	0	29	44	0	0	0	13	0	0	1	0	0	0	4	1	6	57	9	15	0	0	0	0	0	0	0	0	0	1	0	0	0	0	0	0	0	0	0	0	0	0	17	0	0	1	0	28	0	0	0	0	11	0	0	9	0	0	0	0	0	0	139	0	0	0	0	0	0	0	16	0	0	0	0	0	1443	0	0	0	0	0	3	0	0	0	0	234	1	0	3	0	0	0	0	0	0	0	0	0	0	0	0	0	0	0	1	0	0	0	0	31	0	0	0	0	0	0	0	0	6	0	0	0	0
OTU281	0	0	0	0	0	0	0	0	1	0	13	5	12	0	0	0	1	4	4	0	0	0	1	0	0	0	9	60	0	2	16	0	0	3	0	0	2	0	0	2	0	6	5	1	0	7	0	2	0	0	0	6	8	2	0	0	0	0	0	6	1	0	1	0	0	0	0	0	0	0	6	0	0	0	0	0	0	3	0	0	0	26	0	0	0	8	0	0	0	0	0	2	0	0	0	0	0	0	0	14	0	2	0	5	4	0	1	0	2	1	0	0	0	1571	0	0	45	0	14	0	0	7	0	1	5	2	3	1	1	0	0	0	0	0	0	12	1	0	0	9	0	0	0
OTU282	0	0	0	0	0	0	0	0	0	0	0	0	1	0	0	0	0	0	53	0	0	0	0	0	0	0	0	363	0	0	1287	0	5	1	21	18	180	0	0	0	0	45	13	0	0	0	0	0	2	0	0	0	0	0	0	0	0	0	0	0	0	0	33	0	0	0	0	0	0	0	0	0	0	0	0	0	0	0	0	0	0	0	0	0	0	10	0	0	0	0	0	0	0	0	0	0	0	0	0	0	0	0	0	0	0	0	7	5	2	10	0	58	217	0	0	0	0	14	0	0	0	0	0	1	0	9	117	0	0	0	6	27	0	2	0	0	2	0	0	0	0	1	0
OTU283	0	0	0	0	0	0	0	0	0	0	0	0	0	0	0	0	0	0	0	0	0	0	0	0	0	0	0	0	0	0	0	0	0	0	0	0	0	0	0	0	0	0	0	0	1	0	0	0	0	0	0	0	0	0	0	0	0	0	0	0	0	0	0	0	0	0	0	0	181	2	0	1505	0	0	0	0	0	0	0	0	0	0	0	0	0	0	0	0	0	0	0	0	0	0	0	0	0	0	0	0	0	0	0	0	0	0	0	0	0	0	0	0	0	0	0	0	0	0	0	0	0	0	0	0	0	0	0	0	0	0	0	0	0	0	0	0	0	0	0	0	0	0	0
OTU284	0	0	0	0	0	0	0	0	0	0	0	553	8	0	0	0	0	0	0	0	0	0	1	0	0	178	0	0	0	0	0	0	0	0	7	0	0	0	0	0	12	3	0	0	0	0	0	0	21	0	0	0	0	0	0	0	47	0	0	0	9	0	0	0	0	0	0	0	0	0	0	0	0	0	0	0	0	0	0	0	0	0	0	0	0	0	3	372	0	0	0	0	0	129	0	0	0	0	0	0	0	0	0	0	0	0	1	3	0	24	1	1	5	0	0	0	3	0	0	0	0	0	96	0	0	0	0	0	0	0	0	8	0	0	78	0	0	0	0	0	0	158	16
OTU285	0	0	0	0	0	0	0	0	2	0	2	0	0	0	0	0	0	0	0	0	0	0	0	0	0	0	0	48	0	8	18	0	0	9	9	2	4	0	111	0	0	0	2	0	0	176	0	0	0	0	0	0	0	82	0	0	0	0	0	0	20	0	0	0	0	0	0	0	0	0	76	0	0	0	0	0	0	0	0	31	0	540	0	9	0	0	47	0	0	0	0	9	0	0	0	51	0	0	0	5	0	206	0	0	4	0	0	0	0	0	0	0	0	40	0	0	0	0	38	0	0	1	0	7	5	14	29	88	132	0	56	0	0	12	0	0	0	0	0	0	5	0	0
OTU286	0	0	0	0	0	0	0	0	0	0	1	373	64	3	0	0	0	0	55	0	0	0	0	2	0	0	0	9	0	0	116	0	0	22	3	3	1	0	10	1	0	56	0	0	0	2	0	0	3	0	0	0	0	0	0	0	0	0	0	0	4	0	32	0	0	0	0	0	0	0	3	0	0	0	1	0	0	0	0	0	0	3	0	0	0	1	0	1	0	0	0	0	0	0	0	0	0	0	0	3	0	290	0	0	55	0	0	3	0	9	1	5	20	0	0	0	1	0	0	0	0	0	5	0	9	20	71	36	45	0	0	37	0	9	7	181	0	0	0	0	492	0	0
OTU287	0	0	0	0	0	0	0	0	0	0	0	0	0	0	0	0	0	0	0	0	0	0	0	0	0	0	0	0	0	0	0	0	0	0	0	0	0	0	0	0	0	0	0	0	0	0	0	0	0	0	0	0	0	0	0	0	0	0	0	0	0	0	0	0	0	0	0	0	0	0	0	0	0	0	0	0	0	0	0	0	0	0	0	0	0	0	0	0	0	0	0	1732	0	0	0	0	0	0	0	0	0	0	0	0	0	0	0	0	0	0	0	0	0	0	0	0	0	0	0	0	0	0	0	0	0	0	0	0	0	0	0	0	0	0	0	0	0	0	0	0	0	0	0
OTU288	0	0	0	0	0	0	0	0	0	0	35	0	0	0	0	0	1172	0	0	14	0	0	0	3	0	0	0	0	0	37	0	294	0	0	0	0	0	0	4	0	0	0	2	2	0	0	0	0	2	108	0	0	0	28	0	0	0	0	0	0	0	0	0	0	0	0	0	0	0	0	0	2	0	0	0	0	0	0	0	0	0	0	0	1	0	0	0	2	0	0	0	0	0	0	0	3	0	0	0	1	0	0	0	0	0	0	1	0	0	3	0	0	0	20	0	0	0	0	0	0	0	0	17	0	0	0	0	0	0	0	0	0	0	0	1	0	0	0	0	0	0	0	1
OTU289	0	0	0	0	0	0	0	0	0	6	0	0	0	0	0	0	0	0	3	5	27	55	0	0	57	0	0	0	3	0	0	0	25	9	49	477	23	0	0	0	1	0	0	0	0	0	0	0	0	0	0	0	0	0	6	0	47	0	0	0	2	0	0	0	0	7	149	3	4	0	1	12	0	1	2	8	0	0	0	0	3	0	0	5	18	0	0	1	0	62	1	0	17	9	0	0	18	8	85	0	17	0	0	0	0	0	9	39	0	1	0	3	2	0	0	0	0	0	0	1	58	0	0	20	4	19	0	0	0	0	0	24	9	0	30	0	0	0	709	0	0	0	0
OTU290	0	0	0	0	0	0	0	0	1	0	0	0	0	0	5	0	0	0	0	1	0	0	0	0	0	0	0	0	0	0	0	0	0	0	0	0	0	0	0	0	0	0	0	0	0	0	0	0	0	0	758	0	0	0	0	0	0	6	0	0	0	0	0	0	3	0	0	0	0	0	0	0	0	0	0	0	0	1437	0	0	0	0	0	0	0	0	0	0	0	0	0	0	0	0	0	0	0	0	0	0	0	0	0	0	0	40	0	0	0	0	0	0	0	0	5	4	0	0	0	0	0	0	0	0	0	0	0	0	0	3	0	0	0	0	0	0	0	19	0	0	0	0	0
OTU291	0	0	0	0	0	0	0	0	0	0	0	0	0	0	0	0	0	0	0	0	0	0	0	0	0	0	0	0	0	0	0	0	0	0	0	0	0	0	0	0	0	0	2	20	0	0	0	170	0	0	269	0	0	0	0	0	0	0	0	0	20	0	0	0	0	0	0	0	0	0	22	0	0	0	0	0	0	0	67	0	136	0	0	0	0	0	0	0	0	0	3	0	0	0	75	0	0	0	0	0	0	0	0	0	0	0	0	0	3	0	0	0	0	0	0	0	0	0	0	0	0	0	0	17	47	0	0	0	0	0	0	0	0	0	0	0	0	0	0	873	0	0	0
OTU292	0	0	0	0	0	0	0	0	0	0	0	0	0	0	2	0	0	0	0	3	0	0	0	0	0	6	0	0	0	0	0	0	0	0	0	0	0	0	0	0	0	0	36	424	0	0	0	0	0	0	0	0	0	0	0	0	6	2	0	0	2	0	0	0	0	0	0	0	0	0	3	0	0	0	0	0	0	148	0	0	5	0	0	0	0	0	0	0	0	0	18	0	0	0	0	0	0	0	0	0	0	0	0	0	0	0	0	15	2398	0	0	0	0	0	12	4	0	0	0	0	0	0	0	5	15	0	0	0	0	0	0	0	2	0	0	0	0	9	0	0	0	0	0
OTU293	0	0	0	0	0	0	0	0	0	0	0	0	0	0	0	0	0	0	0	0	1	6	0	0	37	0	1	0	0	0	0	0	0	0	0	0	0	0	0	0	0	0	0	0	0	0	0	0	0	0	0	0	0	0	0	24	0	0	0	0	0	0	0	3	0	3	0	13	1	0	0	1	12	2	0	0	141	0	0	0	0	0	0	0	0	0	0	0	0	0	0	0	0	0	0	0	2	0	47	0	1	0	1	0	0	0	2	14	0	0	0	0	0	0	0	0	0	0	0	0	0	0	0	0	0	0	0	0	0	0	0	0	10	0	0	0	0	0	1202	0	0	0	0
OTU294	0	0	0	0	0	0	0	0	0	0	0	0	0	0	0	0	0	0	0	0	0	0	0	0	0	0	0	0	73	0	0	0	56	19	66	112	123	1065	0	0	0	0	0	0	0	0	0	5	0	0	0	0	0	0	0	0	0	0	0	0	1	0	0	0	0	0	0	0	0	0	1	0	0	0	0	0	0	0	0	0	6	0	0	0	0	0	0	0	0	0	0	0	0	0	0	0	0	0	0	0	0	0	0	0	0	0	0	0	0	0	0	0	0	0	0	0	0	0	0	0	0	0	0	0	0	0	0	0	0	0	0	0	0	0	0	0	0	0	0	0	0	0	0
OTU295	0	0	0	0	0	0	0	0	0	0	0	0	0	0	0	0	8	0	0	0	0	0	6	1010	0	0	0	0	0	0	0	0	0	0	0	0	0	0	38	0	0	0	30	4	0	0	0	0	0	0	0	0	0	2	0	0	1	0	0	0	0	0	0	0	0	0	0	0	0	0	0	0	0	0	0	0	0	1	0	0	0	0	0	2	0	0	19	1	0	0	0	0	0	9	0	0	0	0	0	0	0	0	0	0	0	0	0	0	0	0	2	0	0	2	0	0	0	0	192	0	0	0	0	0	2	0	0	2	0	0	0	0	0	0	0	0	1	0	0	0	0	0	0
OTU296	0	0	0	0	0	0	0	0	0	0	0	0	0	0	0	0	0	0	0	0	0	0	0	0	0	0	0	0	0	0	0	0	0	0	0	0	0	0	0	0	0	0	0	0	0	0	0	0	0	0	0	0	0	0	0	0	0	0	0	0	0	0	0	0	0	0	0	0	0	0	0	0	0	0	0	0	0	0	0	0	0	0	0	0	0	0	0	0	0	0	0	1476	0	0	0	0	0	0	0	0	0	0	0	0	0	0	0	0	0	0	0	0	0	0	0	0	0	2	0	0	0	0	0	0	0	0	0	0	0	0	0	0	0	0	0	0	0	0	0	0	0	0	0
OTU297	0	0	0	0	0	0	0	0	0	0	0	0	0	0	0	0	0	0	2	0	0	0	0	0	0	0	0	1	0	0	0	0	0	0	0	0	0	0	0	0	0	0	0	0	0	0	0	0	0	0	0	0	0	0	0	0	0	0	0	0	0	1	0	0	0	0	0	0	0	0	0	0	0	0	0	0	0	0	0	0	0	0	0	0	0	0	0	0	0	0	0	0	0	0	0	0	0	0	0	0	0	5	0	0	0	0	0	0	0	0	0	0	0	0	0	0	0	10	0	0	0	0	0	20	28	130	1747	3	0	0	1	0	0	0	0	1	0	0	0	0	0	0	0
OTU298	0	0	0	0	0	0	0	0	1	16	4	0	1	0	0	0	0	0	8	4	42	101	0	7	24	0	4	16	0	3	0	283	14	1	24	2	14	0	0	0	0	0	83	48	0	0	0	0	4	1	0	5	0	1	12	3	65	0	0	0	0	0	0	8	0	13	55	0	0	3	1	7	1	1	5	1	9	0	0	0	0	31	0	165	44	0	0	0	0	50	0	158	1	0	0	0	0	0	1	0	0	2	6	0	0	32	3	2	0	14	0	6	39	0	2	0	0	0	1	9	56	1	0	2	3	10	0	0	0	0	17	0	6	0	2	0	0	0	105	0	0	0	8
OTU299	0	0	0	0	0	0	0	0	0	4	0	0	0	0	0	0	0	27	6	15	13	0	0	0	0	0	0	0	5	0	0	0	0	0	0	2	1	15	0	0	0	0	8	20	0	0	9	1	0	0	71	269	65	0	2	0	0	66	0	28	1	0	0	0	0	0	0	0	0	0	3	0	0	0	0	0	0	0	62	0	50	0	0	0	0	0	0	0	1130	0	1	0	0	0	25	0	0	0	0	0	0	0	0	47	0	15	12	0	5	0	0	0	0	0	0	0	0	0	0	0	0	1	1	1	8	0	0	0	0	0	0	0	3	0	0	0	0	0	0	0	0	0	0
OTU300	0	0	0	0	0	0	0	0	1	3	0	0	0	0	0	0	0	0	1	0	4	3	0	0	0	0	0	0	0	0	0	0	19	3	33	213	21	0	0	0	0	0	0	0	0	0	0	0	0	0	0	0	0	0	15	1	0	0	0	0	11	0	0	15	0	28	17	0	8	0	10	3	0	1	11	9	0	0	0	0	8	0	0	1	15	0	0	24	0	9	1	0	0	0	0	0	630	0	30	0	112	0	0	0	0	0	0	2	0	0	0	0	0	0	0	0	0	0	0	2	16	0	0	2	0	15	0	0	0	0	0	0	1	0	0	0	0	0	0	0	0	0	0
OTU301	0	0	0	0	0	0	0	0	0	0	0	0	0	0	0	942	1	0	0	0	0	0	0	0	0	0	0	0	0	0	0	0	0	216	3	0	0	0	16	129	0	0	0	0	0	0	0	0	0	0	0	0	0	0	0	0	0	0	0	0	0	0	0	0	0	0	0	0	0	0	0	0	0	0	0	0	0	0	0	0	0	0	0	0	0	334	0	0	0	0	0	0	0	0	0	0	0	0	0	0	0	0	0	0	0	0	0	0	0	0	0	0	0	0	0	0	0	0	0	0	0	0	0	0	0	0	0	0	0	0	0	0	0	0	0	0	1	0	0	0	0	0	0
OTU302	0	0	0	0	0	0	0	0	0	0	0	0	0	0	0	0	0	0	0	0	1	0	0	0	0	0	0	0	326	0	0	0	0	0	0	0	0	0	0	0	0	0	0	0	532	0	0	0	0	0	0	0	0	0	503	0	0	0	0	0	0	0	0	2	0	0	0	0	2	0	0	71	0	53	0	0	0	0	0	0	0	0	0	0	2	0	0	0	0	0	0	0	0	0	0	0	57	0	0	0	0	0	0	0	0	0	0	0	0	0	0	1	0	0	0	0	0	0	0	0	2	0	0	0	0	0	0	0	0	0	0	0	0	0	0	0	0	0	10	0	0	0	0
OTU303	0	0	0	0	0	0	0	0	0	0	0	0	0	0	0	0	0	0	0	0	0	0	0	0	280	0	0	0	0	0	0	0	0	0	0	0	0	0	0	0	0	0	0	0	0	0	0	0	0	0	0	0	0	0	200	0	0	0	0	0	0	0	0	0	0	0	0	0	0	0	0	0	54	0	0	0	0	0	0	0	0	0	0	30	181	0	0	0	0	190	0	0	0	0	0	0	0	0	0	0	0	0	0	0	0	0	8	56	6	0	0	0	0	0	0	0	1	0	0	0	198	0	0	531	2	0	0	0	0	0	0	0	0	0	0	0	0	0	0	0	0	0	0
OTU304	0	0	0	0	0	0	0	0	0	0	0	27	3	96	0	0	0	249	0	0	0	0	0	0	0	0	0	0	0	0	0	0	0	0	0	0	0	0	0	0	0	0	0	0	0	0	5	371	0	0	0	0	0	0	0	0	0	0	0	0	0	75	0	0	2	0	0	0	0	0	1	0	0	0	0	0	0	112	11	0	0	0	0	0	0	0	0	0	0	0	5	0	0	0	0	0	0	0	0	0	0	0	0	0	0	0	0	0	12	0	0	0	0	0	0	0	0	0	0	0	0	0	0	367	1082	4	0	0	0	0	0	0	0	0	0	0	0	0	0	0	0	0	0
OTU305	0	0	0	0	0	0	0	0	0	0	0	0	0	0	0	0	0	95	7	0	35	3	0	0	0	0	0	0	0	0	0	0	0	0	0	0	0	1	0	0	0	0	0	0	0	0	78	0	0	0	0	24	1292	0	0	0	0	0	0	0	0	0	0	0	0	0	0	0	0	0	0	0	0	0	0	0	0	0	3	0	0	0	0	0	0	0	0	0	8	0	0	0	0	0	0	0	0	0	0	0	0	0	0	0	0	0	62	5	3	0	0	0	0	0	0	0	0	0	0	0	0	0	0	0	0	0	0	0	0	0	0	0	0	0	0	0	0	0	0	0	0	0	0
OTU306	0	0	0	0	0	0	0	0	0	0	3	9	30	2	0	2	8	0	7	0	0	0	0	1	0	0	0	318	0	6	26	1	1	8	15	4	10	0	5	0	0	4	2	7	0	12	0	0	0	0	0	0	0	12	0	0	1	0	0	0	2	0	3	0	0	0	0	0	0	0	0	1	0	0	0	0	0	0	0	21	0	26	0	0	0	20	0	0	33	0	0	13	1	1	0	13	0	0	0	6	0	71	1	0	62	0	4	0	5	4	0	25	112	4	0	0	76	0	0	0	0	0	0	1	1	1	6	317	8	0	5	0	0	3	21	8	0	0	0	0	1	0	0
OTU307	0	0	0	0	0	0	0	0	0	0	0	0	0	0	0	0	0	0	0	0	0	0	0	0	0	0	0	0	0	0	0	0	0	0	0	0	0	0	0	0	0	0	0	0	0	0	0	3	0	0	0	0	0	0	0	0	0	0	0	0	0	9	0	0	0	0	0	0	0	0	0	0	0	0	0	0	0	0	6	0	0	0	0	0	0	0	0	0	0	0	0	0	0	0	0	0	0	0	0	0	0	0	0	1508	0	0	0	0	0	0	0	0	0	0	0	0	0	0	0	0	0	0	0	0	0	0	0	0	0	0	0	0	0	0	0	0	0	0	0	0	0	0	0
OTU308	0	0	0	0	0	0	0	0	7	113	0	0	2	10	17	0	0	9	1	18	17	25	0	0	0	27	32	0	3	0	0	0	4	0	0	0	1	2	0	0	7	0	1	8	7	0	3	3	0	0	28	13	34	0	4	15	10	28	0	25	8	2	0	4	6	0	72	2	1	0	3	1	0	2	4	0	0	559	2	0	11	0	0	0	4	0	0	2	9	0	27	0	10	1	7	0	0	0	0	0	4	0	38	46	1	26	6	1	20	0	0	0	2	0	20	19	0	0	0	12	7	0	0	7	17	23	0	0	0	2	0	0	21	0	0	0	0	38	1	12	0	0	0
OTU309	0	0	0	0	0	0	0	0	0	1	0	0	0	0	0	0	187	0	0	22	0	0	0	0	0	0	0	0	0	103	0	1	0	0	0	0	0	0	0	0	0	0	48	11	0	0	0	0	0	186	0	0	0	0	0	0	0	0	0	0	6	0	0	0	0	0	0	0	0	0	0	0	0	0	0	0	0	0	0	0	0	0	0	0	0	0	0	2	0	0	0	0	0	1	0	0	0	0	0	0	0	0	0	0	0	0	0	0	0	0	0	0	0	0	0	0	1713	0	0	0	0	0	0	0	0	0	0	0	0	0	0	1	1	0	0	0	0	0	0	0	0	0	0
OTU310	0	0	0	0	0	0	0	0	0	0	0	0	0	0	0	0	0	0	130	0	793	1411	0	0	0	0	0	0	0	0	0	0	0	0	0	0	0	0	0	0	0	0	0	0	0	0	0	0	0	0	0	0	0	0	0	0	0	0	0	0	0	0	0	0	0	0	0	152	0	0	0	0	0	0	0	0	0	0	0	0	0	0	0	0	0	0	0	0	0	0	0	0	0	0	0	0	1	0	0	0	0	0	0	0	0	0	0	0	0	0	0	0	0	0	0	0	0	0	0	0	0	0	0	0	0	0	0	0	0	0	0	0	0	0	0	0	0	0	0	0	0	0	0
OTU311	0	0	0	0	0	0	0	0	0	0	0	8	6	25	135	0	0	0	0	0	0	0	0	0	0	0	0	0	0	0	0	0	0	0	0	0	0	0	0	0	0	0	45	462	0	0	4	4	0	0	4	122	23	0	0	0	0	31	0	0	4	8	0	0	31	0	0	0	0	0	6	0	0	0	0	0	0	1	34	0	16	0	0	0	0	0	0	0	0	0	56	0	0	0	0	0	0	0	0	0	0	0	0	137	0	146	11	0	6	0	0	0	0	0	127	74	0	0	0	0	0	0	0	13	36	0	0	0	0	2	0	0	0	0	0	0	0	276	0	2	0	0	0
OTU312	0	0	0	0	0	0	0	0	0	0	0	0	0	0	0	0	0	0	0	0	0	0	3	0	0	0	0	0	0	0	0	1	1	1	0	1	3	0	0	0	0	0	1	0	0	0	0	0	0	1	0	0	0	0	0	0	0	0	0	0	0	0	0	0	0	0	0	0	0	0	0	0	0	0	0	0	0	0	0	0	0	0	0	0	0	0	0	0	0	0	0	0	0	0	0	0	0	0	0	606	0	0	0	0	0	0	24	22	6	17	0	127	687	0	0	0	0	0	0	0	0	0	0	1	0	3	1	7	17	0	0	0	0	0	0	0	0	0	0	0	0	0	0
OTU313	0	0	0	0	0	0	0	0	0	0	8	13	36	2	0	0	0	0	24	1	0	1	0	0	0	3	2	47	0	8	9	8	8	49	17	4	20	1	18	3	1	20	0	0	0	79	0	0	4	2	0	0	0	2	2	2	0	0	0	0	10	0	7	0	0	0	7	0	0	0	66	0	0	0	0	0	0	0	0	38	3	210	4	2	0	9	5	0	0	0	0	41	0	3	0	154	0	5	0	189	1	576	0	0	45	0	0	2	0	0	7	5	30	19	0	0	1	14	8	1	0	11	2	4	3	5	34	56	20	0	7	4	0	19	1	112	7	0	6	0	10	7	1
OTU314	0	0	0	0	0	0	0	0	53	10	0	0	0	13	85	0	0	324	0	47	0	0	0	0	0	0	0	0	0	0	0	0	0	0	0	0	0	0	0	0	0	0	2	6	0	0	0	19	0	0	2	205	226	0	0	0	0	24	0	7	3	0	0	0	0	0	0	0	0	0	3	0	0	0	0	0	0	0	20	0	17	0	0	0	0	0	0	0	0	0	8	0	0	0	0	0	0	0	0	0	0	0	0	186	0	134	86	10	176	0	0	1	0	0	41	34	0	0	0	0	0	0	0	1	17	0	0	0	0	65	0	0	10	0	0	0	0	169	0	0	0	0	0
OTU315	0	0	0	0	0	0	0	0	0	0	0	0	0	0	0	0	0	0	0	0	0	0	0	0	0	0	0	0	0	0	0	0	0	0	0	0	0	0	0	0	0	0	0	0	0	0	0	0	0	0	0	0	0	0	0	0	0	0	0	0	0	0	0	0	0	0	0	0	0	0	0	0	0	0	0	0	0	0	0	0	0	0	0	0	0	0	0	0	0	0	0	0	0	0	0	0	414	18	0	0	0	0	0	0	0	0	88	58	6	60	0	948	208	0	0	0	0	0	0	0	0	0	0	0	0	0	0	0	0	0	0	0	0	0	0	0	0	0	0	0	0	0	0
OTU316	0	0	0	0	0	0	0	0	0	0	0	31	0	0	0	0	0	0	0	0	0	0	0	0	0	0	0	0	0	0	0	0	1	197	7	2	19	0	80	0	0	0	2	1	0	330	0	0	0	0	0	0	0	0	0	0	0	0	0	0	2	0	0	0	0	0	0	0	0	0	12	0	0	0	0	0	0	0	0	0	0	82	0	0	0	0	0	0	0	0	0	4	0	0	0	10	0	0	0	117	0	920	0	0	107	0	0	0	0	0	0	0	0	0	0	0	10	8	0	0	0	2	9	8	6	16	64	117	94	0	1	0	0	0	0	79	0	0	0	0	0	0	0
OTU317	0	0	0	0	0	0	0	0	0	0	2	0	0	0	0	12	204	0	0	0	0	0	47	0	0	0	0	0	0	0	0	188	0	0	0	0	1	0	0	1	0	0	0	0	0	0	0	0	0	0	1	0	0	0	0	0	0	0	0	0	0	0	0	0	0	0	0	0	0	0	0	0	0	0	0	0	0	0	0	0	0	0	0	163	0	1242	0	0	0	0	0	0	0	0	0	0	0	0	0	0	0	0	0	0	0	0	0	0	0	0	0	0	0	0	0	0	0	0	0	1	0	12	0	0	0	0	1	1	0	0	97	0	0	0	0	0	0	0	0	0	0	0	0
OTU318	0	0	0	0	0	0	0	0	0	0	0	9	41	4	0	0	0	0	0	0	0	0	0	0	0	0	0	1	0	0	0	0	14	21	785	9	8	0	0	0	0	0	0	0	0	0	0	0	0	0	0	0	0	0	0	0	0	0	0	0	0	0	1	0	0	0	0	0	0	0	1	0	0	0	0	0	0	0	0	0	0	0	0	0	0	0	0	0	0	0	0	0	0	0	0	0	0	0	0	0	0	113	0	0	326	0	0	1	0	0	0	0	16	0	0	0	0	0	0	0	0	0	0	0	0	0	0	0	0	0	0	0	0	0	0	11	0	0	0	0	4	0	0
OTU319	0	0	0	0	0	0	0	0	0	0	0	0	0	0	0	0	0	0	0	0	0	0	0	0	0	0	0	0	0	0	0	0	0	0	0	0	0	0	0	0	0	0	0	1	0	0	0	0	0	0	0	0	0	0	0	0	0	0	0	0	0	0	0	0	0	0	0	0	0	0	0	0	0	1291	0	0	0	0	0	0	0	0	0	0	0	0	0	0	0	0	0	0	0	0	0	0	0	0	0	0	0	0	0	0	0	0	0	0	0	0	0	0	0	0	0	0	0	0	0	2	0	0	0	0	0	0	0	0	0	0	0	0	0	0	0	0	0	0	0	0	0	0	0
OTU320	0	0	0	0	0	0	0	0	0	0	0	0	0	0	0	31	1192	0	0	0	0	0	0	0	0	0	0	0	0	0	0	0	0	0	0	0	0	0	0	0	0	0	0	0	0	7	0	0	0	0	0	0	0	0	0	0	0	0	0	0	0	0	0	0	0	0	0	0	0	0	0	0	0	0	0	0	0	0	0	0	0	4	0	0	0	12	0	0	0	0	0	0	0	0	0	0	0	0	0	0	0	0	0	0	0	0	0	0	0	0	0	0	0	0	0	0	5	0	0	0	0	0	0	0	0	0	0	0	0	0	1	0	0	35	0	0	3	0	0	0	0	0	0
OTU321	0	80	0	0	0	0	0	0	0	31	0	0	0	0	0	0	0	0	0	4	4	10	0	0	260	0	6	0	2	0	0	0	0	0	0	0	0	0	0	0	0	0	5	3	0	0	0	0	0	0	1	0	0	0	174	27	42	0	0	0	0	0	0	485	0	8	0	2	8	0	0	26	7	9	0	0	16	0	0	0	0	0	0	1	1	0	0	0	0	0	0	0	0	0	0	1	152	388	0	0	0	0	4	0	0	0	1	4	1	5	0	26	4	7	0	0	0	0	38	5	1	0	0	3	1	5	0	0	0	0	0	0	9	0	0	0	0	0	43	0	0	0	0
OTU322	0	0	0	0	0	0	0	0	0	0	0	394	0	0	0	0	0	0	0	0	0	0	0	0	0	0	0	0	0	0	0	0	10	0	3	5	93	0	0	0	0	0	11	0	0	0	0	0	55	0	0	0	0	0	0	0	0	0	0	0	0	0	0	0	0	0	0	0	0	0	0	0	0	0	0	0	0	0	0	0	0	0	0	0	0	0	0	0	0	0	0	0	0	0	1	0	0	0	0	0	0	1438	0	0	4	0	5	5	0	60	23	4	1	0	0	0	0	0	0	0	0	0	8	15	17	34	32	328	379	0	0	157	0	0	62	0	0	0	0	0	0	142	49
OTU323	0	0	0	0	0	0	0	0	0	0	0	1	1	0	0	0	0	0	1175	0	0	0	0	0	0	0	0	3	0	0	0	0	0	0	0	0	0	0	0	0	0	1029	0	0	0	0	0	0	0	0	0	0	0	0	0	0	0	0	0	0	0	0	580	0	0	0	0	0	0	0	0	0	0	0	0	0	0	0	0	0	0	0	0	0	0	0	0	0	0	0	0	0	0	0	0	0	0	0	0	0	0	0	0	0	1	0	0	0	1	0	0	1	4	0	0	0	0	0	0	0	0	0	0	0	0	1	0	0	0	0	0	0	0	10	0	0	0	0	0	0	11	0	0
OTU324	0	0	0	0	0	0	0	0	0	0	0	5	28	1	0	0	0	0	126	2	0	0	0	0	0	0	0	0	0	6	158	0	1	158	14	2	22	0	14	0	0	152	0	0	0	573	0	0	0	1	0	0	0	0	0	0	0	0	0	0	0	0	118	0	0	0	0	0	0	0	2	0	0	0	0	0	0	0	0	3	0	35	0	0	0	0	0	1	0	0	0	162	0	0	0	19	0	0	0	32	0	80	0	0	202	0	3	0	0	2	0	7	24	0	0	0	11	0	0	0	0	131	2	0	1	5	31	0	2	0	0	0	0	16	0	76	0	0	0	0	307	0	0
OTU325	0	0	0	0	0	0	0	0	1	0	0	35	141	7	0	0	0	0	103	2	0	0	0	4	0	0	0	0	0	10	0	0	0	37	35	1	0	0	0	6	0	86	4	0	1	2	0	0	9	0	0	0	0	0	0	0	0	0	0	0	11	0	57	0	0	0	0	0	0	0	56	0	0	0	0	0	0	0	0	0	2	1	0	19	0	30	55	0	0	0	0	4	0	0	0	3	0	0	0	0	0	6	0	0	0	0	0	1	0	8	456	2	0	0	0	0	0	168	0	0	0	8	65	4	12	11	39	57	127	0	0	8	0	0	0	121	0	0	0	0	36	0	3
OTU326	0	0	0	0	0	0	0	0	1	0	6	11	44	3	0	1	2	0	9	0	1	1	13	3	0	0	0	15	0	0	1	3	3	8	3	12	16	0	38	6	16	15	1	0	0	238	0	0	0	0	0	0	0	0	0	0	0	0	0	0	8	0	12	0	0	0	0	0	2	0	41	0	0	0	0	0	0	0	0	4	3	25	0	0	0	75	20	0	0	0	0	35	0	0	0	558	19	2	2	6	0	21	0	0	23	0	0	0	0	0	16	1	5	16	0	0	7	212	0	0	1	1	0	3	5	4	8	41	59	0	33	0	0	60	0	48	14	0	0	0	4	9	0
OTU327	0	0	0	0	0	0	0	0	0	0	0	0	0	0	0	0	0	0	0	0	0	0	0	0	0	0	0	0	0	0	0	0	0	0	0	0	0	0	0	0	0	0	0	0	0	0	0	0	0	0	0	0	0	0	0	0	1089	0	0	0	18	0	0	0	99	0	2	0	0	0	0	0	0	0	0	0	0	0	0	0	0	0	0	0	0	0	0	0	0	0	0	0	0	0	0	0	0	0	0	0	0	0	0	0	0	0	0	0	0	0	0	0	0	0	0	0	0	0	0	0	0	0	1	0	0	0	0	0	0	0	0	0	0	0	0	0	0	0	0	0	0	0	0
OTU328	0	0	0	0	0	0	0	0	0	0	0	0	0	0	0	0	0	0	0	0	0	0	0	0	0	0	0	0	0	0	0	0	46	9	46	89	921	0	0	0	0	0	0	0	0	0	0	0	0	0	0	0	0	0	0	0	0	0	0	0	0	0	0	0	0	0	0	0	0	0	0	0	0	0	0	0	0	0	0	0	0	0	0	0	0	0	0	0	0	0	0	0	0	0	0	0	0	0	0	0	0	0	0	0	0	0	0	0	0	0	0	0	0	0	0	0	0	0	0	0	0	0	0	0	0	0	0	0	0	0	1	0	0	0	0	0	0	0	0	0	0	0	0
OTU329	0	0	0	0	0	0	0	0	0	0	0	10	63	5	0	0	0	0	2	0	0	0	0	19	0	0	0	0	0	0	0	0	0	26	0	0	0	0	0	0	0	3	0	0	0	656	0	0	0	0	0	0	0	0	0	0	0	0	0	0	0	0	4	0	0	0	0	0	0	0	0	0	0	0	0	0	0	0	0	2	0	16	0	0	0	0	0	0	0	0	0	156	0	0	0	0	0	0	0	0	0	0	0	0	34	0	0	0	0	0	0	0	1	0	0	0	0	0	0	0	0	0	0	0	2	2	62	22	0	0	0	0	0	0	0	460	0	0	0	0	132	0	0
OTU330	0	0	0	0	0	0	0	0	0	0	0	0	4	0	0	0	0	0	0	0	0	0	0	0	0	0	0	0	0	12	0	0	0	10	0	0	2	0	0	0	0	0	0	0	0	0	0	0	0	0	0	0	0	0	0	0	0	0	0	0	0	0	0	0	0	0	0	0	0	0	0	0	0	0	0	0	0	0	0	4	0	8	0	0	0	0	0	0	0	0	0	0	0	0	0	0	0	0	0	1	0	0	0	0	1084	0	0	0	0	0	0	0	0	0	0	0	0	0	0	0	0	0	0	0	0	0	8	1	0	0	0	0	0	1	0	0	0	0	0	0	0	0	0
OTU331	0	0	0	0	0	0	0	0	0	0	0	0	0	0	0	0	0	0	0	0	0	0	0	0	0	0	0	0	0	0	0	0	0	0	0	0	0	0	0	0	0	0	0	0	0	0	0	0	0	0	0	0	1353	0	0	0	0	0	0	0	0	0	0	0	0	0	0	0	0	0	0	0	0	0	0	0	0	0	0	0	0	0	0	0	0	0	0	0	0	0	0	0	0	0	0	0	0	0	0	0	0	0	0	0	0	0	0	0	0	0	0	0	0	0	0	0	0	0	0	0	0	0	0	0	0	0	0	0	0	0	0	0	0	0	0	0	0	0	0	0	0	0	0
OTU332	0	0	0	0	0	0	0	0	26	0	15	13	29	3	39	0	14	0	112	1	0	5	2	2	0	7	0	4	0	34	92	0	9	9	31	45	13	0	0	0	4	79	0	0	0	19	0	0	15	1	0	0	0	0	0	0	0	0	0	0	0	2	54	0	4	0	52	0	0	0	6	0	0	1	0	0	0	6	0	61	0	9	15	1	0	0	0	9	0	0	0	2	0	21	0	7	0	0	0	10	0	139	0	0	82	0	2	3	0	20	0	24	140	16	32	19	9	0	1	1	0	11	0	3	0	1	7	5	0	29	0	60	0	58	2	24	0	148	0	0	61	9	11
OTU333	0	0	0	0	0	0	0	0	0	0	0	0	0	0	0	0	0	0	0	0	0	0	0	0	0	0	0	0	0	0	0	0	0	0	0	0	0	0	0	0	0	0	0	0	0	0	0	0	0	0	0	0	0	0	0	0	0	0	0	0	0	0	0	0	0	0	0	0	0	0	0	0	0	0	0	0	0	0	0	1512	0	0	0	0	0	0	0	0	0	0	0	0	0	0	0	0	0	0	0	0	0	0	0	0	0	0	0	0	0	0	0	0	1	0	0	0	0	0	0	0	0	0	0	0	0	0	0	0	0	0	0	0	0	0	0	0	0	0	0	0	0	0	0
OTU334	0	0	0	0	0	0	0	0	0	0	10	3	10	0	0	0	0	0	0	0	0	0	0	0	1	0	0	0	0	0	0	0	8	0	1	0	0	0	4	0	0	0	0	0	0	0	0	0	327	0	0	0	0	0	0	0	1	0	0	0	0	0	0	30	0	0	65	3	3	0	0	3	0	0	0	1	0	0	0	0	0	0	11	3	2	0	0	0	0	5	0	0	0	3	0	0	508	7	1	0	0	1	0	0	0	0	38	16	2	292	4	45	26	0	0	0	0	0	0	0	8	0	7	0	0	0	0	6	6	0	0	100	1	1	342	1	0	0	0	0	4	0	298
OTU335	0	0	0	0	0	0	0	0	4	0	0	7	3	47	269	0	0	0	5	0	52	4	0	0	0	0	0	0	0	0	0	0	0	0	0	0	0	0	0	0	0	0	0	0	0	0	0	0	0	0	0	0	0	0	1	0	0	0	0	1	0	0	0	0	0	0	0	0	2	0	0	1	0	0	0	0	0	0	0	0	0	0	0	0	0	0	0	0	0	1	0	0	0	0	0	0	1	0	0	0	0	0	0	0	0	34	2	0	1	0	0	0	0	0	180	121	0	0	0	0	0	0	0	0	0	0	0	0	0	0	0	0	0	0	0	0	0	617	0	0	0	0	0
OTU336	0	0	0	0	0	0	0	0	0	0	0	0	0	0	0	0	0	0	0	0	0	0	0	1338	0	0	0	0	0	1	0	324	0	0	0	0	0	0	0	0	0	0	0	0	0	0	0	0	0	3	0	0	0	0	0	0	0	0	0	0	0	0	0	0	0	0	0	0	0	0	0	0	0	0	0	0	0	0	0	0	0	0	0	0	0	0	0	0	0	0	0	0	0	0	0	0	0	0	0	0	0	0	0	0	0	0	0	0	0	0	0	0	0	0	0	0	0	0	0	0	0	0	0	0	0	0	0	0	0	0	0	0	0	0	0	0	0	0	0	0	0	0	0
OTU337	0	0	0	0	0	0	0	0	0	8	9	0	0	0	0	0	0	0	5	4	25	56	0	42	30	7	14	0	3	0	0	0	16	0	3	5	0	0	0	0	44	0	12	0	0	0	0	0	0	0	0	0	0	0	110	100	3	0	0	0	4	0	0	1	1	1	2	21	27	0	0	3	13	5	4	62	6	0	0	0	1	0	0	3	11	0	0	0	0	13	2	0	193	0	0	0	1	12	17	0	29	0	18	0	0	0	12	63	2	0	0	0	0	0	0	0	0	0	36	84	14	0	0	81	1	11	0	0	0	1	9	25	13	0	0	0	0	0	7	0	0	0	0
OTU338	0	0	0	0	0	0	0	0	0	0	0	0	0	0	0	0	0	0	0	0	0	0	0	0	0	1465	0	0	1	0	0	0	0	0	0	0	0	0	0	0	0	0	0	0	0	0	0	0	0	0	0	0	0	0	0	0	0	0	0	0	1	0	0	0	0	0	0	0	0	0	0	0	0	0	0	0	0	0	0	0	0	0	0	0	0	0	0	0	0	0	0	0	0	0	0	0	0	0	0	0	0	0	0	0	0	0	0	0	0	0	0	0	0	0	0	0	0	0	0	0	0	0	0	0	0	0	0	0	0	0	0	0	0	0	0	0	0	0	0	0	0	0	0
OTU339	0	0	0	0	0	0	0	0	9	0	0	5	2	41	44	0	0	18	4	0	5	1	0	0	0	0	0	0	2	0	0	0	4	0	5	5	10	44	0	0	0	0	7	71	0	0	2	0	0	0	20	79	50	0	0	0	0	6	0	464	2	14	0	0	0	0	0	0	0	0	0	0	0	0	0	0	0	0	4	0	8	0	0	0	0	0	0	0	0	0	0	0	0	0	24	0	0	0	0	0	0	0	0	52	0	56	37	7	102	0	0	0	0	0	38	18	0	0	0	1	0	0	0	11	40	1	0	0	0	21	0	0	2	0	0	0	0	92	0	0	0	0	0
OTU340	0	0	0	0	0	0	0	0	1	12	0	0	0	0	0	0	0	0	1	3	16	9	0	0	10	0	42	0	51	2	0	0	16	0	5	37	2	4	0	0	3	0	0	0	85	0	0	0	12	0	7	0	2	0	8	1	0	0	0	0	7	3	0	10	0	14	0	4	4	0	3	11	6	16	43	1	7	8	3	0	6	0	0	13	37	0	0	0	2	31	0	0	11	24	2	0	60	18	14	0	52	0	4	8	0	1	4	9	20	17	14	1	4	6	0	0	0	0	0	199	48	0	0	7	8	56	0	0	0	18	0	0	8	0	0	0	0	0	0	7	0	0	14
OTU341	0	0	0	0	0	0	0	0	0	25	0	0	0	0	0	0	0	0	4	5	20	25	0	0	0	0	0	0	0	0	0	91	14	1	22	207	12	0	1	0	0	0	0	0	0	0	0	0	0	0	0	0	0	0	0	0	0	0	0	0	0	0	0	3	0	0	0	0	0	0	0	0	0	1	0	0	321	0	0	0	0	0	0	206	0	3	6	0	0	0	0	0	262	0	0	0	0	0	0	0	0	0	0	0	0	0	1	0	0	0	0	2	1	0	0	0	0	0	134	0	0	0	0	0	0	0	0	0	0	0	458	0	5	0	0	0	151	0	0	0	0	0	0
OTU342	0	0	0	0	0	0	0	0	0	1	39	29	99	14	0	0	15	0	7	5	0	0	7	39	0	0	0	0	0	16	20	0	2	119	49	3	89	0	147	17	0	10	4	0	0	241	0	0	0	46	0	0	0	11	0	0	0	0	0	0	12	0	4	0	0	0	0	0	0	0	37	0	0	0	0	1	0	0	0	33	0	15	0	9	0	12	60	0	0	0	0	3	0	15	0	119	0	0	0	42	0	192	0	0	62	0	0	0	0	0	0	0	0	35	0	0	1	0	8	0	0	35	4	2	1	10	68	47	94	0	14	6	0	3	0	10	0	0	0	0	197	66	0
OTU343	0	0	0	0	0	0	0	0	66	26	3	94	319	109	0	1215	0	8	160	17	28	56	81	39	20	2	0	863	0	9	227	6	81	129	438	66	426	0	362	154	0	156	12	4	0	64	4	0	7	0	0	0	40	21	0	0	22	0	0	0	61	2	86	1	1	2	67	408	86	1	174	8	33	20	4	642	309	7	3	361	14	371	223	28	103	158	35	14	0	123	3	373	531	4	14	700	428	12	6	406	68	346	28	0	1226	0	45	14	338	14	7	50	182	360	0	1	397	555	0	0	106	50	1	48	34	59	87	325	545	1123	16	17	165	218	2	38	99	0	490	21	64	17	4
OTU344	0	0	0	0	0	0	0	0	0	0	0	0	0	0	0	0	0	22	0	0	0	0	0	0	0	0	0	0	0	0	0	0	0	0	0	0	0	0	0	0	0	0	0	0	0	0	7	0	0	0	858	0	0	0	0	0	0	82	0	0	0	0	0	0	0	0	0	0	0	0	0	0	0	0	0	0	0	0	0	0	0	0	0	0	0	0	0	0	0	0	0	0	0	0	0	0	0	0	0	0	0	0	0	0	0	0	0	0	0	0	0	0	0	0	0	0	0	0	0	0	0	0	0	0	0	0	0	0	0	0	0	0	0	0	0	0	0	0	0	0	0	0	0
OTU345	0	0	0	0	0	0	0	0	0	0	7	1	8	1	0	0	21	0	14	1	0	0	2	20	0	0	0	154	0	7	75	0	0	58	2	0	0	0	79	0	0	24	0	0	0	34	0	0	57	0	0	0	0	0	0	0	0	0	0	0	0	0	9	0	0	0	0	0	0	0	0	0	0	0	0	0	0	0	0	8	0	62	0	0	0	53	36	0	0	0	0	0	0	0	0	187	0	0	0	24	0	4	0	0	0	0	0	5	0	38	0	6	1	10	0	0	4	27	3	0	0	1	2	2	0	2	4	72	2	0	86	0	0	10	0	0	247	0	0	0	0	0	50
OTU346	0	0	0	0	0	0	0	0	0	0	0	0	0	0	0	0	0	0	1	0	0	0	6	27	0	0	0	0	0	0	0	51	0	0	1	0	3	0	49	3	0	0	0	0	0	0	0	0	0	1	0	0	0	109	0	0	0	0	0	0	0	0	0	0	0	0	0	0	0	0	0	0	0	0	0	0	0	0	0	0	0	4	0	0	0	1	711	0	0	0	0	0	0	0	0	0	0	0	0	2	0	0	0	0	0	0	0	0	0	0	0	0	0	1	0	0	0	0	0	0	0	0	0	0	0	0	0	0	0	0	1	0	0	2	0	0	0	0	0	0	0	0	0
OTU347	0	0	0	0	0	0	0	0	0	0	0	0	0	0	0	0	0	0	0	0	0	0	0	0	0	0	0	0	0	3	0	0	0	0	0	0	0	0	0	0	0	0	0	0	0	0	0	0	0	0	0	0	0	0	0	0	0	0	0	0	0	0	0	0	0	0	0	0	0	0	0	0	0	0	0	0	0	0	0	0	0	0	0	0	0	0	0	0	0	0	0	0	0	0	0	0	0	0	0	0	0	0	0	0	0	0	0	0	0	0	0	0	0	998	0	0	0	0	0	0	0	0	0	0	0	0	0	0	0	0	0	0	0	0	0	0	0	0	0	0	0	0	0
OTU348	0	0	0	0	0	0	0	0	0	0	0	0	0	0	4	0	0	210	0	0	0	0	0	0	0	0	0	0	0	0	0	0	0	0	0	0	0	0	0	0	0	0	33	548	0	0	189	0	0	0	0	0	0	0	0	0	0	1	0	0	26	0	0	0	0	0	0	0	0	0	20	0	0	0	0	0	0	0	0	0	22	0	0	0	0	0	0	0	0	0	126	0	0	0	0	0	0	0	0	0	0	0	0	0	0	17	0	0	2	0	0	0	0	0	0	1	0	0	0	0	0	0	0	2	12	0	0	0	0	0	0	0	0	0	0	0	0	6	0	0	0	0	0
OTU349	1	0	0	0	0	0	0	0	0	0	0	0	0	0	0	0	0	0	6	0	19	49	0	0	0	0	131	0	1	0	0	0	29	3	16	129	21	0	0	0	0	0	0	0	0	0	0	0	0	0	0	0	0	0	8	2	0	0	0	0	8	0	0	26	0	19	0	3	2	0	5	10	1	3	19	1	0	0	0	4	1	0	0	0	4	4	2	0	0	0	0	0	21	0	0	0	55	52	3	0	56	0	4	0	0	0	13	82	3	0	0	0	0	2	0	0	0	0	0	168	7	0	0	1	5	40	0	0	0	0	0	0	0	0	0	0	61	0	0	0	0	0	0
OTU350	0	0	0	0	0	0	0	0	0	0	0	3	12	2	0	0	0	0	123	1	0	0	1	1	0	0	0	8	0	12	44	0	0	9	12	0	8	0	0	0	0	89	0	0	0	79	0	0	0	0	0	0	0	1	0	0	0	0	0	0	8	0	54	0	0	0	0	0	0	0	62	0	0	0	0	0	0	0	0	30	0	3	0	0	0	0	1	0	0	0	0	9	0	0	0	29	0	0	0	42	0	4	0	0	171	0	3	3	4	2	22	47	300	0	0	0	2	19	5	0	0	14	0	0	1	4	60	0	0	0	0	0	0	9	0	6	0	0	0	0	8	0	0
OTU351	0	0	0	0	0	0	0	0	0	0	22	309	1606	58	0	0	0	0	0	0	0	0	0	0	0	0	0	0	0	0	0	0	0	0	2	3	30	0	0	0	0	0	0	0	0	0	0	0	16	0	0	0	0	0	0	0	0	0	0	0	0	0	0	0	0	0	34	0	0	0	0	0	0	0	0	0	0	0	0	0	0	0	20	0	0	0	0	18	0	0	0	0	0	0	0	0	0	0	0	0	0	0	0	0	0	0	2	3	2	16	0	2	1	0	0	0	0	0	0	0	0	0	0	0	0	0	0	0	0	0	0	0	0	0	0	0	0	0	0	0	0	0	11
OTU352	0	0	0	0	0	0	0	0	0	0	0	0	0	0	0	0	0	0	0	0	0	0	0	0	0	0	0	0	0	0	0	0	0	0	0	0	0	0	0	0	0	0	0	0	0	0	0	0	570	0	0	0	0	0	0	0	0	0	0	0	0	0	0	0	0	0	0	0	0	0	0	0	0	0	0	0	0	0	0	0	0	0	0	0	0	0	0	0	0	0	0	0	0	0	0	0	0	0	0	0	0	0	0	0	0	0	32	20	6	640	0	66	59	0	0	0	0	0	0	0	0	0	0	0	0	0	0	0	0	0	0	0	0	0	0	0	0	0	0	0	0	0	300
OTU353	0	0	0	0	0	0	0	0	0	0	0	0	0	0	0	0	0	0	0	0	0	0	0	0	0	0	0	0	0	0	0	0	0	0	0	0	0	0	0	0	0	0	0	0	0	0	0	0	0	0	0	0	0	0	1161	0	0	0	0	0	0	0	0	0	0	0	0	2	0	0	0	0	0	0	0	21	0	0	0	0	0	0	0	0	0	0	0	0	0	0	0	0	2	0	0	0	0	0	0	0	0	0	2	0	0	0	0	0	0	0	0	1	0	0	0	0	0	0	0	1	0	0	0	2	0	0	0	0	0	0	0	0	3	0	0	0	0	0	0	0	0	0	0
OTU354	0	0	0	0	0	0	0	0	0	0	0	0	0	0	0	0	0	0	0	0	0	0	0	0	0	0	0	0	63	0	0	0	31	8	58	53	77	881	0	0	0	0	0	0	0	0	0	0	0	0	0	0	0	0	0	0	0	0	0	0	5	0	0	0	0	0	0	0	0	0	1	0	0	0	0	0	0	0	0	0	15	0	0	0	0	0	0	0	0	0	0	0	0	0	0	0	0	0	0	0	0	0	0	0	0	0	0	0	0	0	0	0	0	0	0	0	0	0	0	0	0	0	0	0	0	0	0	0	0	0	0	0	0	0	0	0	0	0	0	0	0	0	0
OTU355	0	0	0	0	0	0	0	0	2	117	0	0	0	0	0	2547	5	0	44	66	229	369	0	227	150	13	738	0	77	134	0	474	153	7	107	95	8	0	0	0	2	0	50	7	151	0	0	0	0	382	0	0	0	56	35	314	32	0	0	0	36	0	1	0	0	143	145	49	208	0	32	200	242	112	422	186	12	2	0	0	20	0	2	168	27	242	17	1	0	31	3	0	41	48	0	1	737	18	125	0	207	0	142	0	0	0	79	265	4	0	97	2	1	14	0	0	2	0	99	1279	43	0	0	13	24	70	0	0	0	0	544	0	210	1	20	0	570	0	26	62	0	0	0
OTU356	0	0	0	0	0	0	0	0	0	0	0	311	3	0	0	0	0	0	12	0	0	0	0	0	0	0	0	46	0	0	0	0	16	9	373	3	5	0	0	0	8	14	0	0	0	0	0	0	108	0	0	0	0	0	0	0	0	0	0	0	0	0	6	0	0	0	1	0	0	0	1	0	0	0	0	0	0	0	0	0	0	0	18	0	0	0	0	25	0	0	0	6	0	820	0	0	0	0	0	0	0	0	0	0	0	0	6	3	0	87	37	12	21	0	0	0	0	0	111	0	0	0	4	0	0	0	0	0	0	0	0	952	0	0	534	278	0	0	0	0	0	2	78
OTU357	0	0	0	0	0	0	0	0	0	0	0	0	0	0	0	0	0	0	0	0	0	0	0	0	0	0	0	0	0	0	0	0	0	0	0	0	0	0	0	0	0	0	1	0	0	0	0	0	0	0	0	0	0	0	0	0	0	0	0	0	0	0	0	0	0	0	0	0	0	0	0	0	0	0	0	0	0	0	0	0	0	0	0	0	0	0	0	0	0	0	0	0	0	0	0	0	0	0	0	0	0	0	0	0	0	0	0	0	0	0	0	0	0	0	0	0	0	0	0	0	0	0	0	0	0	0	1	5	10	0	0	0	0	0	3	1966	0	0	0	0	0	0	0
OTU358	0	0	0	0	0	0	0	0	0	0	0	0	0	0	0	68	2	0	0	0	0	0	3	0	0	0	0	0	0	0	1	0	0	0	0	0	1	0	5	0	0	0	1	0	0	0	0	0	0	0	0	0	0	0	0	0	0	0	0	0	0	0	0	0	0	0	0	0	0	0	0	0	0	0	0	0	0	0	0	0	0	14	0	0	0	155	1	0	0	0	0	0	0	0	0	3	0	0	0	0	0	0	0	0	0	0	0	0	0	0	0	0	0	0	0	0	0	578	7	0	0	0	0	0	0	0	3	3	5	0	9	0	0	1	0	0	4	0	0	0	0	0	0
OTU359	0	0	0	0	0	0	0	0	3	6	11	31	20	212	17	0	0	0	1	2	20	17	0	0	6	2	21	0	0	0	0	0	2	0	1	0	0	0	0	0	1	0	0	11	9	0	12	0	0	0	5	204	5	0	0	0	7	0	0	0	0	0	0	0	21	0	9	270	1	0	0	6	131	0	4	175	0	349	0	0	0	0	0	2	2	0	0	0	3	6	0	0	512	0	0	0	4	0	3	0	2	0	0	33	0	19	20	136	7	0	0	3	3	0	9	61	0	0	0	24	5	0	0	14	0	9	0	0	0	2	0	0	44	0	69	0	0	8	1	4	0	0	0
OTU360	0	0	0	0	0	0	0	0	0	0	1	0	0	0	0	0	0	0	0	0	0	0	0	0	0	0	0	0	0	0	0	0	0	0	0	0	0	0	0	0	0	0	807	120	0	0	0	0	0	0	0	0	0	3	0	0	0	0	0	0	0	0	0	0	0	0	0	0	0	0	0	0	0	0	0	0	0	0	0	0	0	0	0	0	0	2	0	0	0	0	0	0	0	0	0	0	0	0	0	0	0	0	0	0	0	0	0	0	0	0	0	1	0	0	0	0	0	0	3	0	0	0	0	0	0	0	0	0	0	0	0	0	0	0	0	0	0	0	0	0	0	0	0
OTU361	0	0	0	0	0	0	0	0	0	0	0	0	0	0	0	0	0	0	0	0	0	0	0	0	0	0	0	0	0	0	0	0	0	0	0	0	0	0	0	0	0	0	0	0	0	0	0	0	0	0	0	0	0	0	0	0	0	0	0	0	0	0	0	0	0	0	0	0	0	0	0	0	0	0	0	0	0	0	0	0	0	0	0	0	0	0	0	0	0	0	0	0	0	0	0	0	0	0	0	0	0	0	0	0	0	0	0	4	1162	0	0	0	0	0	0	0	0	0	0	0	0	0	0	0	0	0	0	0	0	0	0	0	0	0	0	0	0	0	0	0	0	0	1
OTU362	0	0	0	0	0	0	0	0	0	2	0	0	0	0	0	0	0	0	337	0	0	0	0	0	0	0	0	0	0	3	0	0	0	0	0	0	0	0	0	0	0	491	0	0	0	0	0	0	0	0	0	1	0	0	0	0	0	0	0	0	0	0	333	0	0	0	0	0	0	0	0	0	0	0	0	0	0	0	0	0	0	0	0	0	0	0	0	0	0	0	0	0	0	0	0	0	0	0	0	4	0	0	0	0	21	0	0	1	0	0	0	0	13	5	0	0	2	0	0	0	0	0	0	0	0	1	1	0	0	0	0	0	0	7	0	2	0	0	0	0	0	0	0
OTU363	0	0	0	0	0	0	0	0	5	0	1	1	1	1	262	0	0	0	0	0	5	0	0	0	0	11	0	0	0	0	0	0	0	0	2	6	1	0	0	0	0	0	1	11	0	0	0	0	0	0	0	1	0	0	0	0	0	1	0	0	0	0	0	0	1	0	19	0	0	0	0	0	0	0	0	0	0	0	3	0	0	0	3	0	0	0	0	0	6	0	2	0	0	0	0	0	2	0	0	0	0	0	0	2	0	2	2	0	2	0	0	0	0	0	151	84	2	0	0	0	0	0	0	0	0	0	0	0	0	1	0	4	0	0	0	0	0	700	0	0	0	0	0
OTU364	0	0	0	0	0	0	0	0	0	0	0	0	1	1	380	0	0	0	0	0	0	0	0	0	0	0	0	0	0	0	0	0	0	0	0	0	0	0	0	0	0	0	0	0	0	0	0	0	0	0	0	0	0	0	0	0	0	0	0	0	0	0	0	0	0	0	0	0	0	0	0	1	0	0	0	0	6	0	0	0	0	0	0	0	4	0	0	0	0	0	0	0	2	0	0	0	5	0	0	0	0	0	0	0	0	0	0	0	0	0	0	0	0	0	321	121	0	0	0	0	1	0	0	0	0	0	0	0	0	0	0	0	0	0	0	0	0	880	0	0	0	0	0
OTU365	0	0	0	0	0	0	0	0	0	12	42	0	0	0	0	2	3	0	1	5	1	2	0	0	147	0	97	0	12	7	0	21	10	0	1	0	1	0	0	0	0	0	60	10	17	0	0	0	0	5	0	0	0	0	152	12	12	0	0	0	0	0	0	60	0	44	0	1	2	1	0	10	111	1	29	14	1	0	0	0	0	0	0	1	9	0	0	4	0	9	0	0	36	0	0	0	95	16	2	0	1	0	1	0	0	0	7	19	1	9	0	50	9	0	0	0	0	0	6	1	19	0	0	69	10	48	0	0	0	4	0	0	5	0	0	0	0	0	75	0	0	0	0
OTU366	0	0	0	0	0	0	0	0	0	5	169	5	0	0	0	1	86	0	0	29	0	0	2	0	0	0	0	0	0	112	0	0	0	0	0	0	0	0	96	54	0	0	2	0	0	0	0	0	0	233	0	0	0	38	0	0	0	0	0	0	2	0	0	0	0	0	0	0	0	0	1	0	0	0	0	0	0	0	0	0	0	0	0	18	0	236	0	3	0	0	0	0	1	25	0	0	0	0	0	580	0	0	0	0	0	0	0	0	0	0	0	0	0	0	0	0	0	0	25	0	0	4	33	2	5	7	4	60	125	0	0	0	2	0	0	0	0	0	0	0	0	0	0
OTU367	0	0	0	0	0	0	0	0	0	0	0	5	34	0	0	0	0	0	1	0	0	0	0	0	0	0	0	0	0	0	0	0	13	5	17	42	414	0	0	0	0	0	0	0	0	0	0	0	0	0	0	0	0	0	0	0	0	0	0	0	4	0	0	0	0	0	0	0	0	0	8	0	0	0	0	0	0	0	0	0	0	0	0	0	0	0	0	0	0	0	0	0	0	0	0	0	0	0	0	0	0	29	0	0	6	0	0	0	0	0	0	0	0	0	0	0	0	0	1	0	0	0	30	0	0	0	0	0	0	0	0	483	0	0	0	0	0	0	0	0	0	0	0
OTU368	0	0	0	0	0	0	0	0	1	0	0	132	312	15	0	0	0	0	0	0	0	0	0	0	0	0	0	0	0	0	34	0	1	5	22	0	0	0	0	18	0	0	0	0	0	0	0	0	0	0	0	0	0	0	0	0	0	0	0	0	10	0	0	0	0	0	0	0	0	0	50	0	0	0	0	0	0	0	0	0	0	1	0	0	0	80	0	0	0	0	0	58	0	2	0	0	0	0	0	92	0	20	0	0	10	0	0	3	0	4	0	23	144	0	0	0	0	32	0	0	0	0	8	6	12	24	261	24	45	0	0	0	0	0	0	102	0	0	0	0	30	3	0
OTU369	0	0	0	0	0	0	0	0	0	0	54	35	153	8	0	0	0	0	0	0	0	0	11	0	0	0	0	937	0	1	2	0	0	0	0	0	0	0	10	0	0	0	0	0	0	0	0	0	4	0	0	0	0	0	0	0	0	0	0	0	2	0	0	0	0	0	2	0	0	0	0	0	0	0	0	0	0	0	0	0	0	0	0	0	0	0	4	0	0	0	0	0	0	0	0	0	0	0	0	0	0	0	0	0	0	0	1	1	0	7	0	0	0	0	0	0	0	0	0	0	0	2	0	0	0	0	0	0	0	0	17	0	0	10	203	0	0	0	0	0	0	2	3
OTU370	0	0	0	0	0	0	0	0	0	0	0	0	0	0	0	0	0	0	0	0	0	0	0	0	0	0	0	2	0	0	0	0	0	0	0	0	0	0	0	0	0	0	0	0	0	0	0	0	0	0	0	0	0	0	0	0	0	0	0	0	0	0	0	0	0	0	0	0	0	0	0	0	0	0	945	0	0	0	0	0	0	0	0	0	0	0	0	0	0	0	0	0	0	0	0	0	0	0	0	0	0	0	0	0	0	0	0	0	0	0	0	0	0	0	0	0	0	0	0	0	0	0	0	0	0	0	0	0	0	0	0	0	0	0	0	0	0	0	0	0	0	0	0
OTU371	0	0	0	0	0	0	0	0	0	61	19	0	0	0	0	0	0	1	0	11	0	0	0	2	19	0	1	0	0	1	0	47	5	0	6	11	0	0	44	18	0	0	6	0	0	0	0	0	0	1	0	0	0	0	28	85	0	0	0	0	9	0	0	77	0	1	0	8	3	0	2	0	6	4	0	12	30	0	0	0	9	0	0	12	1	0	1	0	0	3	25	7	17	0	0	0	8	15	35	0	1	0	0	0	0	0	9	71	2	0	0	7	1	46	0	0	0	0	30	1	1	0	0	27	0	0	0	0	0	0	1	0	56	0	5	0	0	0	0	0	0	0	0
OTU372	0	0	0	0	0	0	0	0	0	0	0	5	6	44	0	0	0	1	0	2	0	0	0	0	0	0	0	0	10	0	0	0	7	1	14	11	20	90	0	0	0	0	0	3	0	0	0	24	0	0	123	8	90	0	0	0	0	1	0	2	5	18	0	0	0	0	0	0	0	0	9	0	0	0	0	0	0	1	94	0	33	0	0	0	0	0	0	0	114	0	3	0	0	0	0	0	0	0	0	0	0	0	0	359	0	62	2	0	0	0	0	0	0	0	0	2	0	0	0	0	0	0	0	10	29	0	0	0	0	38	0	0	0	0	0	0	0	1	0	0	1	0	0
OTU373	0	0	0	0	0	0	0	0	0	0	0	0	0	3	133	0	0	0	14	0	70	131	0	0	0	0	0	0	0	0	0	0	0	0	0	0	0	0	0	0	0	0	0	0	0	0	107	0	0	0	0	0	0	0	0	0	0	0	0	0	0	0	0	0	0	53	0	0	0	0	0	0	52	0	0	0	0	0	212	0	0	0	0	0	7	0	0	0	0	4	0	0	10	0	0	0	4	0	0	0	0	0	0	0	0	0	0	0	0	0	0	0	0	0	107	70	0	0	0	0	6	0	0	0	0	0	0	0	0	0	0	0	0	0	0	0	0	311	0	0	0	0	0
OTU374	0	0	0	0	0	0	0	0	7	2	28	18	64	16	83	3	0	0	9	0	0	0	1	4	2	23	2	0	4	10	58	6	0	5	9	1	7	1	1	0	0	9	0	0	15	0	2	0	1	0	0	0	0	0	0	0	0	0	0	0	0	0	10	0	0	0	5	0	4	0	0	7	0	0	0	0	0	0	0	93	0	50	158	0	2	6	0	7	4	0	0	3	0	2	0	12	0	0	0	1	0	57	0	0	5	0	0	0	3	5	1	4	5	14	63	42	18	8	0	1	2	3	0	0	2	1	4	1	3	16	1	0	0	17	0	14	6	265	1	0	14	0	1
OTU375	0	0	0	0	0	0	0	0	1	69	0	0	0	0	31	0	0	69	14	308	117	7	0	0	0	0	0	0	0	0	0	0	1	0	0	0	0	0	0	0	0	0	0	0	0	0	0	0	0	0	0	0	0	0	0	0	0	0	0	0	47	0	0	0	1745	0	0	0	4	0	25	0	0	0	0	0	0	339	0	0	297	0	0	0	0	0	0	0	0	0	2	0	0	0	797	0	0	1	2	0	0	0	0	0	0	0	12	1	34	0	0	0	0	0	31	11	0	0	0	0	0	0	0	116	331	3	0	0	0	325	0	0	51	0	0	0	0	49	0	27	0	0	0
OTU376	0	0	1	0	0	0	0	0	0	0	0	0	0	0	0	0	0	0	0	0	0	0	0	0	0	0	0	0	0	0	0	0	0	0	0	0	0	0	0	0	0	0	0	0	0	0	0	0	0	0	0	0	0	0	0	0	0	0	0	0	0	0	0	0	0	0	0	0	0	0	0	0	0	0	0	0	0	7	0	0	0	0	0	0	0	0	0	0	0	0	0	0	0	0	0	0	0	0	0	0	0	0	0	0	0	0	0	2	901	0	0	0	0	0	0	6	0	0	0	0	0	0	0	35	86	0	0	0	0	0	0	0	0	0	0	0	0	0	0	0	0	0	0
OTU377	0	0	0	0	0	0	0	2	7	2	14	5	3	11	3	19	1	0	1	8	4	7	16	0	2	16	6	20	0	26	0	64	2	1	26	1	56	0	0	0	12	0	19	4	0	11	0	0	1	64	0	0	6	0	1	7	51	1	0	0	1	2	0	19	27	31	113	13	2	0	1	0	12	0	0	0	0	6	5	0	0	1	0	0	1	21	20	13	0	1	0	2	12	1	0	13	11	12	0	3	1	0	2	3	0	0	1	0	0	1	2	8	3	0	0	0	16	0	19	3	1	0	0	3	9	7	16	8	10	20	118	11	0	2	4	8	5	3	44	6	0	1	2
OTU378	0	0	0	0	0	0	0	0	0	0	21	15	5	0	0	0	34	0	3	0	0	0	0	76	0	34	0	82	0	2	19	117	0	16	13	0	6	0	36	20	2	1	1	0	0	5	0	0	14	0	0	0	0	4	0	0	0	0	0	0	0	0	1	0	0	0	0	0	0	0	0	0	0	0	0	0	0	0	0	13	0	1	1	10	0	37	228	41	0	0	0	6	0	75	0	15	0	0	0	8	0	2	0	0	0	0	0	3	0	11	3	5	1	2	0	0	2	0	11	0	0	3	14	0	0	0	0	0	0	0	0	29	0	1	28	0	12	0	0	0	0	147	15
OTU379	0	0	0	0	0	0	0	0	15	3	1	0	0	5	168	0	0	0	0	6	0	0	0	0	0	37	0	0	3	5	0	0	5	0	9	5	9	42	0	0	4	0	13	2	0	0	1	0	0	12	0	0	0	0	4	1	0	117	0	0	1	65	0	0	4	0	33	0	0	0	2	0	0	0	0	5	0	0	7	0	10	0	0	0	0	0	0	0	2	0	0	0	0	0	2	0	0	5	0	0	1	0	0	0	0	0	2	1	82	0	12	2	0	0	114	70	0	0	0	0	0	0	0	0	1	0	0	0	0	182	0	4	2	0	0	0	0	274	0	5	0	9	0
OTU380	0	0	0	0	0	0	0	0	0	4	0	0	0	0	219	0	0	0	1	0	25	0	0	0	0	0	0	0	0	0	0	0	0	0	0	0	0	0	0	0	0	0	0	0	0	0	0	0	0	0	2	0	0	0	0	3	0	3	0	0	0	0	0	0	0	0	0	0	0	0	0	0	2	0	31	0	376	0	0	0	0	0	0	0	0	0	0	0	0	0	0	0	85	0	0	0	0	0	0	0	0	0	2	0	0	0	1	0	0	0	0	0	0	0	176	81	0	0	0	0	0	0	0	7	0	0	0	0	0	0	0	0	15	0	0	0	0	545	0	0	0	0	0
OTU381	0	0	0	0	0	0	0	0	13	3	0	0	0	0	0	0	1	49	0	25	5	0	0	0	0	8	0	0	10	0	0	0	8	1	10	9	14	96	0	0	4	0	7	84	0	0	18	79	0	0	134	102	206	0	0	0	0	15	0	354	26	1	0	0	5	0	0	0	0	0	14	0	0	0	0	0	0	14	50	0	76	0	0	0	0	0	0	0	374	0	80	0	0	0	207	0	0	0	0	0	0	0	0	124	0	63	38	2	1	0	0	0	0	0	0	15	0	0	0	0	0	0	0	0	0	0	0	0	0	0	0	0	4	0	0	0	0	0	0	44	0	0	0
OTU382	0	0	0	0	0	0	0	0	0	18	0	1	1	2	0	0	0	0	0	78	0	0	0	0	0	0	0	0	0	0	0	0	0	0	0	0	0	0	0	0	0	0	0	0	0	0	0	0	0	0	0	0	0	0	0	0	0	0	0	0	0	0	0	0	0	0	0	0	0	0	0	0	0	0	0	0	0	109	5	0	0	0	0	0	0	0	0	0	0	0	0	0	0	0	0	0	0	0	0	0	0	0	0	0	0	0	0	0	0	0	0	0	0	0	0	0	0	0	0	0	0	0	0	0	0	0	0	0	0	1458	0	0	14	0	0	0	0	0	0	0	2	0	0
OTU383	0	0	0	0	0	0	0	0	0	0	0	1	3	0	0	874	0	0	1	0	5	0	0	0	0	0	0	39	0	0	0	0	1	2	99	1	2	0	87	0	190	0	2	0	0	0	0	0	0	0	0	0	0	0	0	0	0	0	0	0	13	0	0	0	0	0	2	0	0	0	0	0	0	0	0	0	0	0	0	0	12	0	0	0	0	260	0	2	0	0	2	0	0	36	1	0	0	0	0	0	0	0	0	0	3	0	0	0	0	0	0	0	0	0	0	0	0	0	40	0	0	0	66	0	0	0	0	0	0	0	0	1258	1	0	23	0	72	0	0	0	0	21	0
OTU384	0	0	0	0	0	0	0	0	2	98	0	2	7	13	6	0	0	0	34	18	212	452	0	0	332	3	93	0	15	0	0	0	91	3	19	97	23	110	0	0	2	0	0	0	0	0	0	0	1	0	0	0	181	0	4	2	0	2	0	0	3	0	0	12	0	37	20	15	76	10	2	48	32	25	36	8	0	0	0	0	13	0	0	5	13	0	0	0	3	17	3	0	14	0	0	0	23	7	63	0	31	0	27	10	0	12	12	47	15	0	0	4	0	0	2	2	0	0	0	26	18	0	0	17	25	59	0	0	0	13	0	3	42	0	3	0	0	10	432	0	0	0	1
OTU385	0	0	0	0	0	0	0	0	0	0	0	1	6	19	1	0	0	0	0	0	0	0	0	0	0	0	0	0	7	0	0	0	5	2	15	17	28	97	0	0	13	0	0	0	0	0	6	148	0	0	118	128	2	0	0	0	0	22	0	40	33	0	0	0	0	0	0	0	0	0	14	0	0	0	0	0	0	0	207	0	26	0	0	0	0	0	0	0	0	0	109	0	0	0	0	0	0	0	0	0	0	0	0	0	0	31	9	1	0	0	0	0	0	0	0	1	0	0	0	0	0	0	0	34	109	4	0	0	0	0	0	0	0	0	0	0	0	1	0	0	0	0	0
OTU386	0	0	0	0	0	0	0	0	0	0	0	0	0	0	0	0	0	0	29	0	0	0	43	0	0	0	0	0	0	8	2	0	0	0	0	0	10	0	0	0	0	45	0	0	0	0	0	0	0	16	0	0	0	0	0	0	0	0	0	0	0	0	23	0	0	0	0	0	0	0	0	0	0	0	0	0	0	0	0	24	0	17	0	5	0	31	17	0	0	0	0	509	0	0	0	0	0	0	0	0	0	12	0	0	0	0	0	0	0	0	0	0	0	0	0	0	1	1	0	0	0	22	0	2	1	0	7	0	0	0	70	0	0	16	0	0	0	0	0	0	0	0	0
OTU387	0	0	0	0	0	0	0	0	0	0	2	0	0	0	0	0	0	0	3	2	0	0	0	17	0	1	0	2	0	3	1	1	1	1	2	2	6	0	0	1	0	3	0	0	0	2	0	2	0	3	0	0	0	1	0	0	0	1	0	0	0	0	1	0	0	0	0	0	0	0	1	0	0	0	1	0	0	0	0	0	1	14	0	0	0	1	0	0	0	0	0	1	0	0	1	5	0	0	0	55	0	17	0	0	5	1	1	1	0	0	0	1	2	0	0	0	0	0	3	0	0	784	0	1	0	0	8	1	0	0	0	0	0	0	0	0	0	2	0	0	1	0	0
OTU388	0	0	0	0	0	0	0	0	0	0	0	0	0	0	0	0	0	0	0	0	0	0	0	0	0	0	0	0	0	0	0	0	0	0	0	0	0	0	0	0	0	0	0	0	0	0	0	816	0	0	0	0	0	0	0	0	0	0	0	0	0	0	0	0	0	0	0	0	0	0	0	0	0	0	0	0	0	0	1	0	0	0	0	0	0	0	0	0	0	0	0	0	0	0	0	0	0	0	0	0	0	0	0	0	0	0	0	0	0	0	0	0	0	0	0	0	0	0	0	0	0	0	0	0	0	0	0	0	0	0	0	0	0	0	0	0	0	0	0	0	0	0	0
OTU389	0	0	0	0	0	0	0	0	0	0	8	0	0	0	0	0	403	0	0	0	0	0	8	49	0	0	0	0	0	0	0	93	16	0	23	34	361	1	3	0	0	0	0	0	0	0	0	0	6	0	0	0	0	36	0	0	0	0	0	0	0	0	0	0	0	0	0	0	0	0	0	0	0	0	0	0	0	0	0	0	0	0	0	3	0	20	1	0	0	0	0	10	0	0	0	0	0	0	0	0	0	0	0	0	0	0	0	0	0	6	0	0	1	5	0	0	0	3	30	0	0	0	0	1	3	4	2	48	63	0	7	14	0	0	0	0	23	0	0	0	0	0	10
OTU390	0	0	0	0	0	0	0	0	0	0	1	10	8	1	0	0	5	0	2	0	0	0	0	7	1	0	0	35	0	0	8	0	2	126	7	3	4	0	42	0	3	1	8	1	0	2	0	0	0	0	0	0	0	0	0	0	3	0	0	0	12	0	4	0	1	0	0	0	1	0	13	2	0	0	0	0	0	0	0	38	0	38	0	0	1	3	14	44	0	1	0	100	0	6	0	27	0	0	0	34	0	77	0	0	6	0	0	0	2	0	11	0	4	45	0	0	0	13	0	0	1	0	0	4	12	6	16	55	107	0	11	0	0	0	0	3	0	0	0	0	5	1	0
OTU391	0	0	0	0	0	0	0	0	3	0	0	0	0	0	0	0	0	0	0	0	0	0	0	0	0	0	0	0	0	0	0	0	0	0	0	0	0	0	0	0	0	0	0	0	0	0	25	383	0	0	0	0	0	0	0	0	0	0	0	0	19	0	0	0	0	0	0	0	0	0	22	0	0	0	0	0	0	53	130	0	14	0	0	0	0	0	0	0	0	0	93	0	0	0	0	0	0	0	0	0	0	0	0	0	0	0	0	0	0	0	0	0	0	0	0	5	0	0	0	0	0	0	0	0	0	0	0	0	0	0	0	0	0	0	0	0	0	0	0	35	0	0	0
OTU392	0	0	0	0	0	0	0	0	0	0	0	0	0	0	0	0	0	0	0	0	0	0	0	0	0	0	0	0	0	0	0	0	0	0	0	0	0	0	1237	0	0	0	0	0	0	0	0	0	0	0	0	0	0	0	0	0	0	0	0	0	0	0	0	0	0	0	0	0	0	0	0	0	0	0	0	0	0	0	0	0	0	0	0	0	0	0	0	0	0	0	0	0	0	0	0	0	0	0	0	0	0	0	0	0	0	0	0	0	0	0	0	0	0	0	0	0	0	0	0	0	0	0	0	0	0	2	8	7	33	0	0	0	0	0	0	0	0	0	0	0	0	0	0
OTU393	0	0	0	0	0	0	0	0	0	3	103	1	22	0	0	50	67	0	7	0	0	0	3	5	0	0	0	56	0	1	3	15	1	0	5	4	29	0	13	21	0	2	3	0	0	49	0	0	3	0	0	0	0	15	16	8	1	0	0	0	7	0	6	5	5	0	0	0	0	0	1	0	0	2	0	0	1	2	0	12	0	17	0	3	0	42	15	1	0	1	0	17	0	10	0	31	0	0	0	16	0	14	1	0	22	0	2	7	2	2	3	21	79	4	0	0	0	0	17	0	0	0	0	0	1	0	4	39	15	0	22	0	0	7	1	6	20	0	2	0	0	6	0
OTU394	0	0	0	0	0	0	0	0	0	0	0	0	0	0	0	0	0	0	0	0	0	0	0	0	0	0	0	0	0	0	0	0	0	0	0	0	0	0	0	0	0	0	0	0	0	0	0	788	0	0	676	0	0	0	0	0	0	1	0	0	0	0	0	0	0	0	0	0	1	0	0	0	0	0	0	0	0	0	0	0	0	0	0	0	0	0	0	0	0	0	0	0	0	0	0	0	0	0	2	0	0	0	0	0	0	0	47	7	2	0	0	0	0	0	0	1	0	0	0	0	0	0	0	0	0	0	0	0	0	0	0	0	0	0	0	0	0	0	0	3	0	0	0
OTU395	0	0	0	0	0	0	0	0	0	0	0	0	0	0	0	0	0	0	0	0	0	0	0	0	0	0	0	0	0	0	0	0	0	0	0	0	0	0	0	0	0	0	0	0	0	0	0	0	0	0	0	0	0	0	0	0	0	0	0	0	0	0	0	0	0	0	0	0	0	0	0	0	0	0	0	0	0	0	0	0	0	0	0	0	0	0	0	0	0	0	0	0	0	0	0	0	0	0	0	0	0	0	0	0	0	0	78	38	6	42	0	513	149	0	0	0	0	0	0	0	0	0	0	1	0	0	0	0	0	0	0	0	0	0	0	0	0	0	0	0	0	0	0
OTU396	0	0	0	0	0	0	0	0	0	0	0	50	5	142	0	0	0	0	0	2	0	0	0	0	0	0	0	0	0	0	0	0	0	0	0	0	1	0	0	0	1	0	13	2	0	0	17	0	0	0	4	0	0	8	0	0	2	0	0	0	0	2	0	0	0	0	2	0	0	0	0	0	0	0	0	0	0	0	67	0	0	0	2	1	0	0	18	0	0	0	0	0	0	1	0	0	0	0	0	0	0	0	0	0	0	0	0	0	0	1	0	0	0	0	0	0	0	0	0	0	0	0	0	13	41	32	35	416	1084	0	0	59	0	0	20	0	0	0	0	0	1	0	0
OTU397	0	0	0	0	0	0	0	0	0	0	0	0	0	0	0	0	0	0	0	0	0	0	0	0	0	0	0	0	0	0	0	0	0	0	0	0	0	0	0	0	0	0	0	0	0	0	0	0	0	0	0	13	0	0	0	0	0	0	0	0	0	1	0	0	1	0	0	0	0	0	0	0	0	0	0	0	0	0	1287	0	0	0	0	0	0	0	0	0	0	0	0	0	0	0	0	0	0	0	0	0	0	0	0	0	0	5	0	0	0	0	0	0	0	0	0	0	0	0	0	0	0	0	0	0	0	0	0	0	0	0	0	0	0	0	0	0	0	0	0	0	0	0	0
OTU398	0	0	0	0	0	0	0	0	0	0	0	1	5	0	0	0	0	0	3	0	0	0	0	0	0	0	0	0	0	1	9	0	0	3	0	0	0	0	6	0	0	1	0	0	0	1	0	0	0	0	0	0	0	0	0	0	1	0	0	0	0	0	0	0	25	0	0	0	0	0	0	0	0	0	0	0	0	0	0	35	0	3	0	0	0	0	0	0	0	0	0	18	0	1	0	0	0	0	0	20	0	240	0	0	5	0	11	10	1	4	1	62	300	0	0	0	25	0	0	0	0	0	0	0	1	1	35	0	0	1	0	0	0	1	2	115	0	0	0	0	71	4	0
OTU399	0	0	0	0	0	0	0	0	0	0	0	1	7	0	0	0	0	0	70	0	0	0	0	0	0	0	0	2	0	0	0	0	0	4	0	1	6	0	0	0	0	78	0	0	0	56	0	0	0	0	0	0	0	1	0	0	0	0	0	0	6	0	35	0	0	0	0	0	0	0	27	0	0	0	0	0	0	0	0	4	0	0	0	0	0	7	0	0	0	0	0	0	0	0	0	7	0	0	0	297	0	45	0	0	233	0	0	0	0	0	0	0	1	1	0	0	0	0	1	0	0	4	0	3	4	5	49	25	31	0	0	0	0	2	0	10	0	0	0	0	49	0	0
OTU400	0	0	0	0	0	0	0	0	0	1	0	0	0	0	0	0	0	0	1	1	3	10	0	30	0	0	0	0	0	0	0	43	157	4	72	70	9	0	0	0	21	0	5	2	0	0	0	0	2	2	0	0	0	0	0	0	0	0	0	0	11	0	0	0	0	13	0	8	100	0	9	7	7	5	0	3	3	0	0	0	5	0	0	5	2	0	0	12	0	3	2	0	11	12	0	0	87	1	26	0	123	0	0	0	0	0	0	3	0	7	0	0	0	2	0	0	0	0	0	0	5	0	0	8	14	26	0	0	0	0	0	0	0	0	0	0	0	0	0	0	0	0	2
OTU401	0	0	0	0	0	0	0	0	0	0	0	0	0	0	0	0	0	0	0	0	0	0	0	0	0	0	0	0	0	0	0	0	0	0	0	0	0	0	0	0	0	0	0	0	0	0	0	0	0	0	0	0	0	0	0	0	0	0	0	0	0	0	0	0	0	0	0	0	0	0	0	0	0	0	0	0	0	0	0	0	0	0	0	0	0	0	0	0	0	0	0	0	0	0	0	0	0	0	0	0	0	0	0	0	0	0	0	0	61	0	0	0	0	0	0	0	0	0	0	0	0	0	0	0	0	0	0	0	0	0	0	0	0	2	0	0	0	0	0	991	0	0	0
OTU402	0	0	0	0	0	0	0	0	1	0	26	15	33	4	0	0	0	0	0	1	0	0	0	24	0	0	0	1	0	2	290	1	0	11	4	0	20	0	2	0	0	0	0	0	0	57	0	0	1	4	0	0	0	1	0	0	0	0	0	0	18	0	0	0	0	0	0	0	0	0	74	0	0	0	0	0	0	0	0	18	0	9	0	3	0	1	0	0	0	0	0	0	0	0	0	18	0	0	0	8	0	89	0	0	31	0	0	0	0	0	0	0	2	14	0	0	2	0	10	0	0	46	5	0	0	3	5	2	1	0	0	0	0	16	0	6	0	0	0	0	2	0	0
OTU403	0	0	0	0	0	0	0	0	0	0	0	0	2	0	0	0	0	0	1	0	0	0	0	0	0	0	0	0	0	4	0	0	0	3	0	0	0	0	0	0	0	3	0	0	0	0	0	0	1	0	0	0	0	0	0	0	0	0	0	0	0	0	5	0	0	0	0	0	0	0	0	0	0	0	0	0	0	0	0	0	0	0	0	0	0	0	0	16	0	0	0	0	0	0	0	0	0	0	0	0	0	177	0	0	0	0	0	0	0	0	53	0	0	0	0	0	0	0	0	0	0	0	0	0	0	0	1	28	2	0	0	266	0	0	0	0	0	0	0	0	181	0	0
OTU404	0	0	0	0	0	0	0	0	0	0	0	0	0	0	0	0	0	0	0	0	0	0	0	0	0	0	0	0	0	0	0	0	0	0	5	0	0	0	0	0	0	0	0	0	0	0	0	0	848	0	0	0	0	2	0	0	0	0	0	0	0	0	0	0	0	0	17	0	0	0	0	0	0	0	0	0	0	0	0	0	0	0	0	0	0	0	0	0	0	0	0	0	0	0	0	0	0	0	0	0	0	0	0	0	0	0	40	18	3	855	4	63	32	0	0	0	0	0	0	0	0	0	0	0	0	0	0	0	0	0	0	0	0	0	0	0	0	0	0	0	0	0	708
OTU405	0	0	0	0	0	0	0	0	0	0	0	103	1	0	0	0	0	0	0	0	0	0	4	1	0	0	0	1	0	0	0	0	0	0	0	0	0	0	0	0	0	0	2	0	0	0	0	0	1	0	0	0	0	0	0	0	0	0	0	0	0	0	0	0	0	0	0	0	0	0	0	0	0	0	0	0	0	0	0	0	0	0	44	0	0	0	0	0	0	0	0	0	0	0	0	2	0	0	0	0	0	22	0	0	0	0	0	0	0	5	43	0	0	0	0	0	0	0	0	0	0	0	151	0	1	1	7	21	34	0	0	22	0	0	431	0	0	0	0	0	0	1	3
OTU406	0	0	0	0	0	0	0	0	0	0	0	0	0	0	0	715	0	0	0	0	0	0	0	0	0	0	0	0	0	0	0	0	0	0	0	0	0	0	0	0	0	0	0	0	0	0	0	0	0	0	0	0	0	0	0	0	0	0	0	0	0	0	0	0	0	0	0	0	0	0	0	0	0	0	0	0	0	0	0	0	0	0	0	0	0	31	0	0	0	0	0	0	0	0	0	0	0	0	0	0	0	0	0	0	0	0	0	0	0	0	0	0	0	0	0	0	0	0	0	0	0	0	0	0	0	0	0	0	0	0	0	0	0	0	0	0	2	0	0	0	0	0	0
OTU407	0	0	0	0	0	0	0	0	0	0	0	16	2	0	0	0	0	0	90	5	0	0	0	0	0	0	0	9	0	121	95	0	0	0	4	2	2	0	0	0	1	67	0	0	0	0	0	0	34	0	0	0	0	0	0	0	0	0	0	0	0	0	45	0	0	0	2	0	0	0	0	0	0	0	0	0	0	0	0	3	0	0	0	0	0	0	0	5	0	0	0	0	0	33	0	0	0	0	0	0	0	87	0	0	0	0	1	5	0	44	26	1	8	0	0	0	0	0	0	0	0	0	0	0	0	0	0	0	0	0	0	4	0	0	18	0	0	0	0	0	0	0	25
OTU408	0	0	0	0	0	0	0	0	0	0	1	0	2	0	0	0	6	0	0	0	0	0	1	0	0	0	0	0	0	0	4	35	9	4	10	35	290	0	2	1	0	0	61	11	0	0	0	0	0	0	0	0	0	2	0	0	0	0	0	0	0	0	0	0	0	0	0	0	0	0	0	0	0	0	0	0	0	0	0	32	0	34	0	64	0	14	20	0	0	0	0	0	0	1	0	223	0	0	0	14	0	0	0	0	0	0	0	0	0	0	0	0	0	5	0	0	172	0	0	0	0	0	0	0	0	0	0	0	0	0	13	0	0	2	0	0	0	0	0	0	0	0	0
OTU409	0	0	0	0	0	0	0	0	0	0	0	0	0	0	0	0	0	0	0	0	0	0	0	0	0	0	0	0	0	0	0	0	0	0	0	0	0	0	0	0	0	0	12	103	0	0	0	0	0	0	4	0	0	0	0	0	0	0	0	0	0	0	0	0	0	0	0	0	0	0	0	0	0	0	0	0	0	0	574	0	0	0	0	0	0	0	0	0	0	0	0	0	0	0	0	0	0	0	0	0	0	0	0	0	0	0	171	29	628	0	0	0	0	0	1	114	0	0	0	0	0	0	0	0	0	0	0	0	0	21	0	0	0	0	0	0	0	0	0	0	0	0	0
OTU410	0	0	0	0	0	0	0	0	0	0	0	0	0	0	0	0	0	0	3	0	20	17	0	0	0	0	0	0	0	0	0	0	0	0	0	0	0	0	0	0	0	0	0	0	0	0	0	0	0	0	0	0	0	0	0	0	0	0	0	0	0	0	0	0	0	0	0	0	0	0	0	0	0	0	0	0	0	0	0	0	0	0	0	0	0	0	0	0	0	0	0	0	2	697	0	0	0	0	0	0	0	0	0	0	0	0	0	0	0	0	0	0	0	0	0	0	0	1	0	0	0	0	0	0	0	0	0	0	0	0	5	0	0	0	0	0	0	0	0	0	0	0	0
OTU411	0	0	0	0	0	0	0	0	0	0	5	0	3	0	0	0	2	0	2	3	0	0	0	6	0	0	0	44	0	9	51	0	2	27	114	3	15	0	0	0	0	3	1	0	0	19	0	0	0	0	0	0	0	14	0	0	0	0	0	0	0	0	0	0	0	0	0	0	0	0	1	0	0	0	0	0	0	0	0	2	0	1	0	2	0	1	8	0	0	0	0	0	0	0	0	52	0	0	0	5	0	0	0	0	128	0	1	2	0	1	0	12	65	46	0	0	0	0	3	0	0	36	0	0	1	0	4	19	28	0	0	1	0	19	0	1	0	0	0	0	15	0	0
OTU412	0	0	0	0	0	0	0	0	1	2	0	3	15	0	1	1	0	0	6	2	0	0	2	3	0	9	0	76	0	4	0	1	0	55	50	0	10	0	1	0	0	16	2	0	0	33	0	0	2	6	0	0	0	0	0	0	0	0	0	0	4	0	7	0	2	0	0	0	0	0	5	0	0	0	0	0	0	0	0	2	0	21	0	1	0	3	4	0	0	0	0	13	0	1	0	5	0	0	0	16	0	26	0	0	313	0	1	5	1	7	0	15	71	2	0	0	33	0	2	0	0	1	0	0	0	0	23	9	0	0	18	0	0	0	0	337	0	1	8	0	27	1	0
OTU413	0	0	0	0	0	0	0	0	0	0	0	0	7	0	0	0	0	0	5	0	0	0	0	0	0	0	0	0	0	0	0	0	0	0	0	0	0	0	0	0	0	2	0	0	0	0	0	0	0	0	0	0	0	0	0	0	0	0	0	0	0	0	0	0	0	0	0	0	0	0	0	0	0	0	0	0	0	0	0	0	0	0	0	0	0	0	1	0	0	0	0	0	0	0	0	1	0	0	0	482	0	0	0	0	2	0	0	0	0	0	0	0	0	0	0	0	0	0	0	0	0	0	0	1	6	10	218	0	0	0	0	0	0	0	0	4	0	0	0	0	0	0	0
OTU414	0	0	0	0	0	0	0	0	9556	71	0	0	0	0	0	0	0	0	0	326	0	0	0	0	0	25	0	0	0	0	0	0	0	0	0	0	0	0	0	0	520	0	0	0	0	0	700	0	0	0	0	0	0	6	0	0	0	96	0	0	40	0	0	0	0	0	495	0	0	0	2	0	0	0	0	0	0	42	2550	0	0	0	0	0	0	0	0	0	0	0	0	0	0	0	0	0	0	0	0	0	0	0	0	0	0	0	0	0	0	1	1644	0	0	0	0	0	0	0	1	0	0	0	0	0	0	0	0	0	0	0	0	2	73	0	66	0	0	0	0	0	0	0	0
OTU415	0	0	0	0	0	0	0	0	1	0	22	10	77	3	10	0	11	12	43	0	0	0	0	2	0	0	0	2	0	16	18	3	1	13	24	2	16	0	8	2	0	59	1	5	0	24	3	2	0	1	0	2	1	10	0	0	0	0	0	14	1	3	38	0	6	0	0	0	0	0	0	0	0	0	1	0	0	6	0	6	0	13	36	0	0	0	0	0	0	0	0	1	0	0	0	10	25	0	0	96	0	0	0	0	13	13	3	0	0	0	0	10	25	0	6	3	6	0	31	0	0	5	0	1	0	0	29	4	1	1	0	0	0	7	0	0	1	19	0	0	4	2	0
OTU416	0	0	0	0	0	0	0	0	0	0	0	0	0	0	0	0	0	0	0	1	0	0	0	0	0	0	0	0	0	0	0	0	1	0	0	0	0	0	0	0	0	0	0	0	0	0	0	0	0	0	0	0	0	0	510	0	0	0	0	0	0	0	0	0	0	1	0	6	1	1	0	4	0	0	0	0	0	0	0	0	0	0	0	0	0	0	0	0	0	1	0	0	0	0	0	0	1	0	69	0	0	0	0	0	0	0	15	78	1	0	0	0	0	0	0	0	0	0	0	0	5	0	0	2	8	13	0	0	0	0	0	0	0	0	0	0	0	0	0	0	0	0	0
OTU417	0	0	0	0	0	0	0	0	1	0	107	154	3	2	6	0	0	0	0	2	0	0	12	1	0	0	0	3	0	5	11	8	1	2	10	29	9	0	4	0	14	0	21	210	0	5	1	12	33	4	6	8	0	0	0	0	1	0	0	0	0	0	2	0	10	0	12	1	0	0	0	0	0	0	0	1	0	1	0	10	0	0	5	2	0	0	0	5	0	0	2	0	3	8	0	1	0	0	0	3	1	23	0	1	1	0	2	6	0	32	2	6	5	200	8	11	3	0	0	0	2	11	7	6	8	0	1	0	0	0	0	1	0	5	0	0	0	11	0	0	0	34	29
OTU418	0	0	0	0	0	0	0	0	0	0	0	0	0	0	0	0	0	0	6	0	27	51	0	0	2	0	2	0	251	0	0	0	0	0	1	17	0	0	0	0	0	0	0	0	320	0	0	0	0	0	0	0	0	0	0	2	0	0	0	0	0	0	0	13	0	12	0	0	0	0	0	3	2	17	9	0	0	0	0	0	0	0	0	0	0	0	0	0	0	0	0	0	1	0	0	0	39	1	6	0	0	0	0	0	0	0	3	6	0	0	0	2	0	0	0	0	0	0	0	3	0	0	0	1	2	3	0	0	0	0	0	0	1	0	0	0	0	0	6	0	0	0	0
OTU419	0	0	0	0	0	0	0	0	0	0	0	0	0	0	0	0	0	0	0	0	0	0	6	0	0	0	0	0	0	0	7	0	2	112	8	5	10	0	0	0	0	0	0	0	0	109	0	0	0	0	0	0	0	0	0	0	0	0	0	0	0	0	0	0	0	0	0	0	0	0	0	0	0	0	0	0	0	0	0	163	0	3	0	0	0	85	14	0	0	0	0	9	0	0	0	7	0	0	0	8	0	6	0	0	51	0	0	0	0	0	0	0	0	0	0	0	1	20	0	0	0	2	0	0	0	0	11	8	12	0	0	0	0	18	0	0	0	0	0	0	0	0	0
OTU420	0	0	0	0	0	0	0	0	0	0	120	4	34	1	1	0	0	0	0	0	0	1	0	3	0	0	0	0	0	0	41	6	0	7	0	0	2	0	11	0	0	2	0	0	0	17	0	0	0	0	0	0	0	0	0	0	0	0	0	0	0	0	0	0	0	0	0	0	0	0	0	0	0	0	0	0	0	0	0	22	0	2	0	9	0	0	5	0	2	0	0	30	0	0	0	15	0	0	0	24	0	0	0	0	458	0	2	0	0	2	0	0	4	6	0	0	2	0	0	0	0	0	0	0	0	0	0	0	0	0	0	0	0	1	0	0	0	0	0	0	0	0	0
OTU421	0	0	0	0	0	0	0	0	14	0	0	235	220	1602	0	0	0	0	0	0	0	0	0	0	0	5	0	0	0	0	0	0	0	0	0	0	0	0	0	0	0	0	20	155	0	0	10	0	0	0	1373	626	308	0	0	0	0	0	0	0	0	0	0	0	4	0	0	0	0	0	0	0	0	0	0	0	0	0	0	0	3	0	0	0	0	0	0	0	0	0	0	0	0	0	1	0	0	0	0	0	0	0	0	0	0	0	145	15	8	0	0	0	0	0	0	0	0	0	0	0	0	0	0	0	0	0	0	0	0	0	0	0	0	0	0	0	0	0	0	1	3	0	0
OTU422	0	0	0	0	0	0	0	0	3	4	0	0	1	1	14	3	3	0	0	9	1	2	1	1	0	0	6	76	0	1	18	1	0	3	21	3	20	0	0	0	0	0	0	8	5	0	2	0	17	0	5	2	1	0	3	7	0	1	0	0	1	29	0	0	9	1	0	1	0	0	0	1	6	0	0	0	6	1	0	6	0	0	1	1	0	5	0	1	12	1	0	1	41	2	0	3	1	1	0	3	0	0	0	7	35	0	2	2	3	16	3	56	30	10	8	6	75	0	6	0	0	1	0	3	3	0	2	5	7	4	11	0	6	0	1	0	10	24	1	6	0	2	11
OTU423	0	0	0	0	0	0	0	0	2	0	0	9	1	4	1	0	0	0	6	1	0	0	0	0	0	16	0	8	0	0	0	0	2	5	130	5	0	0	0	0	0	6	0	1	0	0	0	9	62	0	0	0	0	0	0	0	3	3	0	0	1	1	2	0	0	0	46	0	0	0	0	3	0	0	0	0	0	4	0	2	4	0	27	0	0	0	0	25	0	0	1	1	0	46	0	0	0	0	0	0	0	0	0	0	0	0	7	4	3	48	1	10	27	1	2	2	1	0	0	0	0	0	2	0	1	0	0	0	0	0	0	5	0	0	54	0	2	7	0	0	0	0	37
OTU424	0	0	0	0	0	0	0	0	0	0	0	0	0	0	0	0	0	0	0	0	0	0	0	0	0	0	0	0	0	0	0	0	0	0	0	0	0	0	21	0	0	0	3	0	0	200	0	0	1	0	0	0	0	0	0	0	0	0	0	0	6	0	0	0	0	0	0	0	0	0	29	0	0	0	0	0	0	0	0	0	0	0	0	0	0	15	35	0	0	0	0	7	0	0	0	0	0	0	0	0	0	0	0	0	0	0	0	0	0	5	0	0	0	0	0	0	0	0	0	0	0	0	43	4	14	22	82	208	364	0	0	1	0	0	0	0	0	0	0	0	105	0	0
OTU425	0	0	0	0	0	0	0	0	1	0	146	6	1	0	0	0	94	0	0	2	0	0	0	5	0	2	0	0	0	7	0	18	0	74	3	1	27	0	3	0	0	0	2	0	0	0	0	0	15	14	0	0	0	6	0	0	10	0	0	0	0	0	0	0	0	0	0	0	0	0	0	0	0	0	0	0	0	0	0	107	0	0	9	13	0	0	0	5	0	0	0	0	0	29	0	0	0	0	0	0	0	0	0	0	1	0	0	3	0	13	0	2	0	16	0	0	0	0	22	0	0	0	0	0	2	1	0	10	10	0	0	0	2	0	15	0	0	0	0	0	0	2	16
OTU426	0	0	0	0	0	0	0	0	0	0	0	0	0	0	0	0	0	0	0	0	0	0	0	0	0	0	0	0	0	0	3	0	0	0	0	1	0	0	0	0	0	0	0	0	0	0	0	0	0	0	0	0	0	0	698	0	0	0	0	0	0	0	0	0	0	1	0	0	0	0	0	0	0	0	0	0	0	0	0	0	0	0	0	0	4	0	0	0	0	0	0	0	0	0	0	0	0	0	0	0	0	0	0	0	0	0	2	10	0	0	0	0	0	0	0	0	0	0	0	0	0	0	0	0	0	2	0	0	0	0	0	0	0	0	0	0	0	0	0	0	0	0	0
OTU427	0	0	0	0	0	0	0	0	0	0	2	2	10	2	0	0	0	0	0	0	0	0	0	0	0	0	45	0	238	0	0	0	1	0	0	0	0	0	4	0	0	0	0	0	355	0	0	0	0	0	0	0	0	0	1	0	0	0	0	0	0	0	0	0	0	0	0	1	0	0	0	0	3	5	4	0	0	0	0	0	0	3	0	1	0	0	0	0	0	0	0	0	9	0	0	0	0	0	0	0	0	0	0	0	0	0	0	0	1	0	0	0	0	0	0	0	0	9	0	2	0	0	0	0	0	1	0	0	0	0	0	0	0	0	0	0	0	0	0	0	0	0	0
OTU428	0	0	0	0	0	0	0	0	0	1	4	4	26	5	5	0	1	2	8	1	113	4	2	3	0	0	7	3	0	14	37	1	0	14	6	2	18	0	0	0	0	2	0	0	0	272	1	3	4	1	2	2	0	9	0	0	0	0	0	8	4	1	0	0	1	0	0	1	1	0	1	1	0	0	0	0	0	2	3	34	10	8	4	0	0	14	2	0	2	0	2	5	0	0	21	29	1	1	0	13	0	2	0	0	21	2	0	3	3	0	1	1	10	10	5	0	18	1	8	1	1	10	0	1	4	0	2	9	1	17	15	1	3	45	10	26	1	10	0	4	9	0	2
OTU429	0	0	0	0	0	0	0	0	0	1	0	1	0	1	0	14	2	3	0	1	0	0	1	2	0	3	0	0	0	0	0	0	3	0	0	4	13	0	2	2	0	0	3	10	0	0	2	0	6	0	0	1	0	4	3	5	0	2	0	0	0	7	0	4	23	2	0	25	0	0	0	0	6	8	0	137	2	0	0	1	0	0	3	1	1	322	37	4	0	2	0	0	11	0	0	0	2	2	1	0	0	0	17	0	0	0	21	45	2	16	0	66	9	8	0	0	0	0	0	0	6	1	0	4	2	4	2	22	43	0	252	0	5	0	2	0	49	0	0	0	0	1	4
OTU430	0	0	0	0	0	0	0	0	1	0	0	0	0	1	0	0	0	0	50	0	810	73	0	0	0	0	0	0	0	0	0	0	0	0	0	0	0	0	0	0	0	0	0	1	0	0	0	0	0	1	0	1	0	0	0	0	0	0	0	4	5	5	0	0	0	0	0	0	0	0	3	0	0	0	0	0	0	0	7	0	27	0	0	0	0	0	0	0	1	0	2	0	0	0	3	0	0	0	0	0	0	0	0	26	0	2	0	0	0	0	0	0	0	0	2	11	0	0	0	0	0	0	0	0	0	0	0	0	0	1	0	0	0	0	0	0	0	0	0	0	0	0	0
OTU431	0	0	0	0	0	0	0	0	0	0	0	0	0	0	154	0	0	1176	0	0	0	0	0	0	0	0	0	0	0	0	0	0	0	0	0	0	0	0	0	0	0	0	0	0	0	0	0	0	0	0	0	0	0	0	0	0	0	0	0	0	0	0	0	0	0	0	0	0	0	0	0	0	0	0	0	0	0	0	0	0	0	0	0	0	0	0	0	0	0	0	0	0	1	0	0	0	0	0	0	0	0	0	0	0	0	0	0	0	0	0	0	0	0	0	127	63	0	0	0	0	0	0	0	266	648	4	0	0	0	0	0	0	0	0	0	0	0	308	0	0	0	0	0
OTU432	0	0	0	0	0	0	0	0	3	598	0	8	0	7	0	0	0	0	0	2625	0	0	1	0	0	0	5	0	0	0	0	0	0	0	0	0	0	0	0	0	2	0	29	202	0	0	0	0	0	1	6	0	0	0	0	0	1046	0	0	0	0	19	0	0	0	0	0	0	0	0	0	0	2	0	4	0	0	74	267	0	0	0	0	0	0	0	0	0	0	1	0	0	0	0	0	0	0	0	0	0	0	0	0	0	0	2	4	0	1	0	0	0	0	0	0	2	0	0	0	11	0	0	0	6	0	0	0	0	0	0	0	0	514	0	0	0	0	0	0	506	0	0	0
OTU433	0	0	0	0	0	0	0	0	0	1	32	0	0	0	0	0	7	0	4	0	6	20	2	1	0	0	0	0	0	2	0	44	0	0	0	2	3	0	452	4	0	0	6	0	0	0	0	0	0	3	0	0	0	6	0	0	0	0	0	0	0	0	0	0	1	0	0	0	9	0	2	0	0	0	0	0	0	0	0	182	0	0	0	12	0	0	82	0	0	0	0	0	0	0	0	2	0	2	0	2	0	0	0	0	0	0	0	0	0	0	0	0	0	1	0	0	0	0	2	0	0	1	17	0	0	0	0	0	1	0	18	1	0	0	0	0	0	0	0	0	0	3	0
OTU434	0	0	0	0	0	0	0	0	0	37	0	21	0	3	0	0	0	0	0	205	0	0	0	0	0	0	0	0	0	0	0	0	0	0	0	0	0	0	0	0	0	0	0	0	0	0	159	0	0	0	0	0	162	0	0	0	0	7	0	0	0	3	0	0	3	0	1	0	0	0	0	0	0	0	0	0	0	0	0	0	0	0	0	0	0	0	0	0	0	0	0	0	0	0	2	0	0	0	0	0	0	0	0	20	0	0	0	0	0	0	0	0	0	0	0	0	0	0	0	0	0	0	0	0	0	0	0	0	0	2	0	0	22	0	5	0	0	0	0	4	0	4	0
OTU435	0	0	0	0	0	0	0	0	1	0	0	0	0	0	357	0	0	0	0	0	0	0	0	0	0	0	0	0	0	0	0	93	0	0	0	0	0	0	0	0	0	0	0	0	0	0	72	0	0	0	73	1	0	0	0	0	0	2	0	0	0	0	0	0	6	0	0	0	0	0	0	0	0	0	0	0	0	0	11	0	0	0	0	0	0	0	0	0	0	0	0	0	0	0	0	0	0	0	0	0	0	0	0	0	0	0	0	0	0	1	0	0	0	0	250	125	0	0	0	0	0	16	0	0	0	0	0	0	0	89	0	0	0	0	0	0	0	677	0	0	0	0	0
OTU436	0	0	0	0	0	0	0	0	0	0	0	0	0	0	0	0	0	0	0	0	0	0	0	0	0	0	0	0	0	0	0	0	0	0	0	0	0	0	0	0	0	0	0	0	0	0	0	0	0	0	771	0	0	0	0	0	0	0	0	0	0	0	0	0	0	0	0	0	0	0	0	0	0	0	0	0	0	0	0	0	0	0	0	0	0	0	0	0	0	0	0	0	0	0	0	0	0	0	0	0	0	0	0	0	0	0	0	0	0	0	0	0	0	0	0	0	0	0	0	0	0	0	0	0	0	0	0	0	0	0	0	0	0	0	0	0	0	0	0	0	0	0	0
OTU437	0	0	0	0	0	0	0	0	0	21	0	9	8	92	59	0	0	85	15	12	47	92	0	0	41	0	0	0	0	1	0	0	2	0	4	19	0	0	0	0	0	0	23	225	2	0	3	27	0	1	21	192	21	0	1	0	0	21	0	42	16	23	0	10	17	7	0	0	2	0	13	9	0	136	5	1	6	4	10	0	17	0	0	5	11	0	0	0	0	7	12	0	4	0	0	0	50	2	4	0	57	0	0	60	0	56	32	2	66	0	0	0	0	0	39	49	0	0	0	2	15	0	0	16	47	15	0	0	0	2	0	0	7	0	0	0	0	113	5	1	0	0	0
OTU438	0	0	0	0	0	0	0	0	0	1	1	13	0	0	0	193	0	0	0	3	0	1	0	2	0	2	0	1	0	1	1	1	5	0	12	14	7	0	0	0	4	0	4	0	0	3	10	0	30	0	0	0	0	2	9	8	10	0	0	0	9	0	0	1	12	0	30	1	0	0	0	0	4	0	5	0	0	16	0	0	0	2	25	0	0	29	0	21	2	0	0	0	2	68	1	0	3	0	16	0	0	0	9	5	0	0	3	12	0	31	16	1	5	0	0	0	21	0	0	0	1	0	27	2	1	12	0	0	0	10	0	62	4	0	59	0	1	0	0	12	0	99	32
OTU439	0	0	0	0	0	0	0	0	12	1	0	7	7	8	12	0	0	32	5	1	2	2	0	0	0	0	0	2	2	2	4	0	0	0	5	7	6	12	1	0	0	3	3	23	9	0	3	7	0	0	4	20	20	0	9	30	2	0	0	319	2	2	0	0	0	8	157	21	0	0	0	4	21	1	2	0	0	7	5	0	13	1	6	1	0	1	0	4	69	0	0	0	16	4	0	0	1	1	0	0	0	5	0	145	1	12	5	2	22	0	0	0	0	94	13	10	4	0	73	0	0	4	0	3	0	2	10	1	1	23	0	7	2	0	0	0	2	21	0	35	0	0	0
OTU440	0	0	0	0	0	0	0	0	0	17	8	4	2	8	15	3	0	16	0	18	8	17	0	14	24	7	51	1	83	0	0	4	35	0	21	72	4	2	1	0	63	0	12	2	87	0	2	2	20	5	0	0	15	0	17	10	22	3	0	0	15	2	0	7	6	40	13	28	12	4	3	39	11	29	9	12	5	6	4	0	6	0	2	8	26	0	0	56	1	30	5	0	35	76	2	0	27	29	31	0	23	0	5	17	0	0	10	19	19	15	9	14	5	0	11	0	6	0	0	25	43	0	10	12	20	45	0	0	0	11	0	38	102	0	37	0	0	20	51	3	0	60	10
OTU441	0	0	0	0	0	0	0	0	2	0	0	7	23	4	2	0	0	16	19	1	3	1	0	0	0	0	3	1	0	1	0	0	1	1	13	9	1	4	0	0	10	31	2	17	1	0	0	1	6	0	0	61	1	0	12	0	0	3	0	15	2	0	9	0	1	0	3	0	0	0	1	13	0	0	0	0	0	1	2	6	0	0	0	1	4	0	0	3	5	9	0	0	2	1	2	0	2	8	1	0	4	11	0	1	0	2	4	2	20	6	40	6	12	1	1	0	5	0	0	0	10	0	24	1	7	0	1	0	0	12	0	15	0	1	8	4	0	2	3	3	1	0	4
OTU442	0	0	0	0	0	0	0	0	0	0	0	0	0	0	1	0	0	0	0	0	0	0	0	0	0	0	0	0	0	0	0	0	4	0	0	0	0	0	0	0	55	0	0	0	0	0	0	0	0	0	0	0	0	0	0	138	0	0	0	0	0	0	0	0	0	1	0	0	44	0	0	4	5	0	0	0	238	0	0	0	0	0	0	0	0	0	0	0	0	0	0	0	0	0	0	0	0	0	0	0	0	0	0	0	0	0	16	116	3	0	0	1	0	0	1	2	0	0	0	0	0	0	0	59	143	2	0	0	0	0	0	0	0	0	0	0	0	3	0	0	0	0	0
OTU443	0	0	0	0	0	0	0	0	0	0	0	2	0	2	0	0	0	0	1	0	0	1	0	6	0	0	0	0	0	0	0	0	0	0	0	0	7	0	2	5	0	0	5	0	0	0	0	0	0	2	0	0	0	5	3	1	0	0	0	4	0	1	0	0	1	39	0	1	0	0	1	3	0	0	0	0	0	1	0	0	0	0	4	0	1	3	6	2	0	0	0	0	2	0	2	0	403	1	1	0	5	0	0	0	0	2	0	2	2	3	0	0	6	0	0	0	0	0	0	0	0	0	0	7	7	63	3	1	1	0	0	18	1	1	0	0	0	1	88	0	0	0	0
OTU444	0	0	0	0	0	0	0	0	2	0	0	0	0	0	0	0	0	0	0	0	0	0	0	0	0	0	0	0	0	0	0	0	0	0	0	0	0	0	0	0	24	0	1	0	0	0	0	0	80	0	0	0	1	0	0	0	0	0	0	0	0	0	0	0	0	0	4	0	0	0	0	0	0	0	0	0	0	0	0	0	0	0	0	0	0	0	0	1	0	0	0	0	0	351	0	8	0	0	0	0	0	0	0	0	0	0	11	9	1	90	2	6	10	0	0	0	0	0	38	0	0	0	0	0	0	0	0	0	0	0	0	0	0	0	44	0	0	0	0	0	0	35	87
OTU445	0	0	0	0	0	0	0	0	0	0	0	7	0	0	0	0	0	0	0	0	0	0	0	0	0	6	0	0	0	0	0	0	0	0	0	0	0	0	0	0	0	0	0	0	0	0	0	0	0	0	0	0	0	0	0	0	9	0	0	0	6	0	0	0	0	0	0	0	0	0	2	0	0	0	0	0	0	0	0	0	0	0	0	0	0	0	0	0	0	0	0	0	0	65	0	0	0	0	0	0	0	0	0	0	0	0	0	0	0	0	0	0	0	0	0	0	0	0	0	0	0	0	4	0	0	0	0	0	0	0	0	6	0	0	51	0	0	0	0	0	0	1205	0
OTU446	0	0	0	0	0	0	0	0	6	12	0	2	4	10	20	0	0	28	14	4	44	97	0	0	34	0	0	0	5	0	0	6	3	4	9	35	8	22	0	0	0	3	1	0	0	0	9	0	0	0	0	20	12	0	0	134	1	15	0	0	7	8	0	24	0	82	11	0	21	2	6	1	60	7	9	14	69	0	0	0	14	1	0	7	21	0	2	0	15	25	3	0	3	0	4	1	30	1	0	0	44	0	0	88	0	5	0	0	24	0	0	0	6	0	8	11	0	0	0	71	30	0	0	4	22	41	0	0	0	20	0	9	1	0	0	0	0	37	0	0	0	1	0
OTU447	0	0	0	0	0	0	0	0	0	58	6	2	8	21	0	2	123	2	0	14	1	0	0	0	0	0	4	0	0	0	0	6	0	0	1	2	9	0	9	0	0	1	0	0	0	27	3	0	5	1	0	1	8	98	0	0	0	0	0	8	10	0	0	1	2	0	6	0	0	0	1	0	0	0	0	1	0	12	0	0	3	0	7	2	0	49	0	0	10	0	0	9	0	45	0	0	1	0	2	0	0	0	0	26	45	0	0	2	7	4	0	0	0	4	0	0	1	0	4	6	2	0	4	0	1	0	0	0	0	0	0	0	13	0	18	1	4	0	2	10	3	1	0
OTU448	0	0	0	0	0	0	0	0	0	0	0	0	0	0	0	0	0	0	0	0	0	0	0	0	0	0	0	0	0	0	0	0	0	0	0	0	0	0	0	0	0	0	0	0	0	0	0	0	0	0	0	0	189	0	0	0	0	0	0	0	0	0	0	0	0	0	0	0	0	0	0	0	0	0	0	0	0	0	0	0	0	0	0	0	0	0	0	0	0	0	0	0	0	0	0	0	0	0	0	0	0	0	0	0	0	0	820	75	23	0	0	3	0	0	0	0	0	0	0	0	0	0	0	0	0	0	0	0	0	0	0	0	0	0	0	0	0	0	0	0	0	0	0
OTU449	0	0	0	0	0	0	0	0	0	0	0	0	0	0	223	0	0	0	0	0	0	0	0	0	0	0	0	0	0	0	0	0	0	0	0	0	0	0	0	0	0	0	0	0	0	0	0	0	0	0	0	0	0	0	0	0	0	0	0	0	1	0	0	0	0	0	0	0	0	0	0	0	0	0	0	0	0	0	0	0	0	0	0	0	0	0	0	0	0	0	0	0	0	0	0	0	0	0	0	0	0	0	0	0	0	0	0	0	0	0	0	0	0	0	159	64	0	0	0	0	0	0	0	0	0	0	0	0	0	0	0	0	0	0	0	0	0	492	0	0	0	0	0
OTU450	0	0	0	0	0	0	0	0	0	1	5	2	4	3	8	16	2	6	1	0	9	0	2	43	0	5	5	16	0	2	1	19	1	1	2	3	21	0	3	5	1	1	3	0	0	1	4	1	12	3	0	4	1	11	0	0	4	0	0	32	7	4	3	4	10	0	5	0	0	0	4	0	3	0	3	0	0	59	2	7	1	12	6	5	1	7	4	8	2	0	3	0	3	7	1	5	0	0	1	4	0	0	4	5	6	0	2	3	16	3	4	5	3	92	3	2	23	0	3	0	1	5	6	2	0	0	1	4	0	4	4	0	0	7	5	0	1	7	1	6	3	26	6
OTU451	0	0	0	0	0	0	0	0	1	0	0	0	0	0	0	0	0	0	0	0	0	0	26	0	0	0	0	0	0	0	0	0	12	10	446	5	1	0	0	0	0	0	0	0	0	0	0	0	2	0	0	0	0	0	0	0	0	0	0	0	83	0	0	0	0	0	2	0	0	0	2	0	0	0	0	0	0	0	0	0	0	0	0	0	0	0	0	0	0	0	0	0	0	0	0	0	0	0	0	0	0	0	0	0	0	0	0	0	0	0	0	0	0	0	0	0	0	0	0	0	0	0	0	0	0	0	0	0	0	0	0	0	0	0	0	0	0	0	0	0	0	0	0
OTU452	0	0	0	0	0	0	0	0	0	0	0	0	0	0	1	0	0	0	0	0	0	0	0	0	0	0	0	0	0	0	0	0	0	0	0	0	0	0	0	0	0	0	23	463	0	0	0	0	0	0	0	0	0	0	0	0	0	0	0	0	0	0	0	0	0	0	0	0	0	0	0	0	0	0	0	0	0	0	0	0	1	0	0	0	0	0	0	0	0	0	0	0	0	0	0	0	0	0	0	0	0	0	0	0	0	0	0	0	197	0	0	0	0	0	3	0	0	0	0	0	0	0	0	0	0	0	0	0	0	0	0	0	0	0	0	0	0	5	0	0	0	1	0
OTU453	0	0	0	0	0	0	0	0	0	0	0	0	0	0	0	0	0	0	11	0	56	113	0	0	0	0	27	0	0	0	0	11	1	1	101	0	1	0	0	0	0	0	0	0	0	0	0	0	0	0	0	0	0	0	18	0	0	0	0	0	0	0	0	0	0	2	2	0	2	0	0	19	0	7	0	0	0	0	0	0	0	0	0	0	0	0	0	164	0	0	0	0	0	203	0	7	0	0	0	0	0	0	0	0	0	0	2	15	3	0	0	0	0	0	0	0	0	0	0	0	0	0	25	3	14	67	0	0	0	0	537	61	0	0	0	0	0	0	0	0	0	2	0
OTU454	0	0	0	0	0	0	0	0	0	0	0	0	0	0	0	0	0	0	0	0	0	0	0	0	0	0	0	0	0	0	0	0	0	0	0	0	0	0	0	0	0	0	0	1	0	0	0	0	0	0	0	547	1	0	0	0	0	0	0	0	0	0	0	0	0	0	0	0	0	0	0	0	0	0	0	0	0	0	0	0	0	0	0	0	0	0	0	0	0	0	0	0	0	0	2	0	0	0	0	0	0	0	0	0	0	0	5	0	0	0	0	0	0	0	0	0	0	0	0	0	0	0	0	0	0	0	0	0	0	0	0	0	0	0	0	0	0	0	0	0	0	0	0
OTU455	0	0	0	0	0	0	0	0	136	0	0	1	18	1	32	0	0	0	7	0	0	0	2	0	0	7	0	16	0	0	3	0	0	0	2	1	7	1	2	1	0	4	1	18	0	15	0	0	2	0	4	6	0	0	0	0	45	0	0	0	9	12	3	0	0	0	1	0	0	0	2	0	0	0	0	0	0	0	0	16	2	19	2	24	0	2	2	4	0	0	0	6	0	3	0	26	0	0	0	14	0	5	0	0	13	0	0	0	0	5	3	6	10	4	39	21	0	0	72	0	0	0	1	0	0	1	7	8	9	5	18	3	0	1	6	3	3	59	0	6	0	2	9
OTU456	0	0	0	0	0	0	0	0	0	7	0	2	19	0	1	0	0	0	1	5	1	3	0	0	4	0	5	12	0	0	4	1	10	1	1	2	1	0	1	0	0	3	5	1	0	11	0	0	0	0	0	6	0	0	22	10	0	2	0	0	0	0	2	0	0	2	1	3	3	0	1	4	10	3	9	8	14	1	0	6	0	79	0	1	0	0	0	0	0	2	0	9	43	0	0	3	6	9	2	10	2	6	18	0	107	0	5	16	1	1	0	38	33	2	6	0	4	1	2	0	2	0	0	16	0	1	1	16	1	0	5	0	99	3	0	3	0	9	18	0	2	0	0
OTU457	0	0	0	0	0	0	0	0	0	0	0	0	0	0	0	0	1	0	0	0	0	0	0	0	0	0	0	0	0	0	0	0	0	0	0	0	0	0	518	0	0	0	0	0	0	0	0	0	0	0	0	0	0	0	0	0	0	0	0	0	0	0	0	0	0	0	0	0	0	0	0	0	0	0	0	0	0	0	0	0	0	0	0	0	0	0	1	0	0	0	0	0	0	0	0	0	0	0	0	0	0	0	0	0	0	0	0	0	0	0	0	0	0	0	0	0	0	0	2	0	0	0	0	0	0	0	0	0	0	0	0	0	0	0	0	0	0	0	0	0	0	0	0
OTU458	0	0	0	0	0	0	0	0	1	4	0	0	0	0	54	0	0	0	0	0	4	7	0	0	6	0	0	0	0	0	0	0	6	0	1	20	0	0	0	0	0	0	0	0	0	0	0	6	0	0	0	6	45	0	0	0	0	0	0	20	2	17	0	0	53	0	0	0	17	0	1	18	0	4	0	1	1	7	0	0	24	0	0	0	0	0	0	0	0	2	1	0	12	0	441	0	5	0	1	0	10	0	0	2	0	4	2	8	55	0	0	1	0	0	29	12	0	0	0	0	6	0	0	0	2	0	0	0	0	35	0	0	3	0	0	0	0	88	6	0	0	0	0
OTU459	0	0	0	0	0	0	0	0	0	0	0	97	122	3	0	3	0	0	0	0	0	0	1	0	0	0	0	92	0	0	30	0	0	17	0	0	2	0	0	0	0	0	0	0	0	10	0	0	6	0	0	0	0	0	0	0	0	0	0	0	2	0	0	0	0	0	0	0	0	0	21	0	0	0	0	0	0	0	0	0	0	0	2	2	0	0	1	0	0	0	0	0	0	143	0	0	0	0	0	0	0	15	0	0	0	0	0	0	0	6	0	1	3	0	0	0	0	0	0	0	0	2	14	1	0	0	3	13	14	0	0	407	0	0	143	54	0	0	0	0	332	0	5
OTU460	0	0	0	0	0	0	0	0	33	0	0	0	0	0	0	0	0	0	0	0	0	0	0	0	0	0	0	0	0	0	0	0	0	0	0	0	0	2	0	0	0	0	0	0	0	0	0	0	0	0	0	0	0	0	0	0	0	0	0	0	0	0	0	0	0	0	2	0	0	0	0	0	0	0	0	0	0	0	0	0	0	0	0	0	0	0	0	0	1	0	0	0	0	0	0	0	0	0	0	0	0	0	0	0	0	0	0	4	152	0	0	0	0	0	0	1	0	0	0	0	0	0	0	0	0	0	0	0	0	616	0	0	0	0	0	0	0	0	0	0	0	0	0
OTU461	0	0	0	0	0	0	0	0	0	0	0	3	10	0	0	0	112	0	1	0	0	0	0	0	0	0	0	315	0	3	3	0	0	0	0	0	0	0	0	0	0	2	0	0	0	113	0	0	0	1	0	0	0	0	0	0	0	0	0	0	0	0	0	0	0	0	0	0	0	0	0	0	0	0	0	0	0	0	0	35	0	8	0	0	0	2	0	0	0	0	0	0	0	0	0	12	0	0	0	7	0	0	0	0	3	0	0	0	0	0	0	7	32	4	0	0	22	0	0	0	0	0	0	0	0	1	9	0	0	0	0	0	0	8	0	0	0	0	0	0	1	0	0
OTU462	0	0	0	0	0	0	0	0	0	123	0	0	0	0	0	0	0	0	0	37	0	0	0	0	0	0	0	0	0	0	0	0	55	0	2	0	0	0	0	0	0	0	0	0	0	0	0	0	0	0	0	0	0	0	0	192	0	0	0	0	0	0	0	0	0	0	0	0	233	1	0	12	3	0	0	0	4	0	0	0	0	0	0	0	0	0	0	0	0	0	0	0	617	0	0	0	0	4	291	0	0	0	1047	0	0	0	68	390	18	5	0	2	1	0	0	0	0	0	0	0	0	0	0	127	0	0	0	0	0	0	0	0	2046	0	0	0	0	0	0	0	0	0	0
OTU463	0	0	0	0	0	0	0	0	0	0	0	0	0	0	0	0	0	0	0	0	0	0	0	0	0	0	0	0	0	0	0	0	0	0	0	0	0	0	0	0	0	0	0	0	0	0	0	2	0	0	0	0	0	0	0	0	0	89	0	0	0	0	0	0	58	0	0	0	0	0	0	0	0	0	0	0	0	0	0	0	0	0	0	0	0	0	0	0	0	0	0	0	0	0	0	0	0	0	0	0	0	0	0	0	0	0	0	0	0	0	0	0	0	0	0	0	0	0	0	0	0	0	0	1	7	0	0	0	0	0	0	0	0	0	0	0	0	0	0	560	0	0	0
OTU464	0	0	0	0	0	0	0	0	0	6	0	179	110	1733	0	0	0	0	0	43	0	0	0	0	0	0	0	0	0	0	0	0	0	0	0	0	0	0	0	0	0	0	0	0	0	0	0	0	0	0	18	0	0	0	0	0	0	0	0	0	0	0	0	0	0	0	0	0	0	0	0	0	0	0	0	0	0	0	0	0	0	0	0	0	0	0	0	0	0	0	0	0	0	0	0	0	0	0	0	0	0	0	0	0	0	0	2	0	0	0	0	0	0	0	0	0	0	0	0	0	0	0	0	0	0	0	0	0	0	0	0	0	0	0	0	0	0	0	0	0	0	0	0
OTU465	0	0	0	0	0	0	0	0	0	0	5	6	8	0	0	0	2	0	9	0	0	0	1	1	0	0	0	25	0	9	7	0	26	0	3	4	19	0	0	3	0	8	7	0	0	26	0	0	0	10	0	0	0	0	16	1	0	0	0	0	8	0	3	0	0	0	0	0	0	0	7	0	0	0	0	0	0	0	0	36	0	1	6	0	0	14	0	0	0	0	0	7	16	1	0	14	0	1	0	2	0	0	0	0	3	0	0	0	0	1	3	4	23	27	0	0	23	2	0	0	0	5	0	3	0	0	0	1	0	0	0	0	0	8	0	5	178	0	0	0	17	2	0
OTU466	0	0	0	0	0	0	0	0	0	0	45	4	0	0	0	9	18	8	1	2	2	0	2	19	0	0	0	2	20	1	4	7	0	5	1	3	2	0	123	15	0	0	11	4	26	9	0	0	2	5	0	0	0	20	15	10	2	0	0	0	0	0	0	0	3	0	0	0	0	0	0	0	6	10	1	6	1	0	0	0	0	1	0	7	0	4	48	0	1	0	0	0	4	3	0	23	0	158	8	18	0	1	2	0	0	1	0	0	0	4	0	8	2	1	0	0	0	2	60	0	0	0	0	1	0	0	0	1	6	0	1	0	0	2	2	0	1	0	0	0	0	8	1
OTU467	0	0	0	0	0	0	0	0	4	40	0	0	0	0	0	0	0	0	0	12	1	2	0	0	0	0	184	0	0	0	0	0	1	0	0	0	0	0	0	0	12	0	0	0	0	0	0	0	0	0	0	0	0	0	0	0	0	0	0	0	1	0	0	0	0	0	0	0	0	0	3	0	0	74	2	0	0	68	0	0	0	0	0	0	0	0	0	0	0	0	0	0	5	0	0	0	1	0	0	0	3	0	0	0	0	0	0	0	0	0	0	7	1	0	0	0	0	0	0	79	0	0	0	0	0	0	0	0	0	0	0	0	389	0	368	0	0	0	0	0	0	0	0
OTU468	0	0	0	0	0	0	0	0	1	24	0	3	2	25	36	0	0	10	0	2	0	4	0	0	1	36	0	0	0	0	1	0	7	1	15	109	6	0	0	0	0	0	1	16	0	3	0	6	0	0	1	60	0	0	0	0	0	9	0	9	25	18	0	0	1	0	0	1	1	5	14	2	0	0	4	0	0	0	42	0	25	7	0	0	0	0	0	0	3	0	154	1	0	0	0	0	0	0	0	0	0	0	0	11	47	107	47	2	3	0	0	0	0	5	17	62	0	0	2	0	0	0	0	0	10	0	0	0	2	0	0	0	5	0	0	0	0	74	0	0	0	0	0
OTU469	0	0	0	0	0	0	0	0	0	20	0	0	0	0	0	0	0	0	0	2	0	0	0	0	1	0	0	0	0	0	0	0	15	0	0	3	0	0	0	0	35	0	0	0	1	0	0	0	0	0	0	0	0	0	0	0	0	0	0	0	0	0	0	0	0	0	0	2	50	0	0	2	1	0	0	0	14	0	0	0	0	0	0	0	0	0	0	0	0	0	0	0	75	0	0	0	0	0	97	0	3	0	0	0	0	0	1	2	0	0	0	13	1	0	0	0	0	0	0	0	0	0	0	4	0	0	0	0	0	0	0	0	174	0	0	0	0	0	0	0	0	0	0
OTU470	0	0	0	0	0	0	0	0	1	0	15	19	69	0	0	0	0	0	26	0	0	0	8	0	0	0	0	286	0	2	0	0	1	1	15	0	5	0	3	0	0	24	12	1	0	0	0	0	14	0	0	0	0	0	0	0	0	0	0	0	4	0	12	0	0	0	0	0	0	0	28	0	0	0	0	0	0	0	0	0	0	81	4	12	0	5	0	0	0	0	0	0	0	26	0	0	0	0	0	0	0	0	0	0	2	0	0	1	0	11	6	5	24	0	0	0	0	7	36	0	0	2	16	2	2	7	6	107	188	0	0	29	0	0	68	10	7	0	0	0	0	0	9
OTU471	0	0	0	0	0	0	0	0	0	0	0	3	0	0	12	0	0	0	0	0	0	1	0	0	1	0	0	0	6	0	0	0	0	0	1	7	0	0	0	0	0	0	0	0	7	0	0	0	0	0	0	0	0	0	1	0	0	0	0	0	44	0	0	0	0	0	1	1	1	0	16	2	1	0	0	0	1	0	0	0	42	0	0	2	11	0	0	0	0	4	272	0	1	68	0	0	0	0	0	0	0	0	0	0	0	0	0	0	0	0	0	0	0	0	9	3	0	0	446	0	7	0	0	13	0	0	0	0	0	0	0	0	0	0	0	0	0	26	0	0	0	0	0
OTU472	0	0	0	0	0	0	0	0	4	0	0	4	4	29	54	0	0	2	0	0	0	0	0	0	3	0	0	0	7	0	0	0	0	2	5	10	7	44	0	0	1	0	7	36	0	0	7	0	0	0	11	38	15	0	0	0	0	0	0	107	3	3	0	0	0	0	0	0	0	0	0	0	0	0	0	0	0	0	1	0	6	0	0	0	0	0	0	0	16	0	1	0	0	0	4	0	0	0	0	0	0	0	0	17	0	14	2	2	22	0	0	0	0	0	42	21	0	0	0	0	0	0	0	13	32	1	0	0	0	4	0	0	0	0	0	0	0	98	0	0	0	0	0
OTU473	0	0	0	0	0	0	0	0	0	0	0	0	0	0	0	0	0	0	0	0	0	0	0	0	0	0	0	0	0	0	0	0	0	0	0	0	0	0	0	567	0	0	0	0	0	0	0	0	0	0	0	0	0	0	0	0	0	0	0	0	0	0	0	0	0	0	0	0	0	0	0	0	0	0	0	0	0	0	0	0	0	0	0	0	0	0	0	0	0	0	0	0	0	0	0	0	0	0	0	0	0	0	0	0	0	0	0	0	0	0	0	0	0	0	0	0	0	0	0	0	0	0	0	0	0	0	0	0	0	0	0	0	0	0	0	0	0	0	0	0	0	0	0
OTU474	0	0	0	0	0	0	0	0	7	0	1	1	1	10	60	0	0	0	4	0	0	0	0	0	0	8	0	0	0	0	0	0	0	6	1	0	0	0	0	0	0	0	0	0	0	0	0	0	0	0	0	0	0	0	1	0	0	0	0	0	0	0	0	0	0	0	0	0	1	0	0	0	0	0	0	0	0	0	0	2	0	1	39	0	0	0	0	0	0	0	0	0	0	0	0	4	0	2	0	0	0	0	0	0	0	0	0	0	0	0	0	0	0	12	48	28	0	0	0	0	0	0	0	1	0	0	0	0	0	9	0	92	0	0	0	0	0	166	0	0	2	0	0
OTU475	0	0	0	0	0	0	0	0	0	0	0	1	9	1	0	0	0	0	122	3	0	0	0	0	0	0	0	0	0	18	10	0	0	2	0	0	0	0	0	0	0	140	0	0	0	0	0	0	0	0	0	0	0	0	0	0	0	0	0	0	0	0	88	0	0	0	0	0	0	0	0	0	0	0	0	0	0	0	0	10	0	0	0	0	0	0	0	0	0	0	0	1	0	0	0	0	0	0	0	21	0	0	0	0	223	0	0	0	0	0	0	0	0	0	0	0	0	0	0	0	0	0	0	0	1	0	0	23	1	0	0	0	0	8	0	7	0	0	0	0	19	0	0
OTU476	0	0	0	0	0	0	0	0	32	0	4	10	3	0	0	0	0	1	2	0	0	0	0	1	0	2	0	0	0	0	3	0	2	1	38	44	8	0	3	0	0	5	21	250	0	0	8	2	16	0	11	2	3	0	2	1	0	3	0	0	0	0	7	0	0	0	11	2	0	0	0	0	0	1	0	0	0	0	3	5	0	0	3	2	3	2	2	24	0	7	0	0	6	5	0	0	4	0	1	0	0	1	0	10	8	0	1	0	1	10	4	8	0	6	1	0	0	0	1	3	2	6	3	3	13	53	1	0	0	8	0	0	0	0	18	2	0	1	0	7	2	0	9
OTU477	0	0	0	0	0	0	0	0	0	0	2	11	6	29	0	15	2	0	2	0	1	0	0	0	0	0	0	7	0	1	0	0	0	0	5	0	6	2	2	0	1	0	16	204	0	1	4	0	11	1	0	0	4	14	0	0	0	0	0	0	3	0	3	0	0	0	6	0	0	0	0	0	0	0	0	0	0	5	0	4	0	7	1	0	0	4	0	3	0	0	0	2	0	19	7	7	0	0	0	0	0	7	0	2	7	0	1	3	3	13	0	16	19	12	2	3	1	0	7	0	0	0	2	0	0	0	5	31	0	1	0	3	0	1	115	1	0	5	0	0	0	0	6
OTU478	0	0	1	0	0	0	0	0	0	0	0	0	0	0	0	0	0	0	1	0	0	0	4	0	0	0	0	7	0	0	0	1	1	1	21	0	0	0	7	0	8	3	0	0	0	0	0	0	57	1	0	0	0	8	0	0	1	0	0	0	0	0	0	0	0	0	91	0	0	0	0	0	0	0	0	0	0	0	0	0	0	0	530	0	0	0	0	0	0	0	0	0	0	0	0	0	0	0	0	0	0	0	0	0	0	0	4	1	1	35	8	4	3	1	0	0	0	0	0	0	0	0	0	0	0	0	0	0	0	0	0	140	0	0	83	0	0	0	0	0	0	0	38
OTU479	0	0	0	0	0	0	0	0	0	0	0	8	33	4	0	0	0	0	40	0	0	0	1	1	0	0	0	5	0	11	18	0	0	17	0	0	3	0	0	0	0	39	1	0	0	11	0	0	2	0	0	0	0	0	0	0	0	0	0	0	0	0	18	0	0	0	2	0	0	0	8	0	0	0	0	0	0	0	0	5	0	3	0	14	0	0	0	0	0	0	1	0	0	0	0	1	0	0	0	6	0	57	0	0	60	0	0	0	0	3	2	2	40	8	0	0	1	0	0	0	0	15	0	1	0	3	42	2	1	0	1	1	0	2	0	38	0	0	0	0	12	0	0
OTU480	0	0	0	0	0	0	0	0	1	2	0	5	11	27	12	1	7	0	1	2	30	7	0	0	0	0	0	17	0	0	1	2	0	3	4	0	2	0	3	0	0	1	3	2	0	1	75	0	4	0	0	10	9	0	0	2	2	0	0	10	0	2	1	0	11	0	1	2	0	0	0	1	0	0	0	0	0	5	0	0	7	0	7	0	0	2	2	2	51	0	0	5	1	16	26	0	0	0	0	3	0	0	1	3	2	16	3	0	9	13	0	0	0	0	4	7	10	0	0	0	0	0	0	3	0	0	0	2	1	13	30	0	2	6	5	0	0	17	2	11	2	7	3
OTU481	0	0	0	0	0	0	0	0	0	0	0	0	17	0	0	7	0	0	112	0	0	0	0	0	0	0	0	0	0	2	1	0	0	0	0	0	3	0	0	3	0	145	2	0	0	0	0	0	0	0	0	0	0	0	0	0	0	0	0	0	0	0	77	0	0	0	0	0	0	0	0	0	0	0	0	0	0	0	0	22	0	0	0	0	0	6	0	0	0	0	0	0	0	0	0	0	0	0	0	1	0	18	0	0	10	0	0	0	0	0	0	0	1	0	0	0	0	9	0	0	0	2	0	0	3	3	2	20	32	0	0	0	0	28	0	2	1	0	0	0	0	0	0
OTU482	0	0	0	0	0	0	0	0	0	0	0	0	0	0	0	0	0	0	0	0	0	0	0	0	0	0	0	0	0	0	0	0	0	0	0	0	0	0	0	0	0	0	0	0	0	0	0	0	0	0	0	0	0	0	0	0	0	0	0	0	0	0	0	0	0	0	0	0	0	0	0	0	0	0	0	0	0	0	0	0	0	0	0	0	0	0	0	0	0	0	0	0	0	0	0	0	0	0	0	0	0	0	0	0	0	0	0	0	0	0	0	0	0	30	0	0	0	0	2027	0	0	0	0	0	0	0	0	0	0	0	0	0	0	0	0	0	0	0	0	0	0	0	0
OTU483	0	0	0	0	0	0	0	0	63	574	225	394	297	34	1	4866	476	587	157	281	243	433	319	413	402	259	357	463	203	406	358	632	1319	436	779	2089	1160	0	904	1086	73	109	297	761	305	29	193	18	337	229	0	2	1307	432	1456	874	624	85	0	0	1518	103	88	345	145	1062	683	127	799	18	588	306	508	171	258	855	339	343	183	283	182	260	501	278	605	252	431	1728	0	817	45	439	565	253	914	1074	1750	1901	1176	334	474	288	1172	1	671	1	541	726	758	361	444	325	309	702	0	133	302	297	447	287	929	160	201	558	234	657	69	719	435	1255	354	128	1130	216	247	470	321	2	961	1078	363	1422	341
OTU484	0	0	0	0	0	0	0	0	0	0	14	1	0	0	0	6	16	0	0	0	0	0	9	1	0	0	0	0	0	0	0	47	3	2	4	9	111	0	1	0	0	0	0	1	0	0	0	0	2	0	0	0	0	16	0	0	1	0	0	0	14	0	0	0	0	0	0	0	0	0	0	0	0	0	0	0	0	0	0	0	0	0	0	0	0	20	69	0	0	0	0	0	0	6	0	34	0	0	0	7	0	0	0	0	0	0	0	0	0	2	0	0	0	5	0	0	14	0	10	0	0	1	1	0	0	0	2	2	7	0	412	1	0	11	0	0	54	0	0	0	0	27	0
OTU485	0	0	0	0	0	0	0	0	6	0	0	0	0	7	0	0	0	0	0	0	4	6	0	0	0	1	0	0	25	0	0	0	13	5	22	19	31	133	0	0	0	0	0	0	0	0	0	2	0	0	0	0	0	0	0	0	0	0	0	0	3	0	0	0	0	0	0	0	0	0	0	0	0	0	0	0	0	0	0	0	7	0	0	0	0	0	0	0	14	0	0	0	0	0	0	0	0	0	0	0	0	0	0	0	0	0	0	0	0	0	0	0	0	0	0	0	0	0	0	0	0	0	0	0	0	0	0	0	0	543	0	0	0	0	0	0	0	0	0	0	0	0	0
OTU486	0	0	0	0	0	0	0	0	0	0	19	0	0	1	0	0	131	0	56	0	15	9	0	0	2	0	10	3441	0	1	0	629	1	0	0	0	0	0	0	0	0	65	4	0	0	0	0	0	14	0	0	0	0	33	0	49	0	0	0	0	0	0	42	0	0	0	0	0	0	0	0	0	573	3	3	0	0	0	0	0	0	1	0	1	0	0	34	0	0	0	0	2	567	42	0	0	61	0	0	0	5	0	0	0	0	0	7	28	0	13	0	19	62	0	0	0	0	0	2	0	0	0	0	2	0	3	2	11	14	0	44	0	0	535	0	0	0	0	0	0	0	0	2
OTU487	0	0	0	0	0	0	0	0	0	0	0	0	0	0	0	0	0	46	0	0	0	0	0	0	0	0	0	0	0	0	0	0	0	0	0	0	0	0	0	0	0	0	0	0	0	0	0	376	0	0	341	0	0	0	0	0	0	0	0	7	0	0	0	0	0	0	0	0	0	0	0	0	0	0	0	0	0	0	0	0	0	0	0	0	0	0	0	0	0	0	0	0	0	0	3	0	0	0	0	0	0	0	0	0	0	4	0	0	1	0	0	0	0	0	0	0	0	0	0	0	0	0	0	0	0	0	0	0	0	0	0	0	0	0	0	0	0	0	0	0	0	0	0
OTU488	0	0	0	0	0	0	0	0	0	0	0	0	0	0	0	0	0	0	0	0	0	1	0	0	4	0	2	0	12	0	0	0	0	0	0	0	0	0	0	0	1	0	0	0	25	0	0	0	0	0	0	0	0	0	4	132	0	0	0	0	1	0	0	0	0	1	8	0	0	0	0	0	11	27	4	3	3	0	0	0	0	0	0	1	9	0	0	0	0	11	0	0	74	1	0	0	0	0	1	0	2	0	0	0	0	0	12	32	3	2	0	44	20	0	0	0	0	0	0	3	14	0	0	9	0	0	0	0	0	0	0	2	19	0	1	0	0	0	3	0	0	0	3
OTU489	0	0	0	0	0	0	0	0	0	0	0	0	0	0	0	0	0	3	0	0	0	0	0	0	0	0	0	0	0	0	0	0	1	0	0	1	0	3	0	0	0	0	0	0	0	0	0	0	0	0	2	0	0	0	0	0	0	0	0	0	3	6	0	0	1	0	0	0	0	0	4	0	0	0	0	0	0	0	11	0	8	0	0	0	0	0	0	0	0	0	20	0	0	0	6	0	0	0	0	0	0	0	0	745	0	0	1	0	20	0	0	0	0	0	0	0	0	0	0	0	0	0	0	0	0	0	0	0	0	0	0	0	0	0	0	0	0	0	0	0	0	0	0
OTU490	0	0	0	0	0	0	0	0	0	0	0	195	0	0	0	0	0	0	0	0	0	0	0	0	0	0	0	0	0	0	0	0	3	0	0	4	31	0	0	0	0	0	0	0	0	0	0	0	0	0	0	1	0	0	0	0	0	0	0	0	0	0	0	0	0	0	0	0	0	0	0	0	0	0	0	0	0	0	0	0	0	0	0	0	0	0	0	0	0	0	0	0	0	340	0	0	0	0	0	0	0	0	0	0	0	0	0	0	0	0	0	0	0	0	0	0	0	0	0	0	0	0	0	0	0	0	0	0	0	0	0	0	0	0	38	0	0	0	0	0	0	0	0
OTU491	0	0	0	0	0	0	0	0	7	5	0	3	4	23	61	0	0	19	0	2	1	1	0	0	0	145	0	0	0	0	0	0	0	0	0	0	0	0	0	0	1	0	6	24	0	0	3	16	0	0	19	195	43	0	0	0	1	10	0	1	54	49	0	0	11	0	9	1	2	0	9	3	36	0	59	0	17	45	118	0	20	0	0	0	0	0	0	0	3	0	42	0	23	0	11	0	6	0	0	0	2	0	1	17	0	34	25	8	11	0	0	0	0	0	51	44	0	0	0	100	0	0	0	3	11	0	0	0	0	2	0	0	7	0	1	0	0	114	0	6	1	0	0
OTU492	0	0	0	0	0	0	0	0	0	0	0	0	0	0	0	0	0	0	0	0	0	0	0	0	37	0	0	0	0	0	0	0	11	0	32	174	11	0	0	0	0	0	0	0	0	0	0	0	0	0	0	0	0	0	0	0	265	0	0	0	0	0	0	0	0	0	0	0	0	0	0	0	10	2	0	0	0	0	0	0	0	0	0	0	0	0	196	0	0	0	0	0	0	156	0	0	0	0	0	6	0	0	0	0	0	0	0	0	0	0	0	16	0	0	0	0	0	0	320	0	0	0	0	0	0	0	0	0	0	0	0	0	0	0	0	0	0	0	0	0	0	0	0
OTU493	0	0	0	0	0	0	0	0	0	0	0	0	0	0	0	0	0	0	0	0	0	0	0	0	0	0	0	0	0	0	0	0	0	0	0	0	0	0	0	0	0	0	0	0	0	0	0	0	0	0	0	0	0	0	0	0	0	0	0	0	0	606	0	0	0	0	0	0	0	0	0	0	0	0	0	0	0	0	0	0	0	0	0	0	0	0	0	0	0	0	0	0	0	0	0	0	0	0	0	0	0	0	0	0	0	0	0	0	0	0	0	0	0	0	0	0	0	0	0	0	0	0	0	0	0	0	0	0	0	0	0	0	0	0	0	0	0	0	0	0	0	0	0
OTU494	0	0	0	0	0	0	0	0	0	0	0	0	0	0	0	0	0	0	0	0	0	0	0	0	0	0	0	2	0	0	0	0	0	0	8	0	0	0	0	0	0	0	0	0	0	0	0	0	0	0	0	0	0	0	0	0	4	0	0	0	0	0	0	0	0	0	0	0	0	0	0	0	0	0	0	0	0	0	0	0	0	0	0	0	0	0	0	0	0	0	0	0	0	0	0	0	0	0	0	0	0	0	0	0	0	0	2	1	1	9	0	63	429	0	0	0	0	0	3	0	0	0	0	0	0	0	0	0	0	0	0	0	0	0	11	0	0	0	0	0	0	0	0
OTU495	0	0	0	0	0	0	0	0	2	2	0	0	0	0	7	0	0	0	0	0	0	5	0	0	10	68	0	0	0	0	0	0	0	0	0	0	0	0	0	0	0	0	7	50	0	0	2	41	0	0	0	0	0	0	0	0	27	10	0	0	4	13	0	0	0	0	0	0	0	0	5	0	0	2	0	0	7	173	2	0	60	0	0	0	0	0	0	0	0	0	0	0	0	0	69	0	1060	0	0	0	0	0	0	0	0	358	0	1	636	1	0	0	0	0	8	1	0	0	0	0	0	0	0	0	0	0	0	0	0	0	0	0	2	0	0	0	0	10	633	6	0	0	0
OTU496	0	0	0	0	0	0	0	0	0	0	33	0	0	0	0	5	26	0	0	6	0	0	34	18	0	0	0	0	0	3	0	69	4	0	2	6	70	0	57	0	0	0	15	0	0	0	0	0	0	11	0	0	0	68	0	0	0	0	0	0	0	0	0	0	0	0	0	0	0	0	0	0	0	0	0	0	0	0	0	0	0	0	0	2	0	0	14	0	0	0	0	0	0	4	0	21	0	0	0	0	0	0	0	0	0	0	0	0	0	0	0	0	0	28	0	0	53	0	21	0	0	1	0	0	0	0	0	0	0	0	0	0	0	0	0	0	0	0	0	0	0	0	0
OTU497	0	0	0	0	0	0	0	0	0	4	0	2	0	0	0	1	0	1	1	25	2	0	8	0	0	0	0	0	1	255	0	0	0	0	2	1	1	8	0	0	0	3	2	4	0	0	8	1	0	0	16	0	2	0	0	0	3	17	0	8	1	4	0	0	0	0	0	0	0	0	12	0	0	0	1	0	0	0	3	12	17	0	0	0	0	0	0	0	15	0	2	0	0	5	32	0	0	0	0	0	0	0	0	25	0	0	3	0	2	0	0	0	0	0	0	0	1	0	0	0	0	3	0	1	2	0	0	0	1	0	3	2	1	0	0	5	0	0	0	32	147	0	0
OTU498	0	0	0	0	0	0	0	0	0	0	0	0	0	0	0	0	0	0	0	0	0	0	0	0	0	0	0	0	0	0	0	0	0	0	0	0	0	0	0	0	0	0	0	0	0	0	0	0	0	0	0	0	0	0	0	0	0	0	0	0	0	0	0	0	0	8	0	0	0	0	0	0	0	0	0	0	0	0	0	0	0	0	0	0	0	0	0	0	0	0	0	0	0	0	0	0	0	0	0	0	0	0	0	0	0	0	0	2	0	0	0	0	0	0	0	0	0	0	0	1	0	0	0	0	0	0	0	0	0	0	0	0	0	0	0	0	0	0	513	0	0	24	0
OTU499	0	0	0	0	0	0	0	0	15	0	0	4	8	54	0	0	0	27	0	0	0	0	0	0	0	0	0	0	0	0	0	0	0	0	0	0	0	2	0	0	0	0	0	4	0	0	7	0	0	0	3	15	1	0	0	0	0	3	0	1	2	1	0	0	8	0	0	0	0	0	0	0	0	0	0	0	0	15	0	0	4	0	0	0	0	0	0	0	2	0	1	0	0	0	0	0	0	0	0	0	0	0	0	72	0	168	0	0	7	0	0	0	0	0	0	0	0	0	0	0	0	0	0	5	5	0	0	0	0	76	0	0	0	0	0	0	0	0	0	0	0	0	0
OTU500	0	0	0	0	0	0	0	0	0	4	85	2	5	1	0	0	47	0	0	5	0	0	79	14	0	2	0	10	0	14	33	12	3	29	5	18	94	0	253	92	6	0	1	0	6	0	0	0	0	41	0	0	0	53	0	0	115	0	0	0	6	0	0	0	0	0	0	0	0	0	7	0	0	0	0	0	0	0	0	11	0	9	0	24	0	0	46	65	0	0	0	11	0	0	0	13	24	2	0	3	1	3	0	0	16	0	1	3	0	5	19	10	17	23	0	0	6	0	41	0	1	19	0	1	1	6	2	8	24	0	11	0	1	3	6	9	0	0	0	0	6	10	2
OTU501	0	0	0	0	0	0	0	0	0	0	0	0	0	0	0	0	0	0	0	0	0	0	0	0	0	0	0	0	0	0	0	0	0	0	0	0	0	0	0	0	0	0	0	0	0	0	0	0	0	0	0	0	0	0	0	0	0	0	0	0	0	0	0	0	0	0	2	0	0	0	0	0	254	0	0	11	0	0	0	0	0	0	0	0	0	0	0	0	0	0	0	0	0	0	0	0	0	0	0	0	0	0	200	0	0	0	0	0	0	0	0	0	0	0	0	0	0	0	0	0	0	0	0	0	0	0	0	0	0	0	0	0	0	0	0	0	0	0	0	0	0	0	0
OTU502	0	0	0	0	0	0	0	0	0	0	0	0	0	0	0	0	0	0	24	0	148	279	0	0	0	0	0	0	0	0	0	0	0	0	0	0	0	0	0	0	0	0	0	0	0	0	0	0	0	0	0	0	0	0	0	0	0	0	0	0	0	0	0	0	0	0	0	0	0	0	0	0	0	0	0	0	0	0	0	0	0	0	0	2	0	0	0	0	0	0	0	0	0	0	0	0	0	0	0	0	0	0	0	0	0	0	0	0	0	0	0	0	0	0	0	0	0	0	0	0	1	0	0	0	0	0	0	0	0	0	0	2	0	0	0	0	0	0	0	0	0	0	0
OTU503	0	0	0	0	0	0	0	0	0	47	0	0	1	0	0	0	0	0	0	257	0	0	0	0	0	0	0	0	0	0	0	0	0	0	0	0	0	0	3	0	0	0	0	0	0	0	0	0	0	0	0	0	0	0	0	0	0	0	0	0	0	0	0	0	2	0	0	0	0	0	0	0	0	0	0	0	0	74	0	0	0	0	0	1	0	0	0	1	0	0	0	0	0	0	0	0	0	2	0	0	0	0	0	1024	0	0	1	0	0	0	0	2	0	3	0	0	0	0	0	0	0	0	0	48	118	2	0	0	0	0	0	0	25	0	0	0	0	0	0	256	0	0	0
OTU504	0	0	0	0	0	0	0	0	1	4	365	1	0	0	0	0	176	0	0	21	0	0	128	96	0	0	0	16	0	50	6	37	6	41	19	23	252	0	553	272	12	1	4	0	0	3	0	0	0	155	0	0	0	87	0	0	316	0	0	0	20	0	0	0	0	0	0	0	0	0	13	0	0	0	0	0	0	0	0	4	0	39	2	47	0	18	474	136	0	0	0	97	0	0	0	59	0	1	0	0	0	0	0	0	9	0	2	0	0	0	2	0	1	103	0	0	11	0	145	0	0	245	2	5	7	7	8	42	113	0	59	0	0	4	0	16	0	0	0	0	8	7	0
OTU505	0	0	0	0	0	0	0	0	0	0	0	0	0	0	0	0	0	0	0	0	0	0	0	5	0	0	0	0	0	0	0	0	0	1	0	0	0	0	0	0	0	0	0	0	0	0	0	0	0	0	0	0	0	82	0	0	0	0	0	0	0	0	0	0	0	0	0	0	0	0	0	0	0	0	0	0	0	0	0	18	0	8	0	0	0	0	0	0	0	0	0	34	0	0	0	0	0	0	0	0	0	0	0	0	369	0	0	1	1	0	0	15	78	0	0	0	0	0	0	0	0	0	0	0	0	0	0	0	0	0	75	0	0	16	0	0	0	0	0	0	0	0	0
OTU506	0	0	0	0	0	0	0	0	3	0	0	1	1	5	0	0	0	0	0	0	7	1	0	0	0	21	0	0	1	0	0	0	0	0	0	0	0	2	0	0	0	0	36	285	0	0	4	0	3	0	1	0	5	0	0	0	0	1	0	9	0	10	0	0	0	0	0	0	0	0	0	0	0	0	0	0	0	0	1	0	1	0	1	0	0	0	0	0	7	0	0	0	0	0	5	0	0	0	0	0	0	0	0	0	0	1	5	1	13	3	0	0	0	0	3	55	0	0	0	0	0	0	0	0	0	0	0	0	0	18	0	0	0	0	0	0	0	7	0	1	0	0	0
OTU507	0	0	0	0	0	0	0	0	1	0	0	0	0	0	0	0	0	0	0	0	0	0	0	0	0	0	0	0	0	0	0	0	0	0	0	0	0	0	0	0	0	0	0	0	0	0	15	138	0	0	0	0	0	0	0	0	0	2	0	0	4	0	0	0	0	0	0	0	0	0	3	0	0	0	0	0	0	21	205	0	5	0	0	0	0	0	0	0	0	0	19	0	0	0	0	0	0	0	0	0	0	0	0	0	0	0	0	0	0	0	0	0	0	0	0	0	0	0	0	0	0	0	0	0	0	0	0	0	0	0	0	0	0	0	0	0	0	0	0	0	0	0	0
OTU508	0	0	1	0	0	0	0	0	5	1	0	5	0	3	0	1	0	1	1	3	11	4	0	0	0	0	0	0	0	0	161	0	0	0	0	0	0	0	0	0	0	2	0	5	0	0	40	0	4	0	0	16	79	0	0	0	0	0	0	15	0	14	0	0	4	0	5	0	0	0	0	0	0	0	0	0	0	1	0	0	4	0	7	0	0	196	0	0	54	0	0	0	0	1	105	1	0	0	0	0	0	0	0	34	0	9	3	5	6	1	0	0	0	0	1	0	0	0	0	0	0	0	0	0	0	0	0	0	0	0	0	1	0	0	8	12	0	3	0	9	0	0	2
OTU509	0	0	0	0	0	0	0	0	0	0	0	1	3	2	0	6	0	0	5	2	0	0	0	0	0	0	0	1	0	2	4	0	2	0	5	0	5	0	0	2	0	3	0	3	0	6	0	0	0	1	0	0	0	0	0	0	0	0	0	2	0	0	2	0	0	0	0	0	0	0	6	0	0	0	0	0	0	0	0	1	0	0	0	0	0	11	0	0	0	0	0	0	0	0	0	0	0	0	0	0	0	159	0	0	16	0	0	0	0	0	0	2	1	1	0	0	8	39	0	0	0	3	0	0	1	1	2	35	2	0	0	0	0	0	0	2	35	0	0	0	11	51	0
OTU510	0	0	0	0	0	0	0	0	0	0	192	2	26	3	0	47	960	1	5	6	9	0	5	11	0	20	0	244	0	16	171	31	4	14	13	26	182	1	25	66	4	1	36	5	0	2	0	0	4	16	0	0	1	57	7	0	70	0	0	0	17	53	4	3	6	0	0	0	0	0	3	0	0	0	0	0	0	24	2	39	0	106	0	42	0	172	36	1	0	0	1	25	2	45	1	308	0	0	1	14	0	3	0	0	40	0	2	2	0	3	1	3	8	40	0	0	78	9	57	0	1	2	7	0	2	1	1	28	28	15	242	0	0	29	23	0	23	0	0	22	0	101	7
OTU511	0	0	0	0	0	0	0	0	0	0	0	0	0	0	0	0	0	0	0	0	0	0	0	0	0	0	0	0	0	0	0	0	0	0	0	0	10	0	0	0	0	0	0	0	0	3	0	0	0	0	0	0	0	0	0	0	0	0	0	0	0	0	0	0	0	0	0	0	0	0	0	0	0	0	0	0	0	0	0	0	0	0	0	0	0	1	0	0	0	0	0	0	0	0	0	415	0	0	0	0	0	0	0	0	0	0	0	0	0	0	0	0	0	0	0	0	0	0	0	0	0	0	0	0	0	0	0	0	0	0	0	0	0	0	0	0	0	0	0	0	0	0	0
OTU512	0	0	0	0	0	0	0	0	3	0	0	16	6	79	309	0	0	0	0	0	0	0	0	0	0	0	0	0	0	0	0	0	1	0	4	14	0	0	0	0	0	0	0	0	1	0	0	0	0	0	0	0	0	0	0	0	0	287	0	0	0	0	0	0	882	0	0	0	0	0	0	0	2	0	0	0	0	348	0	0	0	0	0	0	0	0	0	0	0	0	0	0	0	0	433	0	1	0	0	0	0	0	0	0	0	1	8	6	15	0	0	0	0	0	206	115	0	0	0	0	0	0	0	0	0	0	0	0	0	1847	0	0	0	0	0	0	0	629	0	1853	0	0	0
OTU513	0	0	0	0	0	0	0	0	0	1	0	0	0	0	1	0	0	0	0	2	1	0	0	0	0	0	0	0	0	0	0	0	0	0	0	0	0	0	0	0	0	0	3	61	0	0	0	350	0	0	45	33	0	0	2	0	0	0	0	0	0	0	0	0	14	1	0	0	11	1	0	0	0	0	0	0	0	11	28	0	10	0	0	0	0	0	0	0	0	0	0	0	82	0	0	0	0	8	0	0	2	0	29	1	0	0	17	2	1	0	0	0	0	0	1	0	0	0	0	0	0	0	0	11	0	0	0	0	0	0	0	0	5	0	0	0	0	1	0	0	0	0	0
OTU514	0	0	0	0	0	0	0	0	0	0	0	20	81	5	0	0	0	0	0	0	0	0	0	0	0	0	0	0	0	0	0	0	0	0	0	0	0	0	0	0	0	0	0	0	0	184	0	0	0	0	0	0	0	0	0	0	0	0	0	0	0	0	0	0	0	0	0	0	0	0	0	0	0	0	0	0	0	0	0	0	0	186	0	0	0	0	0	0	0	0	0	0	0	0	0	5	0	0	0	0	0	369	0	0	0	0	0	0	0	0	0	0	0	0	0	0	0	0	0	0	0	0	0	2	0	3	18	13	23	0	0	0	0	0	0	0	0	0	0	0	0	0	0
OTU515	0	0	0	0	0	0	0	0	0	0	275	0	0	0	0	0	1	0	0	0	0	1	389	0	0	0	0	2	0	0	0	0	0	7	0	0	0	0	0	0	0	0	0	0	0	4	0	0	0	0	0	0	0	0	0	0	0	0	0	0	0	0	0	0	0	0	0	0	0	0	0	0	0	3	0	0	0	0	0	0	0	1	0	3	0	0	0	0	0	0	0	0	0	0	0	0	0	0	0	0	0	0	0	0	0	1	0	0	0	0	0	0	0	0	0	0	0	0	0	0	0	0	0	0	0	0	0	0	0	0	27	0	0	0	0	0	0	0	0	0	0	0	0
OTU516	0	0	0	0	0	0	0	0	15	15	1	8	6	28	131	5	0	61	3	11	34	4	0	2	3	30	0	5	0	0	0	0	2	2	0	0	0	3	3	0	13	0	7	116	0	0	34	11	0	0	15	239	107	0	0	8	2	42	0	39	25	106	0	4	46	0	29	58	1	0	7	0	30	7	0	73	4	153	2	0	32	0	0	2	0	0	2	0	423	0	19	0	0	0	12	0	0	0	2	0	9	0	20	22	0	59	8	1	98	0	0	1	5	10	86	54	15	0	0	3	3	0	0	9	19	2	0	2	3	444	4	3	2	0	15	0	0	182	93	19	0	2	0
OTU517	0	0	0	0	0	0	0	0	0	4	102	0	0	0	0	0	0	0	0	31	0	0	0	0	0	0	0	0	0	132	0	0	0	0	0	0	0	0	0	0	0	0	0	0	0	0	0	0	0	304	0	0	0	0	0	0	0	0	0	0	0	0	0	0	0	0	0	0	0	0	0	0	0	0	0	0	0	0	0	0	0	0	0	0	0	0	0	0	0	0	0	0	0	0	0	0	0	0	0	0	0	0	0	0	0	0	0	0	0	0	0	0	0	1	0	0	0	0	0	0	0	0	0	0	0	0	0	0	0	0	0	0	0	0	0	0	0	0	0	0	0	0	0
OTU518	0	0	0	0	0	0	0	0	0	7	0	7	0	2	0	0	0	0	0	0	5	15	0	0	3	0	0	0	12	0	0	6	8	1	41	23	0	0	3	0	1	0	2	1	18	0	0	0	5	0	0	0	0	0	9	2	2	0	0	0	0	0	0	2	0	7	5	5	1	0	0	4	4	11	9	2	8	0	0	0	2	0	0	4	16	0	0	0	0	21	0	3	0	12	0	0	41	4	1	0	2	0	1	0	0	0	0	8	0	11	0	2	0	0	0	0	1	0	0	48	15	0	0	6	6	21	0	0	0	0	0	3	2	0	9	0	0	0	5	0	0	1	8
OTU519	0	0	0	0	0	0	0	0	0	0	0	85	73	657	0	0	0	0	0	0	0	0	0	0	0	0	0	0	0	0	0	0	0	0	0	0	0	0	0	0	0	0	0	0	0	0	6	0	0	0	0	0	0	0	0	0	0	0	0	0	1	0	0	0	0	0	12	0	0	0	0	0	0	0	0	0	0	0	0	0	0	0	0	0	0	0	0	0	0	0	0	0	0	0	0	0	0	0	0	0	0	0	0	0	0	0	0	0	0	0	0	0	0	0	0	0	0	0	0	0	0	0	0	0	0	0	0	0	0	0	0	0	0	0	0	0	0	0	0	0	1	0	0
OTU520	0	0	0	0	0	0	0	0	0	0	3	2	17	0	0	75	1	0	33	1	0	0	0	1	0	0	0	94	0	1	30	1	0	2	3	2	1	0	0	0	0	12	2	0	0	15	0	0	0	0	0	0	0	3	0	0	0	0	0	0	0	0	12	0	0	0	0	0	0	0	0	0	0	0	0	0	0	0	0	30	0	5	0	0	0	30	0	2	0	0	0	4	0	3	0	13	1	0	0	5	0	67	0	0	3	0	2	1	2	0	0	3	15	3	0	0	25	7	0	0	0	0	0	0	0	0	1	43	0	0	0	1	0	10	1	0	1	0	0	2	15	5	1
OTU521	0	0	0	0	0	0	0	0	0	0	146	2	1	14	37	0	0	0	4	0	15	0	0	0	0	0	0	15	0	0	17	0	2	0	0	1	0	4	0	0	5	0	2	88	0	33	1	2	0	0	7	5	2	0	0	0	5	9	0	5	0	63	0	0	1	0	1	0	0	0	0	0	0	0	0	0	0	0	14	0	2	0	0	0	0	0	0	0	0	0	0	3	0	1	0	2	0	0	0	1	0	0	0	1	16	24	1	0	4	0	0	0	0	2	32	12	0	3	8	0	0	0	0	0	0	0	0	0	0	3	1	0	0	0	0	0	1	114	0	0	0	0	0
OTU522	0	0	0	0	0	0	0	0	0	0	0	0	0	0	5	0	0	0	0	0	0	0	0	0	0	0	0	0	0	0	0	0	0	0	0	0	0	0	0	0	0	0	0	0	0	0	0	0	0	0	0	0	0	0	0	0	0	0	0	0	0	0	0	0	0	0	0	0	0	0	0	0	0	0	0	0	0	0	779	0	0	0	0	0	0	0	0	0	0	0	0	0	0	0	0	0	0	0	0	0	0	0	0	0	0	0	0	0	0	0	0	0	0	0	6	2	0	0	0	0	0	0	0	0	0	0	0	0	0	0	0	0	0	0	0	0	0	16	0	0	0	0	0
OTU523	0	0	0	0	0	0	0	0	0	0	0	2	0	1	7	0	0	55	0	0	0	0	0	0	0	0	0	0	0	0	0	0	0	0	0	0	0	2	0	0	0	0	1	11	0	0	13	0	0	0	2	1	0	0	0	0	0	54	0	0	0	0	0	0	0	0	0	0	0	0	1	0	0	0	0	0	0	0	9	0	46	0	0	0	0	0	0	0	15	0	3	0	0	4	81	0	0	0	0	0	0	0	0	106	0	0	3	1	12	0	0	0	0	0	0	1	0	0	0	0	0	0	7	0	0	0	0	0	0	1	0	14	0	0	0	0	0	14	0	28	0	0	0
OTU524	0	0	0	0	0	0	0	0	0	0	0	0	0	0	0	0	0	0	0	0	0	0	0	0	1	0	30	0	0	0	0	0	0	0	0	0	0	0	0	0	0	0	0	0	0	0	0	0	0	0	0	0	0	0	0	0	0	0	0	0	0	0	0	0	0	0	0	0	142	0	0	8	0	1	0	0	2	0	0	0	0	0	0	0	0	0	0	0	0	0	0	0	0	0	0	0	0	0	0	0	2	0	0	0	0	0	0	0	0	0	0	0	0	0	0	0	0	0	0	0	0	0	0	1	0	0	0	0	0	0	0	0	1	0	0	0	0	0	323	0	0	0	0
OTU525	0	0	0	0	0	0	0	0	0	0	0	2	0	0	0	0	0	0	0	0	0	0	0	0	0	0	0	66	0	0	0	0	0	54	3	0	4	0	11	0	0	0	1	1	0	4	0	0	0	0	0	0	0	0	0	0	0	0	0	0	12	0	0	0	0	0	0	0	0	0	55	0	0	0	0	0	0	0	0	3	2	83	0	0	0	0	0	61	0	0	0	15	0	0	0	65	0	0	0	19	0	0	0	0	0	0	0	0	0	0	0	0	0	0	0	0	0	0	0	0	0	1	1	1	0	2	1	39	49	0	12	0	0	0	0	0	0	0	0	0	0	0	0
OTU526	0	0	0	0	0	0	0	0	0	0	0	6	24	0	0	0	37	0	0	0	0	0	0	0	0	0	0	0	0	0	12	0	0	7	2	0	17	0	0	0	0	0	0	0	0	82	0	0	0	0	0	0	0	10	0	0	0	0	0	0	0	0	0	0	0	0	0	0	0	0	0	0	0	0	0	0	0	0	0	180	0	110	0	1	0	0	2	0	0	0	0	0	0	0	0	65	0	0	0	29	0	0	0	0	0	0	0	0	0	0	0	0	0	9	0	0	8	0	0	0	0	0	1	0	0	0	0	0	0	0	1	0	0	83	0	0	0	0	0	0	0	1	0
OTU527	0	0	0	0	0	0	0	0	0	5	0	0	0	0	0	0	0	0	2	2	2	4	0	0	0	0	0	0	0	0	0	0	0	0	0	0	0	0	0	0	0	0	0	0	0	0	0	0	0	0	0	0	0	0	0	0	0	0	0	0	0	0	0	0	0	0	0	29	0	0	0	4	94	4	0	0	0	0	0	0	0	0	0	0	7	0	0	0	0	6	0	0	0	0	0	0	0	0	0	0	0	0	1	0	0	0	23	122	4	0	0	2	0	0	0	0	0	0	0	0	7	0	0	372	7	0	0	0	0	0	0	0	56	0	0	0	0	0	59	0	0	0	0
OTU528	0	0	0	0	0	0	0	0	0	0	0	0	0	0	0	0	0	0	2	0	12	13	0	0	0	26	0	0	0	0	0	0	0	0	0	0	0	0	0	0	89	0	0	0	0	0	2	0	0	0	0	0	0	0	0	0	276	0	0	0	0	4	0	0	98	0	23	0	0	0	0	0	0	0	0	0	0	0	0	0	3	0	0	0	0	0	0	0	0	0	0	0	0	0	0	0	0	0	0	0	0	0	0	0	0	0	0	0	33	0	0	0	0	0	0	6	0	0	0	0	0	0	0	0	0	0	0	0	0	102	0	0	0	0	0	0	0	0	0	0	0	0	0
OTU529	0	0	0	0	0	0	0	0	0	0	0	1	37	2	0	16	0	0	17	4	0	0	3	0	0	0	0	21	0	8	14	0	0	0	0	0	1	0	2	0	0	16	0	0	0	3	0	0	1	18	0	0	0	0	0	0	0	0	0	0	0	0	24	0	0	0	0	0	0	0	2	0	0	0	0	0	0	0	0	10	0	12	0	2	0	11	1	0	0	0	0	1	0	0	0	4	0	0	0	42	0	73	0	0	45	0	1	0	0	5	0	2	6	2	0	0	0	3	0	0	0	0	0	0	0	5	56	16	0	0	6	0	3	2	0	8	2	0	0	0	5	0	2
OTU530	0	0	0	0	0	0	0	0	0	61	0	0	0	0	0	0	0	0	0	40	11	42	0	0	14	0	0	0	0	0	0	0	34	0	1	65	0	0	0	0	0	0	0	0	0	0	0	0	0	0	0	0	0	0	549	17	0	0	0	0	10	0	0	74	0	1	0	0	35	1	8	6	12	63	8	17	0	0	0	0	3	0	0	8	47	0	0	0	0	50	0	0	100	0	0	0	123	48	0	0	228	0	0	0	0	0	5	17	0	0	0	0	0	0	0	0	0	0	0	10	68	0	0	23	3	27	0	0	0	0	0	0	213	0	0	0	0	0	0	0	0	0	0
OTU531	0	0	0	0	0	0	0	0	1	0	17	31	54	7	0	0	0	0	52	0	0	0	0	0	0	0	0	0	0	0	1	0	2	1	19	1	18	0	23	0	21	42	0	0	0	0	0	0	0	0	0	0	0	0	0	0	0	0	0	0	4	0	43	0	0	0	0	0	0	0	33	0	0	0	0	0	0	0	0	0	0	3	0	32	0	0	0	64	0	0	0	0	0	0	0	0	0	0	0	0	0	0	0	0	3	0	0	0	2	0	2	0	23	0	0	0	0	0	0	0	0	37	0	0	0	0	4	5	16	0	42	0	0	11	0	5	0	0	0	0	0	0	0
OTU532	0	0	0	0	0	0	0	0	0	0	0	0	0	1	0	0	0	0	0	0	0	0	0	0	0	0	0	0	0	0	0	0	0	0	0	0	0	0	0	0	0	0	0	0	0	0	0	121	0	0	0	8	0	0	0	0	0	0	0	0	0	0	0	0	0	0	0	0	0	0	0	0	0	0	0	0	0	344	0	0	0	0	0	0	0	0	0	0	0	0	0	0	0	0	0	0	0	0	0	0	0	0	0	0	0	0	0	0	0	0	0	0	0	0	0	0	0	0	0	0	0	0	0	5	4	0	0	0	0	0	0	0	0	0	0	0	0	0	0	0	0	0	0
OTU533	0	0	0	0	0	0	0	0	0	0	0	0	0	0	0	0	0	0	0	0	0	0	0	0	0	0	0	0	0	0	0	0	0	0	0	0	0	0	0	0	0	0	0	0	0	0	0	0	0	0	0	0	0	0	0	0	0	0	0	0	0	0	0	0	0	0	23	0	0	0	0	0	0	0	0	0	0	0	0	0	0	0	6	0	0	0	0	0	0	0	0	0	0	27	0	0	0	0	0	0	0	0	0	0	0	0	0	0	0	0	0	0	0	0	0	0	0	0	0	0	0	0	0	0	0	0	0	0	0	0	0	57	0	0	249	0	1	0	0	0	0	0	0
OTU534	0	0	0	0	0	0	0	0	0	0	0	0	0	0	0	0	0	0	0	0	0	0	0	0	0	0	0	0	0	0	0	0	0	0	0	0	0	0	0	0	0	0	0	0	0	0	0	0	0	0	0	0	0	0	0	0	0	0	0	0	0	0	0	0	0	0	0	0	0	0	0	0	0	0	0	0	0	0	0	0	0	0	0	0	0	0	0	0	0	0	0	0	0	0	0	0	0	0	0	458	0	0	0	0	0	0	0	0	0	0	0	0	0	0	0	0	0	0	0	0	0	0	0	0	0	0	0	0	0	0	1	0	0	0	0	0	0	0	0	0	0	0	0
OTU535	0	0	0	0	0	0	0	0	0	0	0	1	3	0	0	0	0	0	0	1	0	0	0	3	0	2	0	1	0	2	153	0	0	6	0	0	0	0	0	0	0	6	0	0	0	9	0	0	0	6	0	0	0	0	0	0	86	0	0	0	2	0	0	0	0	0	0	0	0	0	0	0	0	0	0	0	0	0	0	3	0	281	0	0	0	0	0	0	0	0	0	189	0	0	0	10	1	0	0	0	0	0	0	0	0	0	0	0	2	0	0	0	0	0	0	0	0	0	0	0	0	0	0	0	0	1	0	0	1	0	0	0	1	0	32	0	0	0	0	0	0	34	0
OTU536	0	0	0	0	0	0	0	0	5	0	0	0	0	0	0	0	0	0	0	0	0	0	0	0	0	0	0	0	0	0	0	0	0	0	0	0	0	0	0	0	0	0	0	0	0	0	0	0	0	0	0	0	0	0	0	0	0	0	0	0	108	0	0	0	0	0	0	0	0	0	57	0	0	0	0	0	0	0	3	0	90	0	0	0	0	0	0	0	0	0	451	0	0	0	0	0	0	0	0	0	0	0	0	0	0	0	0	0	0	0	0	0	0	0	0	0	0	0	0	0	0	0	0	0	0	0	0	0	0	0	0	0	0	0	0	0	0	0	0	0	0	0	0
OTU537	0	0	0	0	0	0	0	0	0	0	0	0	0	0	0	3	6	1	0	1	0	0	2	11	1	0	2	0	0	7	0	16	2	0	0	0	1	0	14	0	0	0	5	1	0	0	0	0	0	16	75	2	0	12	0	9	7	3	0	0	3	33	0	9	0	0	0	1	0	0	0	0	2	0	0	0	2	0	0	0	1	0	0	2	2	0	3	0	0	0	2	0	10	10	0	1	0	1	8	0	2	0	121	0	69	0	2	3	0	0	0	0	0	17	0	0	0	0	2	0	0	0	0	0	0	0	0	0	2	0	9	0	6	0	5	0	0	0	0	0	0	1	0
OTU538	0	0	0	0	0	0	0	0	48	0	0	0	0	0	5	0	0	1	0	0	2	0	0	0	0	0	0	0	0	0	0	0	0	0	0	0	0	0	0	0	0	0	21	275	0	0	0	0	0	0	3	0	0	0	0	7	0	0	0	0	0	0	0	0	0	1	0	0	2	0	0	2	0	0	0	0	1	0	0	0	0	0	0	0	0	0	0	0	1	0	0	3	4	1	0	0	0	0	0	0	0	0	0	2	0	0	1	2	0	0	0	0	0	0	5	3	0	0	0	0	0	0	0	0	0	0	0	0	0	1	0	0	0	0	1	0	0	16	0	0	0	4	0
OTU539	0	0	0	0	0	0	0	0	0	0	0	13	57	4	0	0	0	0	15	3	0	0	0	0	0	0	0	0	0	20	27	0	0	5	0	0	0	0	0	0	0	17	0	0	0	151	0	0	0	0	0	0	0	0	0	0	0	0	0	0	0	0	16	0	0	0	0	0	0	0	4	0	0	0	0	0	0	0	0	0	0	1	0	0	0	0	0	0	0	0	0	0	0	0	0	9	0	0	0	12	0	47	0	0	4	0	0	0	0	0	0	1	3	0	0	0	0	0	0	0	0	1	0	0	0	6	33	0	0	0	0	0	0	2	0	61	0	0	0	0	2	0	0
OTU540	0	0	0	0	0	0	0	0	0	0	0	0	0	0	0	0	0	0	0	0	0	0	0	0	0	0	0	0	22	0	0	0	7	4	21	20	36	304	0	0	0	0	0	0	0	0	0	0	0	0	0	0	0	0	0	0	0	0	0	0	0	0	0	0	0	0	0	0	0	0	0	0	0	0	0	0	0	0	0	0	2	0	0	0	0	0	0	0	0	0	0	0	0	0	0	0	0	0	0	0	0	0	0	0	0	0	0	0	0	0	0	0	0	0	0	0	0	0	0	0	0	0	0	0	0	0	0	0	0	0	0	0	0	0	0	0	0	3	0	0	0	0	0
OTU541	0	0	0	0	0	0	0	0	0	0	0	0	0	9	0	0	0	0	0	0	0	0	0	0	0	0	0	0	0	0	0	0	0	0	0	0	0	0	0	0	0	0	0	0	0	0	0	0	0	0	0	0	3	318	0	0	0	0	0	0	0	0	0	0	0	0	0	0	0	0	0	0	0	0	0	0	0	0	0	0	0	0	0	0	0	0	0	0	0	0	0	0	0	0	0	0	0	0	0	0	0	0	0	0	0	0	0	0	0	0	0	0	0	0	0	0	0	0	0	0	0	0	0	0	0	0	0	0	0	0	0	0	0	0	0	0	0	0	0	0	0	0	0
OTU542	0	0	0	0	0	0	0	0	0	0	0	0	0	0	0	0	0	0	0	0	0	0	0	0	0	0	0	0	0	0	0	0	0	0	0	0	0	0	0	0	0	0	33	201	0	0	0	0	0	0	70	0	0	0	0	0	0	18	0	0	0	375	0	0	0	0	0	0	0	0	0	0	0	0	0	0	0	0	0	0	0	0	0	0	0	0	0	0	0	0	0	0	0	0	0	0	0	0	0	0	0	0	0	0	0	41	162	14	1	0	0	0	0	0	0	0	0	0	0	0	0	0	0	73	165	2	0	0	0	0	0	0	0	0	0	0	0	0	0	0	0	0	0
OTU543	0	0	0	0	0	0	0	0	0	0	0	0	1	2	18	0	0	0	0	0	0	0	0	0	0	0	0	0	0	0	0	0	0	0	0	0	0	0	0	0	0	0	0	0	0	0	0	0	0	0	0	0	0	0	0	0	0	0	0	0	0	0	0	0	0	0	0	0	0	0	0	0	0	0	0	0	0	0	0	0	0	0	0	0	0	0	0	0	0	0	0	0	0	0	0	0	0	0	0	0	0	0	0	0	0	186	48	5	2	0	0	0	0	0	11	8	0	0	0	0	0	0	0	5	8	0	0	0	0	0	0	0	0	0	0	0	0	24	0	0	0	0	0
OTU544	0	0	0	0	0	0	0	0	0	1	0	0	0	0	0	0	0	0	0	0	1	0	0	0	0	0	0	98	0	0	0	0	0	0	0	3	0	0	0	0	0	0	0	0	0	0	0	0	0	0	0	0	0	0	0	0	0	0	0	0	0	0	0	0	0	0	0	1	0	0	0	0	0	0	0	0	0	0	0	0	0	0	0	0	0	0	0	0	0	0	0	627	0	0	0	0	5	0	0	0	0	0	0	0	0	0	0	0	0	0	0	0	0	0	0	0	0	0	0	0	0	0	0	0	0	0	0	0	0	0	0	0	1	2	0	0	0	0	0	0	0	0	0
OTU545	0	0	0	0	0	0	0	0	0	0	0	0	0	0	0	0	0	0	0	0	0	0	314	0	0	0	0	0	0	0	0	0	0	0	0	0	0	0	51	0	0	0	1	0	0	0	0	0	5	0	0	0	0	1	0	0	0	0	0	0	0	0	0	3	0	0	0	0	0	0	0	0	0	0	0	0	0	0	0	0	0	0	0	0	0	0	0	0	0	0	0	0	0	0	0	0	0	0	0	0	0	0	0	0	0	0	0	0	0	0	0	0	0	0	0	0	0	0	0	0	0	0	0	0	0	0	0	1	0	0	0	0	0	0	0	0	0	0	0	0	0	0	0
OTU546	0	0	0	0	0	0	0	0	0	0	0	0	0	0	0	0	0	0	1	1	0	0	0	0	0	0	2	0	1	0	0	0	1	0	2	0	0	0	0	0	0	0	0	0	3	0	0	0	24	0	1	2	0	0	2	0	0	0	0	0	0	1	0	0	0	0	1	3	0	0	0	2	1	0	0	0	0	3	0	0	0	0	34	0	1	0	0	0	0	0	0	0	0	0	0	0	0	1	0	0	0	0	4	0	0	0	1	0	0	19	3	0	4	0	0	0	0	0	0	1	0	0	1	0	0	2	0	0	0	0	0	21	2	0	206	0	0	0	0	0	0	0	13
OTU547	0	0	0	0	0	0	0	0	0	0	2	0	0	0	0	0	0	0	128	0	0	0	0	0	0	0	0	0	0	0	0	0	0	0	0	8	31	0	0	0	0	92	5	1	0	0	0	0	0	0	0	0	0	0	0	0	0	0	0	0	0	0	68	0	0	0	0	0	0	0	0	0	0	0	0	0	0	0	0	0	0	0	0	0	0	0	0	0	0	0	0	0	0	0	0	0	0	0	0	0	0	0	0	0	0	0	0	0	0	0	0	0	0	0	0	0	0	7	333	0	0	0	0	0	0	0	0	0	0	0	0	0	0	0	0	0	0	0	0	0	0	0	0
OTU548	0	0	0	0	0	0	0	0	0	1	0	2	0	1	6	15	11	4	1	2	13	9	0	4	0	0	8	3	13	0	0	4	0	0	4	3	3	0	0	3	14	0	30	7	13	0	0	0	1	0	0	3	0	0	33	25	11	0	0	3	4	12	1	0	14	0	0	10	1	0	0	0	23	7	2	10	0	1	0	0	2	0	0	3	9	63	2	0	7	2	0	0	31	6	0	0	2	0	4	0	1	0	2	1	0	0	4	11	2	3	0	13	4	0	6	5	0	12	48	16	4	0	0	17	0	3	0	0	2	3	4	4	12	0	25	0	5	24	2	0	0	12	1
OTU549	0	0	0	0	0	0	0	0	0	0	0	148	110	1150	0	0	0	0	0	0	0	0	0	0	0	0	0	0	0	0	0	0	0	0	1	1	1	0	0	0	0	0	0	5	0	0	0	0	0	0	850	9	0	0	0	0	0	0	0	46	13	0	0	0	1	0	0	0	0	0	5	0	0	0	0	0	0	0	1	0	252	0	0	0	0	0	0	0	0	0	0	0	0	0	92	0	0	0	0	0	0	0	0	0	0	0	0	0	0	0	0	0	0	0	0	0	0	0	0	0	0	0	0	0	0	0	0	0	0	0	0	0	0	0	0	0	0	0	0	0	0	0	0
OTU550	0	0	0	0	0	0	0	0	0	0	0	0	0	0	0	0	0	0	0	0	0	0	0	0	0	0	0	0	0	0	0	0	0	0	0	0	0	0	0	0	0	0	0	0	0	0	1	0	0	0	0	0	0	0	0	0	0	0	0	0	0	404	0	0	0	0	0	0	0	0	0	0	0	0	0	0	0	0	20	0	0	0	0	0	0	0	0	0	0	0	0	0	0	0	0	0	0	0	0	0	0	0	0	0	0	0	1	5	0	0	0	0	0	0	0	0	0	0	0	0	0	0	0	0	0	0	0	0	0	0	0	0	0	0	0	0	0	0	0	0	0	0	0
OTU551	0	0	0	0	0	0	0	0	0	0	27	1	0	0	0	0	0	0	7	0	0	0	0	0	0	0	0	2	0	0	80	0	0	0	28	0	0	0	0	0	0	7	0	0	0	0	0	0	1	0	0	0	0	0	0	0	0	0	0	0	0	0	5	0	0	0	0	0	0	0	0	0	0	0	0	0	0	0	0	85	0	0	0	0	0	0	0	0	0	0	0	1	0	0	0	0	0	0	0	0	0	44	0	0	2	0	0	1	4	0	23	12	45	0	0	0	0	0	0	0	0	0	4	0	0	0	0	0	0	0	0	2	0	0	0	7	0	0	0	0	0	0	1
OTU552	0	0	0	0	0	0	0	0	0	51	288	326	6	0	70	5	63	2211	0	184	0	0	30	8	2	296	0	2	0	9	0	12	4	6	22	13	176	0	218	2	1	0	1	1	0	22	323	10	1	24	0	15	3702	53	0	0	26	63	0	0	43	266	0	0	94	0	5	0	1	0	49	0	0	0	0	1	0	1076	645	3	419	1	0	93	0	2	4	5	0	0	14	0	1157	123	3093	111	1	0	0	67	0	1	0	0	14	17	845	86	2142	5	19	1	0	34	55	446	2	2	98	1	0	148	22	675	6	3	19	9	9	13	50	13	42	2	20	9	0	163	25	222	1	67	4
OTU553	0	0	0	0	0	0	0	0	16	14	0	25	6	50	65	0	0	3	2	11	12	15	0	0	74	80	0	0	0	0	0	0	28	0	0	1	0	0	0	0	14	0	0	3	0	0	6	31	1	0	1	0	4	0	3	0	3	22	0	0	8	0	0	7	29	6	298	2	23	0	8	8	0	0	1	2	6	22	23	0	12	0	0	0	2	0	0	0	0	2	80	0	13	1	0	0	38	8	2	0	20	0	0	45	0	4	31	11	48	4	0	4	1	0	60	25	0	0	0	0	7	0	0	5	8	1	0	0	0	7	0	12	4	0	0	0	0	144	65	5	0	0	1
OTU554	0	0	0	0	0	0	0	0	0	0	0	0	0	0	0	0	0	0	0	0	0	0	0	0	0	0	0	0	0	0	0	0	0	0	0	0	0	0	392	0	0	0	1	0	0	0	0	0	0	0	0	0	0	0	0	0	0	0	0	0	0	0	0	0	0	0	0	0	0	0	1	0	0	0	0	0	0	0	0	0	0	0	0	0	0	0	0	0	0	0	0	8	0	0	0	0	0	0	0	0	0	0	0	0	0	0	0	0	0	0	0	0	0	1	0	0	0	0	0	0	0	0	0	0	3	2	2	4	17	0	0	0	0	0	0	0	0	0	0	0	0	0	0
OTU555	0	0	0	0	0	0	0	0	14	0	1	22	14	201	3	0	57	0	17	0	71	131	0	2	0	0	0	5	0	0	0	1	21	0	2	2	3	0	0	0	0	1	0	0	0	0	0	0	0	1	0	0	2	0	0	3	2	0	0	0	3	0	0	0	0	5	0	1	1	0	1	1	143	3	0	7	2	0	0	0	3	0	0	1	3	0	1	0	0	4	0	0	3	0	1	0	0	5	1	7	17	0	1	0	11	4	0	7	2	3	0	11	4	0	3	2	3	0	0	0	4	0	0	0	0	3	0	23	3	0	0	0	0	3	0	1	3	7	0	1	3	0	0
OTU556	0	0	0	0	0	0	0	0	0	0	61	218	61	0	0	0	5	0	32	6	0	0	3	10	0	0	0	0	0	60	396	0	9	38	135	5	42	0	79	0	0	10	35	0	0	0	0	0	29	75	0	0	0	10	0	0	0	0	0	0	7	0	5	0	0	0	0	0	0	0	0	0	2	0	0	0	0	0	0	84	0	5	0	44	0	7	12	0	0	0	0	35	0	4	0	38	0	0	0	26	0	0	0	0	0	0	2	0	0	23	0	1	9	0	0	0	223	0	17	0	0	30	0	0	0	2	0	33	72	0	15	0	0	13	0	37	0	0	0	0	11	0	25
OTU557	0	0	0	0	0	0	0	0	0	0	0	14	0	0	0	0	0	0	0	0	0	0	0	0	0	0	0	0	0	0	0	0	0	0	0	0	0	0	0	0	467	0	0	0	0	0	0	0	0	0	0	0	0	0	0	0	0	0	0	0	0	0	0	0	0	0	0	0	0	0	0	0	0	0	0	0	0	0	0	0	0	0	0	0	0	0	0	0	0	0	0	0	0	0	0	0	0	0	0	0	0	0	0	0	0	0	0	0	0	0	0	0	0	0	0	0	0	0	0	0	0	0	0	0	0	0	0	0	0	0	0	0	0	0	0	0	0	0	0	0	0	0	0
OTU558	0	0	0	0	0	0	0	0	29	0	0	5	5	31	10	0	0	0	2	0	37	4	0	0	0	2	0	0	0	0	0	0	0	2	1	0	0	6	0	0	0	0	2	15	0	0	0	1	0	0	0	0	20	0	0	0	0	6	0	0	0	2	0	0	0	0	0	0	0	0	0	0	0	0	0	0	0	0	6	0	2	0	0	0	0	0	0	0	1	0	0	0	0	0	9	0	0	0	0	0	0	0	0	14	0	30	6	2	65	0	0	0	0	0	2	0	0	0	0	0	0	0	0	6	24	0	0	0	0	75	0	0	2	0	0	0	0	16	0	0	0	0	1
OTU559	0	0	0	0	0	0	0	0	0	0	0	0	0	0	1	0	0	12	109	0	7	3	0	0	0	0	0	0	0	0	0	0	0	0	1	0	2	4	0	0	0	106	0	9	0	0	0	14	0	0	19	0	0	0	0	0	0	1	0	0	14	2	51	0	0	0	0	0	0	0	8	0	0	0	0	0	0	0	0	0	19	0	0	0	0	0	0	0	76	0	101	0	0	0	0	0	0	0	0	0	0	0	0	2	0	38	33	7	2	0	0	0	0	0	0	1	0	0	0	0	0	0	0	54	160	3	0	0	0	1	0	0	0	4	0	0	0	1	0	0	0	0	0
OTU560	0	0	0	0	0	0	0	0	0	0	0	4	0	22	0	0	0	0	0	0	0	0	0	0	0	0	0	0	0	0	0	0	0	0	0	0	0	0	0	0	0	0	0	0	0	0	0	0	0	0	0	0	0	0	0	0	0	0	0	0	0	0	0	0	0	0	329	0	0	0	0	0	0	0	0	0	0	0	0	0	0	0	0	0	0	0	0	0	0	0	0	0	0	0	0	0	0	0	0	0	0	0	0	0	0	0	0	0	0	0	0	0	0	0	0	0	0	0	0	0	0	0	0	0	0	0	0	0	0	0	0	0	0	0	0	0	0	0	0	0	0	0	0
OTU561	0	0	0	0	0	0	0	0	0	4	0	0	0	0	0	2	0	31	0	1	1	0	0	0	0	3	0	0	0	0	0	1	0	0	0	0	0	0	1	3	17	0	1	23	0	0	6	2	0	0	21	0	58	4	4	5	43	6	0	0	3	13	0	32	80	0	0	3	0	0	4	0	3	0	0	0	0	29	10	0	25	0	0	18	27	2	0	0	1	36	13	0	101	0	2	0	7	0	0	0	0	0	20	3	0	1	17	84	66	0	0	2	2	0	0	1	4	0	0	0	37	0	0	48	68	0	0	0	0	0	0	0	16	0	0	0	0	0	45	7	0	2	0
OTU562	0	0	0	0	0	0	0	0	0	0	17	1	5	0	0	0	15	0	2	0	0	0	4	1	0	0	0	12	0	1	42	0	0	3	4	1	21	0	76	0	0	1	2	0	0	0	0	0	0	0	0	0	0	6	0	0	0	0	0	0	0	0	0	0	0	0	0	0	0	0	0	0	0	0	0	0	0	0	0	4	0	43	0	5	0	0	34	0	0	0	0	3	0	0	0	5	0	0	0	7	0	9	0	0	1	0	0	0	0	0	0	0	2	10	0	0	5	0	7	0	0	0	0	2	1	1	2	16	25	0	4	0	0	3	0	1	0	0	0	0	2	0	0
OTU563	0	0	0	0	0	0	0	0	0	0	0	5	0	0	0	0	0	0	0	0	0	0	0	0	0	0	0	0	0	0	0	0	0	7	0	0	0	0	0	0	0	0	0	0	0	0	0	0	0	0	0	0	0	0	0	0	0	0	0	0	0	0	0	0	0	0	0	0	0	0	0	0	0	0	0	0	0	0	0	0	0	0	0	0	0	0	0	0	0	0	0	0	0	0	0	0	0	0	0	0	0	0	0	0	0	0	0	0	0	0	0	0	0	0	0	0	1	0	0	0	0	0	0	0	0	0	0	0	0	0	0	450	0	0	0	3	0	0	0	0	15	0	0
OTU564	0	0	0	0	0	0	0	0	67	0	0	6	3	36	0	0	0	0	0	0	2	0	0	0	0	0	0	1	0	0	0	0	0	0	0	0	0	0	0	0	0	0	29	188	0	0	0	0	0	0	3	2	3	0	0	1	0	23	0	0	3	0	0	0	1	0	4	0	0	0	0	0	0	0	0	0	0	8	0	0	0	0	0	1	0	1	0	0	0	0	2	0	1	1	0	0	0	0	0	0	0	0	2	0	1	2	0	0	1	0	0	0	0	0	0	3	1	0	2	0	0	0	0	1	0	0	0	6	0	1	0	0	0	1	0	0	3	1	0	8	0	0	0
OTU565	0	0	0	0	0	0	0	0	0	0	0	4	25	0	0	1	4	0	6	1	0	0	0	0	0	0	0	39	0	17	16	0	3	2	6	6	45	0	0	0	0	7	0	0	0	44	0	0	0	0	0	0	0	0	0	0	0	0	0	0	0	0	1	0	0	0	0	0	0	0	0	0	0	0	0	0	0	0	0	1	0	7	0	0	0	1	0	0	0	0	0	2	0	0	0	7	0	0	0	85	0	4	0	0	19	0	1	1	0	1	1	6	34	3	0	0	2	0	0	0	0	3	0	0	1	0	33	17	6	0	0	0	0	13	0	4	0	0	0	0	0	0	0
OTU566	0	0	0	0	0	0	0	0	1	70	5	25	0	1	0	59	3	119	18	22	37	60	52	8	48	35	104	9	69	0	6	0	161	15	61	405	117	0	2	3	84	1	2	0	110	15	2	0	93	2	0	1	12	0	99	104	101	1	0	0	71	10	2	40	2	57	180	16	43	3	19	27	31	129	97	95	35	20	0	0	6	6	217	47	86	128	19	28	0	110	4	1	85	47	1	27	341	92	263	33	144	1	9	48	14	0	36	95	22	84	343	71	27	1	2	1	1	88	1	367	118	3	6	68	110	307	13	47	69	52	82	50	48	2	34	0	109	4	215	6	0	90	63
OTU567	0	0	0	0	0	0	0	0	0	0	3	5	21	0	0	0	12	0	5	0	0	0	0	0	0	0	0	29	0	2	14	0	0	30	0	0	1	0	8	0	0	11	6	4	0	0	0	0	1	0	0	0	0	0	0	0	0	0	0	0	2	0	2	0	0	0	0	0	0	0	3	0	0	0	0	0	0	0	0	4	0	1	1	0	0	6	5	1	0	0	0	0	0	26	0	37	0	0	0	3	0	7	0	0	0	0	0	0	0	0	4	0	1	0	0	0	4	0	3	0	0	7	0	0	0	1	5	6	12	0	14	0	0	0	0	0	6	0	0	0	3	0	0
OTU568	0	0	0	0	0	0	0	0	0	0	0	0	0	0	0	0	80	0	0	0	0	0	0	0	0	0	0	3	0	0	0	11	0	33	0	0	0	0	0	0	0	0	0	0	0	0	0	0	0	0	0	0	0	0	0	0	0	0	0	0	0	0	0	0	0	0	0	0	0	0	0	0	0	0	0	0	0	0	0	0	0	0	0	2	0	0	0	0	0	0	0	0	0	0	0	0	0	0	0	0	0	0	0	0	0	0	0	0	0	0	0	0	0	0	0	0	175	0	0	0	0	0	0	0	0	0	0	0	0	0	0	0	0	0	0	0	0	0	0	0	0	0	0
OTU569	0	0	0	0	0	0	0	0	1	0	0	14	10	0	0	0	0	0	19	0	0	0	0	2	0	0	0	0	0	5	19	0	2	7	4	5	52	0	3	0	0	19	1	0	0	6	0	0	0	9	0	0	0	0	0	0	0	0	0	0	5	0	7	0	0	0	0	0	0	0	20	0	0	0	0	0	0	0	0	0	0	34	0	0	0	0	0	10	0	0	0	0	0	3	0	7	0	0	0	122	0	59	0	0	35	0	0	0	0	5	1	0	0	0	0	0	1	7	2	0	0	1	6	9	7	11	40	58	111	0	5	4	0	1	0	58	0	0	0	0	0	26	2
OTU570	0	0	0	0	0	0	0	0	0	0	1	2	0	0	0	0	0	0	0	0	0	0	0	0	0	0	0	8	0	3	26	0	0	12	0	0	0	1	4	0	0	0	0	0	0	106	0	0	0	1	0	0	0	4	0	0	0	0	0	1	0	0	0	0	0	0	0	0	0	0	0	0	0	0	0	0	0	0	0	36	0	0	0	0	0	13	2	8	0	0	0	11	0	0	0	14	0	0	0	36	0	0	0	0	47	0	0	0	0	0	0	0	0	0	0	0	0	0	0	0	0	6	0	0	0	0	3	1	5	0	0	0	0	23	0	2	0	0	0	0	16	0	0
OTU571	0	0	0	0	0	0	0	0	0	0	0	0	0	0	0	0	0	0	0	0	0	0	0	0	0	0	0	0	1	0	0	0	4	0	3	7	6	15	0	0	0	0	0	0	0	0	14	0	0	0	0	3	0	0	0	0	0	0	0	0	1	0	0	0	0	0	0	0	0	0	1	0	0	0	0	0	0	0	0	0	4	0	0	0	0	0	0	0	51	0	0	0	0	0	0	0	0	0	0	0	0	0	0	0	0	0	0	2	202	0	0	0	0	0	0	9	0	0	0	0	0	0	0	0	0	0	0	0	0	0	0	0	0	0	0	0	0	0	0	0	0	0	0
OTU572	0	0	0	0	0	0	0	0	0	0	0	0	0	0	0	0	0	0	0	0	0	0	0	0	0	0	0	0	0	0	566	0	1	1	2	1	25	0	0	0	0	0	0	0	0	0	0	0	0	0	0	0	0	0	0	0	0	0	0	0	0	0	0	0	0	0	0	0	0	0	0	0	0	0	0	0	0	0	0	0	0	0	0	0	0	0	0	0	0	0	0	0	0	0	0	9	0	0	0	0	0	0	0	0	2	0	0	0	0	0	0	0	0	0	0	0	13	0	0	0	0	0	0	0	0	0	0	0	0	0	0	0	0	0	0	0	0	0	0	0	0	0	0
OTU573	0	0	0	0	0	0	0	0	0	0	0	3	31	0	0	1	0	0	19	0	0	0	60	0	0	0	0	76	0	9	0	0	0	5	0	0	0	0	3	0	0	19	0	0	0	1	0	0	0	0	0	0	0	0	0	0	0	0	0	0	0	0	16	0	0	0	0	0	0	0	3	0	0	0	0	0	0	0	0	9	0	15	0	0	0	34	18	0	0	0	0	5	0	0	0	0	0	0	0	0	0	9	0	0	24	0	0	0	0	0	0	0	0	0	0	0	0	17	2	0	0	0	0	0	1	0	0	27	2	0	23	1	0	0	0	1	2	0	0	0	0	0	0
OTU574	0	0	0	0	0	0	0	0	0	0	0	0	0	0	0	0	0	0	0	0	0	0	4	0	0	0	0	0	0	0	0	0	0	0	2	0	4	0	49	0	0	0	0	0	0	115	0	0	0	0	0	0	0	0	0	0	0	0	0	0	0	0	0	0	0	0	0	0	0	0	0	0	0	0	0	0	0	0	0	0	0	0	0	0	0	0	193	0	0	0	0	0	0	0	0	6	0	0	0	0	0	0	0	0	0	0	0	0	0	0	0	0	1	2	0	0	0	0	0	0	0	0	0	2	0	1	3	21	29	0	78	0	0	0	0	0	0	0	0	0	0	0	0
OTU575	0	0	0	0	0	0	0	0	0	0	2	0	0	0	0	0	0	0	0	0	0	0	0	0	0	0	0	0	0	0	0	0	0	0	0	0	0	0	0	0	0	0	0	0	0	1	0	0	1	0	0	0	0	0	0	0	0	0	0	0	0	0	0	0	0	0	0	0	0	0	3	0	0	0	0	0	0	0	0	0	0	0	0	1	0	377	0	0	0	0	0	0	0	0	0	0	0	0	0	0	0	0	0	0	0	0	0	0	0	2	13	3	2	8	0	0	0	0	7	0	0	0	0	0	2	0	1	0	0	0	3	1	0	4	0	3	4	0	0	0	0	0	0
OTU576	0	0	0	0	0	0	0	2	0	0	51	0	0	0	0	0	0	0	0	0	0	0	0	0	0	0	0	0	0	0	0	0	0	0	0	0	0	0	0	0	0	0	0	0	0	175	0	0	0	0	0	0	0	0	0	0	0	0	0	0	0	0	0	0	0	0	0	0	0	0	0	0	0	0	0	0	0	0	0	0	0	28	0	0	0	0	0	0	0	0	0	0	0	0	0	80	0	0	0	0	0	0	0	0	0	0	0	0	0	0	0	0	0	0	0	0	0	0	0	0	0	328	0	0	0	0	0	0	0	0	0	0	0	0	0	0	0	0	0	0	0	0	0
OTU577	0	0	0	0	0	0	0	0	0	0	0	0	0	0	0	0	0	0	0	0	0	0	0	0	0	0	0	0	0	0	0	0	0	0	0	0	0	0	0	0	0	0	0	0	0	0	0	0	53	0	0	0	0	0	0	0	0	0	0	0	0	0	0	0	0	0	0	0	0	0	0	0	0	0	0	0	0	0	0	0	0	0	0	0	0	0	0	0	0	0	0	0	0	0	0	0	0	0	0	0	0	0	0	0	0	0	4	3	1	71	2	16	9	0	0	0	214	0	0	0	0	0	0	0	0	0	0	0	0	0	0	0	0	0	0	0	0	0	0	0	0	0	28
OTU578	0	0	0	0	0	0	0	0	1	0	2	6	46	3	0	0	0	0	10	3	0	0	3	0	0	0	0	3	0	16	5	4	3	52	3	0	19	0	0	0	0	15	3	0	0	3	0	0	0	0	0	0	0	0	0	0	0	0	0	0	9	0	12	0	0	0	0	0	0	0	23	0	0	0	0	0	0	0	0	0	0	4	0	1	0	46	7	0	0	0	0	0	0	4	0	5	0	0	0	32	0	1	0	0	241	0	1	0	0	0	0	0	0	0	0	0	0	0	0	0	0	1	0	1	2	2	4	17	50	0	25	0	0	32	0	1	41	0	0	0	0	0	0
OTU579	0	0	0	0	0	0	0	0	0	0	0	90	1	0	0	0	0	0	0	0	0	0	1	0	0	0	0	164	0	0	0	2	0	0	0	0	1	0	4	21	3	7	6	1	0	0	0	0	2	2	0	0	0	3	0	0	3	0	0	0	4	0	2	0	0	0	4	0	0	0	3	0	0	0	0	0	0	2	0	0	0	3	0	5	0	6	12	0	0	0	0	1	0	9	0	1	0	0	0	0	0	0	0	0	0	0	0	0	0	1	1	0	2	3	0	0	0	0	7	0	0	0	3	6	1	2	9	39	90	0	0	27	0	6	28	0	3	0	0	0	0	5	5
OTU580	0	0	0	0	0	0	0	0	0	0	0	0	0	0	0	0	0	0	0	0	0	0	0	0	0	0	0	0	0	0	0	0	0	0	0	0	0	0	3	0	0	0	0	0	0	0	0	0	0	0	0	0	0	0	0	0	0	0	0	0	0	0	0	0	0	0	0	0	0	0	0	0	0	0	0	0	0	0	0	0	0	0	13	0	0	0	5	0	0	0	0	0	0	0	0	0	0	0	0	0	0	0	0	0	23	0	0	0	0	0	0	0	0	0	0	0	0	0	0	0	0	0	0	0	0	0	0	0	0	0	0	25	0	0	404	0	0	0	0	0	0	0	0
OTU581	0	0	0	0	0	0	0	0	0	0	0	0	0	0	0	0	0	0	0	0	0	0	0	0	0	0	0	0	0	0	0	0	0	0	0	0	0	0	0	0	0	0	0	0	0	0	0	0	0	0	0	0	0	0	0	0	0	0	0	0	0	0	0	0	0	0	0	0	0	0	0	0	0	0	0	0	0	0	0	0	0	0	0	0	0	0	0	371	0	0	0	0	0	0	0	0	0	0	0	0	0	0	0	0	0	0	0	0	0	0	0	0	0	0	0	0	0	0	0	0	0	0	0	0	0	0	0	0	0	0	0	0	0	0	0	0	0	0	0	0	0	0	0
OTU582	0	0	0	0	0	0	0	0	0	12	13	0	0	0	8	10	5	1	0	5	0	2	0	10	1	0	0	2	0	1	0	53	3	0	5	9	1	0	4	0	11	0	21	5	0	0	0	0	19	2	1	1	12	18	15	14	42	1	0	0	5	0	0	0	3	20	24	0	21	0	0	0	5	0	0	24	18	4	0	0	1	0	0	4	5	0	7	3	0	0	5	1	29	23	0	1	15	8	10	0	3	0	40	19	0	4	8	8	0	22	3	5	2	4	4	4	48	0	10	7	2	0	0	6	0	1	0	0	0	0	11	1	5	7	6	0	0	13	7	0	0	28	19
OTU583	0	0	0	0	0	0	0	0	0	0	0	0	0	0	0	0	0	0	0	0	0	0	0	0	0	0	0	0	0	0	0	0	13	0	5	50	5	0	0	0	0	0	0	0	0	0	0	0	0	0	0	0	0	0	0	0	0	0	0	0	1	0	0	0	0	0	119	0	0	0	0	0	0	0	0	0	0	0	0	0	0	0	0	0	0	0	0	0	0	0	0	0	223	0	0	0	0	0	0	0	4	0	3	0	0	0	6	24	2	0	0	0	0	0	0	0	0	0	0	0	0	0	0	0	0	0	0	0	0	0	0	0	0	0	0	0	0	0	0	0	0	0	0
OTU584	0	0	0	0	0	0	0	0	0	0	0	0	0	0	0	0	0	0	0	0	0	0	0	0	0	0	0	0	0	0	0	0	0	0	0	0	0	0	0	0	0	0	0	0	0	0	0	5	0	0	0	310	0	0	0	0	0	0	0	0	0	0	0	0	0	0	0	0	0	0	0	0	0	0	0	0	0	0	0	0	0	0	0	0	0	0	0	0	0	0	0	0	0	0	0	0	0	0	0	0	0	0	0	0	0	0	0	0	0	0	0	0	0	0	0	0	0	0	0	0	0	0	0	0	0	0	0	0	0	0	0	0	0	0	0	0	0	0	0	0	0	0	0
OTU585	0	0	0	0	0	0	0	0	0	0	0	0	12	0	0	0	0	0	118	0	0	0	0	0	0	0	0	21	0	4	3	0	0	3	6	0	0	0	0	0	0	98	0	0	0	11	0	0	0	0	0	0	0	0	0	0	0	0	0	0	1	0	68	0	0	0	0	0	0	0	2	0	0	0	1	0	0	0	0	2	0	0	0	0	0	0	0	0	0	0	0	0	0	0	0	0	0	0	0	1	0	0	0	0	29	0	0	0	0	3	0	0	6	0	0	0	0	0	0	1	0	2	0	0	0	0	1	21	0	0	0	0	0	3	0	2	0	0	0	0	8	0	0
OTU586	0	0	0	0	0	0	0	0	0	0	1	0	5	3	0	8	0	8	0	0	4	0	6	4	2	0	0	1	0	0	1	4	1	1	5	3	34	1	14	27	3	3	18	5	0	2	4	3	2	4	0	2	1	18	0	0	2	0	0	0	14	0	0	4	0	0	2	0	0	0	8	0	0	0	0	0	0	13	0	3	0	0	2	7	0	19	20	4	0	0	0	1	0	3	1	3	2	0	0	2	0	0	2	0	9	3	0	0	2	9	9	1	1	15	1	0	7	7	3	0	0	6	4	0	0	0	11	8	4	0	10	1	0	4	1	0	1	0	0	2	8	37	6
OTU587	0	0	0	0	0	0	0	0	0	5	0	0	0	0	0	0	0	5	0	59	0	0	0	0	0	0	0	0	0	195	0	0	0	0	0	0	0	0	0	0	0	0	6	0	0	0	6	0	0	483	184	0	0	23	0	0	0	0	0	0	0	4	0	0	0	0	0	0	0	0	0	0	0	0	0	0	0	0	0	0	0	0	0	0	0	0	0	0	0	0	0	0	0	4	0	0	0	0	0	0	0	0	0	2	0	0	0	0	20	0	0	0	0	0	0	0	0	0	0	0	0	0	0	0	0	0	0	0	0	0	0	0	12	0	0	0	0	0	0	0	0	0	1
OTU588	0	0	0	0	0	0	0	0	0	0	27	0	0	0	0	1	2	0	0	2	0	0	12	24	0	0	0	0	0	3	0	5	0	0	3	1	4	0	12	2	164	0	32	3	0	0	0	0	5	7	0	0	0	24	0	0	1	0	0	0	0	0	0	0	0	0	0	0	0	0	0	0	0	0	0	0	0	0	0	0	0	0	0	28	0	2	20	4	0	0	0	0	0	1	0	3	0	0	0	0	0	0	0	0	0	0	0	0	0	1	0	1	0	30	0	0	0	0	14	0	0	1	4	0	0	0	3	1	0	0	14	7	0	0	0	0	0	0	0	0	0	2	0
OTU589	0	0	0	0	0	0	0	0	7	44	223	11	68	4	11	2	174	3	8	8	3	9	18	83	1	50	14	31	4	26	53	36	13	11	25	26	41	0	217	71	41	25	21	6	7	46	0	0	4	29	0	3	0	25	11	2	44	1	0	0	17	0	3	16	3	2	102	0	6	0	1	4	3	5	8	3	15	3	0	55	0	14	0	44	0	45	18	27	0	0	1	11	43	6	0	152	41	6	3	6	11	3	6	0	13	2	7	6	2	5	37	11	30	236	9	5	3	0	420	1	0	10	2	4	6	11	46	9	21	6	7	15	20	11	8	11	3	24	9	0	1	3	3
OTU590	0	0	0	0	0	0	0	0	0	0	52	0	0	0	0	0	27	0	0	1	0	0	0	39	0	6	0	0	0	2	1	29	0	0	0	0	3	0	73	1	0	0	2	3	0	13	0	0	0	16	0	0	0	15	2	2	0	0	0	0	0	0	0	0	1	0	0	0	0	0	0	0	0	0	0	0	0	0	0	0	0	8	0	1	0	2	96	0	0	0	0	0	0	0	0	34	0	1	0	0	0	0	0	0	0	0	0	0	0	3	0	5	0	3	0	0	6	0	20	0	0	0	1	0	0	0	0	0	0	0	3	0	1	4	0	0	0	0	0	0	0	0	0
OTU591	0	0	0	0	0	0	0	0	0	0	0	1	2	3	0	0	0	0	3	4	0	0	9	0	0	0	0	7	0	0	0	1	0	2	0	2	0	0	0	0	1	3	1	0	0	0	0	0	0	0	0	0	0	0	1	0	0	0	0	0	0	5	0	0	0	0	0	0	1	0	0	0	0	0	0	0	0	0	0	0	0	0	0	0	0	0	0	0	0	0	0	0	0	62	0	1	0	0	0	0	0	0	0	0	0	1	0	0	5	0	0	0	1	0	1	0	0	0	0	0	0	0	0	0	0	0	0	1	1	0	0	0	1	5	0	4	2	2	0	636	0	0	0
OTU592	0	0	0	0	0	0	0	0	0	0	19	19	50	2	0	0	1	0	24	0	0	0	3	11	0	0	0	436	0	6	101	3	3	4	45	10	98	0	10	0	0	20	0	0	0	5	0	0	0	5	0	0	0	13	0	0	0	0	0	0	9	0	9	0	0	0	0	0	0	0	67	0	0	0	0	0	0	0	0	8	0	7	1	0	0	158	32	3	0	0	0	76	0	5	0	87	0	0	0	157	0	1	0	0	7	0	0	0	0	0	0	3	14	33	0	0	0	252	15	0	0	11	0	0	0	0	0	2	3	0	4	0	0	5	0	9	236	0	0	0	0	0	0
OTU593	0	0	0	0	0	0	0	0	1	3	0	0	0	0	20	0	0	0	0	2	7	17	0	0	3	0	0	0	0	0	0	0	17	2	6	70	6	3	0	0	0	0	0	0	2	0	0	0	0	0	0	4	31	0	0	4	0	0	0	2	0	0	0	0	0	3	10	25	14	0	0	2	0	0	17	5	2	0	3	0	0	0	0	2	15	1	0	1	0	10	0	0	4	0	0	0	18	2	0	0	1	0	26	0	0	0	3	7	0	0	0	0	0	0	12	7	0	0	0	51	14	0	0	0	0	0	0	0	0	0	0	0	0	0	0	0	0	32	0	0	0	0	0
OTU594	0	0	0	0	0	0	0	0	2	1	0	3	2	5	12	16	2	0	4	2	1	5	0	2	0	9	20	0	2	6	0	9	2	0	3	11	2	0	3	31	9	0	4	1	19	0	4	3	1	27	5	0	1	2	4	0	0	0	0	0	10	0	0	0	5	2	0	2	7	0	2	1	0	4	7	5	1	10	0	0	13	0	0	0	2	1	3	2	2	1	55	0	11	11	1	0	4	0	1	0	1	0	2	0	0	0	0	0	0	1	0	0	0	26	16	10	0	0	1	3	1	0	0	4	1	2	0	0	0	1	0	0	0	0	0	0	2	37	4	6	0	0	0
OTU595	0	0	0	0	0	0	0	0	19	5	2	1	8	1	40	0	6	3	7	3	3	2	1	15	1	0	14	8	36	10	10	4	12	3	99	10	8	6	3	8	0	2	6	5	47	6	11	5	0	20	6	19	12	25	24	7	3	0	0	12	8	2	0	4	0	0	4	6	4	0	5	19	1	2	11	35	0	40	10	4	3	0	2	2	10	4	0	0	8	13	1	4	65	3	3	1	10	7	7	0	10	1	10	60	7	14	19	9	161	1	1	4	9	45	30	13	6	0	4	14	13	9	0	17	8	8	1	1	1	4	0	46	2	15	0	0	0	116	0	4	0	5	0
OTU596	0	0	0	0	0	0	0	0	0	0	1	0	0	0	0	0	0	0	0	0	0	1	2	0	0	0	0	318	0	0	0	0	1	2	6	8	102	0	1	0	0	0	0	0	0	0	0	0	0	0	0	0	0	0	20	0	0	0	0	0	4	0	0	0	0	0	0	0	5	0	22	0	122	0	0	0	4	0	0	0	0	1	0	0	0	0	1	4	0	0	0	0	0	0	0	0	0	0	0	0	0	16	0	0	0	0	0	0	0	0	0	1	0	0	0	0	0	0	15	2	0	1	0	8	1	1	1	3	9	0	9	0	0	0	0	0	0	0	0	0	6	0	0
OTU597	0	0	0	0	0	0	0	0	0	0	1	0	0	0	0	0	0	0	0	0	0	0	0	0	0	0	0	9	0	2	0	0	0	0	5	0	0	0	0	0	0	0	1	0	0	0	0	0	0	0	0	0	0	0	0	0	0	0	0	0	0	0	0	0	0	0	0	0	0	0	0	0	0	0	0	0	0	0	0	0	0	0	0	0	0	0	0	0	0	0	0	7	0	0	0	1	0	0	0	0	0	0	0	0	4	0	12	4	1	2	0	46	283	0	0	0	0	0	0	0	0	0	0	0	0	0	0	0	0	0	0	0	0	3	0	0	0	0	0	0	0	0	0
OTU598	0	0	0	0	0	0	0	0	2	0	3	35	3	0	0	0	0	0	16	0	0	0	0	1	0	0	0	16	0	0	10	0	0	2	14	0	4	0	0	2	0	19	0	0	0	2	0	0	5	0	0	0	0	0	0	0	0	0	0	0	1	0	18	0	0	0	12	0	0	0	11	0	0	0	0	0	0	0	0	4	0	2	7	6	0	1	0	0	0	0	0	0	0	0	0	7	0	0	0	0	0	0	0	0	1	0	0	0	0	0	25	0	4	3	0	0	4	6	1	0	0	1	7	0	1	0	3	2	7	0	0	0	8	0	0	2	164	0	0	0	6	1	5
OTU599	0	0	0	0	0	0	0	0	0	0	0	0	0	3	0	0	0	0	0	0	0	5	0	0	0	0	0	0	0	0	0	0	0	0	0	0	0	0	0	0	25	0	0	0	0	0	0	0	0	0	0	0	0	0	0	0	0	0	0	0	0	0	0	0	0	0	0	0	0	0	0	0	0	0	10	0	0	0	0	0	0	0	0	0	0	0	0	0	0	0	0	0	40	0	0	0	0	0	510	0	0	0	0	0	0	0	0	0	0	0	0	0	0	0	0	0	0	0	0	0	0	0	0	0	0	0	0	0	0	2	0	0	0	0	0	0	0	0	5	0	0	0	0
OTU600	0	0	0	0	0	0	0	0	0	0	0	0	0	0	0	0	0	0	0	0	0	0	0	323	0	0	0	0	0	0	0	0	0	0	0	0	0	0	0	0	0	0	0	0	0	0	0	0	0	0	0	0	0	0	0	0	0	0	0	0	0	0	0	0	0	0	0	0	0	0	0	0	0	0	0	0	0	0	0	0	0	0	0	0	0	0	0	0	0	0	0	0	0	0	0	0	0	0	0	0	0	0	0	0	0	0	0	0	0	0	0	0	0	0	0	0	0	0	0	0	0	0	0	0	0	0	0	0	0	0	0	0	0	0	0	0	0	0	0	0	0	0	0
OTU601	0	0	0	0	0	0	0	0	0	0	0	0	0	0	0	0	0	0	0	0	0	0	0	0	0	0	0	0	0	0	0	0	0	0	0	0	0	0	0	0	0	0	0	0	0	0	362	0	0	0	0	0	0	0	0	0	0	0	0	0	0	0	0	0	0	0	0	0	0	0	0	0	0	0	0	0	0	0	0	0	0	0	0	0	0	0	0	0	0	0	0	0	0	0	0	0	0	0	0	0	0	0	0	0	0	0	0	0	0	0	0	0	0	0	0	0	0	0	0	0	0	0	0	0	0	0	0	0	0	0	0	0	0	0	0	0	0	0	0	0	0	0	0
OTU602	0	0	0	0	0	0	0	0	1	51	0	2	1	8	0	0	0	23	2	208	5	14	0	0	0	0	2	0	1	0	0	12	8	0	3	5	9	33	0	0	0	0	1	11	0	0	3	31	0	0	0	0	0	0	0	1	0	7	0	0	20	0	0	0	23	7	0	6	36	0	22	5	0	6	0	20	19	219	11	0	18	0	0	4	8	0	0	0	4	5	95	0	2	0	0	0	12	1	26	0	11	0	1	180	0	0	9	3	35	0	0	0	0	2	0	3	13	0	0	124	10	1	0	4	5	25	0	0	0	18	0	0	32	0	0	0	0	0	0	43	0	5	0
OTU603	0	0	0	0	0	0	0	0	314	0	0	6	4	40	26	0	0	0	0	0	0	0	0	0	0	0	0	0	0	0	0	0	0	0	0	0	0	0	0	0	0	0	0	0	0	0	0	0	0	0	0	0	0	0	0	0	0	0	0	0	0	0	0	0	0	0	0	0	0	0	1	0	0	0	0	0	0	0	0	0	11	0	0	0	0	0	0	0	0	0	0	0	0	0	0	0	0	0	0	0	0	0	0	0	0	0	0	0	0	0	0	0	0	0	16	9	0	0	0	0	0	0	0	0	0	0	0	0	0	0	0	0	0	0	0	0	0	48	0	0	0	0	0
OTU604	0	0	0	0	0	0	0	0	1	1	12	2	12	12	0	0	2	0	4	7	3	10	1	4	0	0	6	35	3	11	1	8	5	75	16	10	24	0	2	2	0	2	0	0	3	32	1	0	2	2	1	2	3	5	2	1	0	10	0	0	0	0	1	2	16	4	0	0	2	0	3	0	2	2	3	1	1	0	0	6	0	25	0	1	3	83	17	0	0	4	0	13	1	0	0	9	1	2	1	16	5	22	0	0	112	0	1	1	0	0	0	1	9	4	0	0	1	0	11	4	9	0	0	2	1	1	7	35	2	0	4	0	2	22	2	3	23	0	0	0	1	0	0
OTU605	0	0	0	0	0	0	0	0	0	2	0	0	0	0	0	0	0	0	0	35	0	0	0	0	0	0	0	0	0	76	0	0	0	0	0	0	0	0	0	0	0	0	12	1	0	0	0	0	0	138	0	0	0	0	0	0	0	0	0	0	0	0	0	0	0	0	0	0	0	0	0	0	0	0	0	0	0	0	0	0	0	0	0	0	0	0	0	0	0	0	0	0	0	0	0	0	0	0	84	0	0	0	0	0	0	0	0	0	0	0	0	0	0	0	0	0	0	0	0	0	0	0	0	0	0	0	0	0	0	0	0	0	0	0	0	0	0	0	0	0	0	0	0
OTU606	0	0	0	0	0	0	0	0	0	0	0	0	0	0	0	0	0	0	0	0	0	0	0	0	0	0	0	0	0	0	0	0	0	0	0	0	0	0	0	0	0	0	0	0	0	0	0	0	0	0	0	0	0	0	0	0	0	0	0	0	0	0	0	0	0	0	0	0	0	0	0	0	0	0	0	0	0	0	0	0	0	0	0	0	0	0	0	0	0	0	0	0	0	0	0	0	0	0	0	0	0	0	0	0	0	0	0	0	0	0	0	0	0	0	0	0	0	0	0	0	0	0	0	0	0	0	0	0	0	0	0	289	0	0	0	0	0	0	0	0	0	0	0
OTU607	0	0	0	0	0	0	0	0	0	0	19	7	10	0	0	0	0	0	20	0	0	0	46	0	0	0	0	385	0	0	0	0	0	4	0	0	1	0	0	1	0	18	0	0	0	0	0	0	26	0	0	0	0	0	0	0	0	0	0	0	6	0	10	0	0	0	0	0	0	0	5	0	0	0	0	0	0	0	0	0	0	0	35	2	0	0	3	0	0	0	0	0	0	32	0	6	0	0	0	8	0	0	0	0	25	0	1	4	0	22	4	2	1	0	0	0	0	3	5	0	0	0	1	6	4	2	16	49	109	0	45	12	0	0	25	57	0	0	0	0	0	0	17
OTU608	0	0	0	0	0	0	0	0	2	0	0	0	0	3	0	0	0	0	0	0	0	0	0	0	0	214	0	0	0	0	0	0	0	0	0	0	0	0	0	0	1	0	6	74	0	0	0	1	0	0	5	2	2	0	0	0	0	0	0	2	0	0	0	0	0	0	13	0	0	0	0	0	0	0	0	0	0	0	1	0	2	0	0	0	0	0	0	0	0	0	0	0	0	5	0	0	0	0	0	0	0	0	0	0	0	7	5	0	0	4	0	0	0	2	2	4	0	0	0	0	0	0	0	0	1	0	0	0	0	1	0	1	0	0	0	0	0	8	0	2	0	0	1
OTU609	0	0	0	0	0	0	0	0	1	2	1	0	3	18	7	0	52	4	0	1	0	2	0	1	1	0	4	0	1	0	0	19	5	3	20	78	10	0	33	0	4	0	15	94	4	0	13	0	4	0	2	1	1	14	0	7	1	2	0	0	1	0	0	0	10	0	53	0	10	0	0	1	0	0	0	5	5	25	0	0	0	0	0	1	0	4	0	0	0	0	0	1	0	20	0	0	3	0	0	0	2	0	0	5	0	0	1	0	1	2	0	21	7	0	1	4	7	0	11	0	0	0	0	1	3	0	0	0	0	0	0	5	1	0	125	0	0	6	0	4	0	5	2
OTU610	0	0	0	0	0	0	0	0	0	0	0	0	0	0	0	0	0	0	0	0	0	0	0	0	0	0	0	0	0	0	0	0	0	0	0	0	0	0	0	0	0	0	0	0	0	0	0	0	0	0	0	0	0	17	2	0	0	0	0	0	0	0	0	0	0	0	0	1	0	0	0	0	0	0	0	0	0	0	0	0	0	0	0	0	0	0	0	0	0	0	0	0	0	0	0	0	0	0	0	0	0	0	3	0	0	0	22	11	3	16	0	146	22	0	0	0	0	0	0	0	0	0	0	0	0	0	0	0	0	0	0	0	0	0	0	0	0	0	0	0	0	0	0
OTU611	0	0	0	0	0	0	0	0	0	2	26	0	0	0	0	0	12	0	0	13	0	0	0	0	0	0	0	5	0	29	0	53	9	1	2	0	0	0	0	0	0	0	7	3	0	0	0	0	0	68	0	0	0	7	0	0	5	0	0	0	0	0	0	0	0	0	0	0	0	0	0	0	0	0	0	0	0	0	0	1	0	2	0	3	0	0	90	0	0	0	0	7	0	0	0	10	0	0	0	0	0	0	0	0	0	0	0	0	0	0	0	0	0	0	0	0	0	0	39	0	0	0	0	0	0	0	0	0	0	0	0	0	2	0	0	0	0	0	0	0	0	0	0
OTU612	0	0	0	0	0	0	0	0	2	0	0	10	2	5	0	0	0	3	0	0	8	7	0	0	0	0	19	0	19	0	19	0	10	3	25	10	2	23	0	0	2	0	5	75	17	0	0	5	2	0	33	17	10	0	8	7	14	0	0	33	5	1	0	0	0	0	21	3	1	0	4	5	0	2	8	1	4	2	24	0	4	0	19	0	4	0	0	1	90	2	1	0	29	12	26	0	4	5	7	0	1	0	1	41	0	17	6	5	15	8	0	3	1	0	0	0	0	0	1	16	1	0	1	3	4	9	0	0	0	2	0	12	2	0	49	0	0	3	1	7	0	0	1
OTU613	0	0	0	0	0	0	0	0	8	0	0	0	1	5	0	0	0	3	4	0	29	12	0	0	6	0	101	3	2	0	0	0	32	1	13	116	5	30	0	0	0	0	0	1	0	0	0	2	13	0	54	0	42	0	0	1	0	1	0	17	1	0	0	0	9	2	0	5	6	0	0	14	2	0	14	3	0	0	31	0	3	0	0	0	4	2	0	0	0	7	0	0	39	0	41	0	2	0	0	0	2	0	1	40	0	5	7	7	9	6	3	1	1	0	0	0	0	0	1	63	5	0	0	1	13	1	0	0	0	2	2	0	0	0	0	0	0	3	0	0	0	0	7
OTU614	0	0	0	0	0	0	0	0	0	0	0	0	0	0	0	0	0	0	0	0	0	0	0	0	0	0	0	0	0	0	0	0	0	0	0	0	0	0	0	0	0	0	0	0	0	0	0	0	0	0	0	0	0	0	0	0	0	0	0	0	0	0	0	0	0	0	0	0	0	0	0	0	65	0	0	2	0	0	0	0	0	0	0	0	0	0	0	0	0	0	0	0	0	0	0	0	0	0	0	0	0	0	0	0	0	0	0	0	277	0	0	0	0	0	0	0	0	0	0	0	0	0	0	0	0	0	0	0	0	0	0	0	0	0	0	0	0	0	0	0	0	0	0
OTU615	0	0	0	0	0	0	0	0	0	0	3	0	0	0	0	0	0	0	0	4	0	0	0	0	0	0	0	0	0	0	0	0	0	0	0	0	0	0	0	0	0	0	0	0	0	0	0	0	0	0	0	0	1	17250	0	0	0	0	0	0	0	0	0	0	1	0	0	0	0	0	0	0	0	0	0	0	0	0	0	1	0	0	0	0	0	0	0	0	0	0	0	0	0	5	0	1	0	0	0	0	0	4	0	0	7	0	0	0	0	1	67	0	0	0	0	0	0	0	79	0	0	583	0	0	0	0	0	0	0	0	0	0	2	0	0	0	0	0	0	0	0	0	0
OTU616	0	0	0	0	0	0	0	0	1	0	0	4	6	1	0	26	0	26	11	1	61	11	12	1	4	6	0	5	3	2	8	0	17	9	36	45	482	16	0	9	1	13	2	0	0	59	0	0	0	0	0	0	60	0	1	0	63	0	0	0	4	1	2	0	0	0	6	1	2	0	9	1	2	0	0	0	0	0	1	0	1	25	0	4	0	133	1	0	30	0	1	29	0	8	0	108	0	0	0	142	0	2	0	49	76	0	16	4	34	0	0	5	11	1	0	0	10	101	0	0	0	16	4	11	5	5	65	41	65	2	22	56	0	6	0	3	304	0	1	0	3	32	0
OTU617	0	0	0	0	0	0	0	0	0	0	0	0	1	0	0	0	0	0	7	0	0	0	0	0	0	0	4	112	0	0	0	0	0	0	0	0	0	0	0	0	0	3	0	0	0	0	0	0	0	0	0	0	0	0	0	0	0	0	0	0	0	0	2	0	0	0	0	0	0	0	0	0	0	0	33	0	4	0	0	15	0	0	0	0	0	0	0	0	0	0	0	0	0	0	0	0	0	0	0	0	0	0	0	0	0	0	0	0	0	0	0	0	0	0	0	0	0	0	0	0	0	0	0	0	2	1	2	122	6	0	0	0	0	0	0	0	0	0	0	0	0	0	0
OTU618	0	0	0	0	0	0	0	0	9	1	0	14	6	5	6	0	0	0	1	3	3	6	0	0	0	0	0	0	16	0	0	0	116	4	24	117	7	0	0	0	9	0	0	0	17	0	0	0	3	0	0	0	0	0	26	1	2	0	0	0	6	0	0	0	0	2	0	2	8	0	1	4	0	9	9	0	1	0	0	0	3	0	0	3	8	0	0	0	0	10	0	0	0	0	0	0	13	17	11	0	64	0	1	0	0	0	3	6	126	2	0	1	0	0	12	6	0	0	0	0	20	0	0	0	4	12	0	0	0	4	0	150	11	0	28	0	0	24	0	0	0	0	0
OTU619	0	0	0	0	0	0	0	0	0	0	0	0	0	0	0	0	0	0	0	0	0	0	0	0	0	0	0	0	0	0	0	0	0	0	0	0	0	0	0	0	0	0	0	0	0	178	0	0	0	0	0	0	0	0	0	0	0	0	0	0	0	0	0	0	0	0	0	0	0	0	0	0	0	0	0	0	0	0	0	0	0	220	0	0	0	0	0	0	0	0	0	0	0	0	0	0	0	0	0	0	0	0	0	0	0	0	0	0	0	0	0	0	0	0	0	0	0	0	0	0	0	0	0	0	0	0	0	0	0	0	0	0	0	149	0	0	0	0	0	0	0	0	0
OTU620	0	0	0	0	0	0	0	0	0	0	0	0	0	0	0	0	0	0	12	0	155	9	0	0	0	0	0	0	0	0	0	0	0	0	0	0	0	0	0	0	0	0	0	0	0	0	0	0	0	0	0	0	0	0	0	0	0	0	0	0	3	0	0	0	0	0	0	0	0	0	0	0	0	0	0	0	0	0	0	0	1	0	0	0	0	0	0	0	0	0	0	0	0	0	186	0	0	0	0	0	0	0	0	0	0	1	131	34	5	0	0	0	0	0	0	0	0	0	0	0	0	0	0	0	0	0	0	0	0	0	0	0	0	0	0	0	0	0	0	0	0	0	0
OTU621	0	0	0	0	0	0	0	0	0	17	0	0	0	0	3	0	0	26	0	80	0	0	0	0	0	0	0	0	0	0	0	0	11	0	4	4	4	10	0	0	0	0	0	0	0	0	0	0	0	0	0	0	19	0	0	3	0	4	0	0	0	4	0	0	0	0	0	0	0	0	0	0	2	3	0	14	0	52	2	0	0	0	0	5	1	0	0	0	0	1	0	0	0	0	0	0	0	10	0	0	0	0	0	5	0	0	0	0	64	0	0	0	0	0	1	3	0	0	0	0	2	0	0	4	0	1	0	0	0	10	0	0	18	0	0	0	0	0	0	0	0	0	0
OTU622	0	0	0	0	0	0	0	0	0	0	24	0	0	0	0	0	0	0	0	0	0	0	0	0	0	0	0	0	0	0	0	0	0	0	0	0	0	0	165	0	0	0	0	0	0	0	0	0	0	0	0	0	0	26	0	0	0	0	0	0	1	0	0	0	0	0	0	0	0	0	29	0	0	0	0	0	0	0	0	0	0	0	0	0	0	0	40	0	0	0	0	0	0	0	0	0	0	0	0	0	0	0	0	0	0	0	0	0	0	0	0	0	0	0	0	0	0	0	0	0	0	0	0	0	0	0	0	0	0	0	0	0	0	0	0	0	0	0	0	0	0	0	0
OTU623	0	0	0	0	0	0	0	0	0	1	0	0	0	0	0	0	3	0	0	0	0	0	0	0	0	4	0	0	0	2	0	1	0	0	0	0	0	0	0	0	2	0	0	0	0	0	0	0	0	3	0	0	0	0	0	0	0	0	0	0	0	0	0	0	1	0	0	0	0	0	0	0	0	0	0	0	0	0	0	0	0	0	0	0	0	0	0	0	0	0	0	0	0	187	0	0	0	0	0	0	0	0	0	0	0	0	0	0	0	0	1	3	1	0	0	0	2	0	0	0	0	0	0	0	0	0	0	0	0	0	0	0	0	0	2	0	0	0	0	0	0	59	0
OTU624	0	0	0	0	0	0	0	0	0	7	0	0	0	0	0	0	0	0	0	1	6	3	0	0	0	0	19	0	3	0	0	0	2	0	0	2	0	1	0	0	0	0	0	0	2	0	0	0	7	0	4	3	11	0	25	2	1	0	0	0	0	0	0	0	0	0	0	6	0	0	2	12	9	0	1	14	0	0	0	0	0	0	2	0	0	0	0	0	0	1	0	0	0	1	0	0	10	0	0	0	5	0	1	1	0	0	3	14	0	7	294	10	7	0	0	2	0	0	0	1	5	0	1	56	2	1	0	0	0	0	0	2	5	0	5	0	0	2	75	0	0	0	3
OTU625	0	0	0	0	0	0	0	0	0	0	0	2	0	3	0	0	0	7	0	0	5	0	0	0	0	0	13	0	0	0	0	0	0	0	0	0	0	0	0	0	0	0	0	0	0	0	0	0	0	0	1	6	0	0	2	0	0	0	0	0	0	4	0	0	1	0	0	1	0	0	0	0	0	0	0	0	0	171	4	0	8	0	0	0	4	0	0	0	0	1	0	0	0	0	37	0	0	0	0	0	0	0	0	0	0	0	0	1	9	0	0	0	0	0	0	6	0	0	0	0	2	0	0	1	3	0	0	0	0	9	0	0	0	0	2	0	0	3	3	16	0	0	0
OTU626	0	0	0	0	0	0	0	0	25	86	0	10	4	78	306	0	0	3	6	17	63	81	0	0	246	8	396	0	5	0	0	0	17	0	2	8	11	40	0	0	79	0	1	19	4	0	0	7	0	0	0	7	73	0	0	23	11	33	0	36	31	38	0	82	93	63	0	13	37	0	9	5	18	28	90	39	47	0	2	0	40	0	0	11	40	0	0	0	51	63	49	0	39	4	20	0	16	19	44	0	21	0	91	34	0	98	24	30	117	0	0	28	9	0	268	112	0	0	1	225	51	0	0	98	8	15	0	0	0	31	0	43	69	0	0	0	0	533	4	0	0	1	0
OTU627	0	0	0	0	0	0	0	0	0	1	0	0	6	19	0	3	14	0	3	3	0	1	0	0	0	0	0	425	5	9	129	2	13	8	112	65	9	0	0	75	0	6	5	0	13	16	0	0	0	14	0	0	0	9	15	0	0	0	0	0	1	0	3	0	0	0	0	0	0	0	2	4	14	8	9	0	0	0	0	23	1	30	0	1	0	43	0	2	0	0	0	37	1	3	0	27	0	11	4	52	0	153	0	0	20	0	0	1	0	0	0	8	45	219	0	0	18	259	0	1	0	3	0	25	32	40	34	168	331	0	1	1	2	57	0	1	53	0	0	0	41	0	0
OTU628	0	0	0	0	0	0	0	0	0	0	0	0	1	0	0	0	0	0	0	1	0	0	0	0	0	38	0	0	0	0	0	0	0	0	14	0	3	0	0	0	0	0	0	0	0	0	0	0	0	0	0	1	0	0	0	0	0	0	0	0	0	0	0	0	0	0	11	0	0	0	0	0	0	0	0	0	0	0	1	19	0	0	0	0	0	0	0	0	0	0	0	0	0	0	0	7	0	0	0	0	0	0	0	13	0	0	2	0	0	0	0	0	0	1045	0	0	12	0	0	0	0	0	0	0	0	0	0	0	0	0	0	0	0	0	0	0	0	0	0	6	0	0	0
OTU629	0	0	0	0	0	0	0	0	0	0	1	1	10	0	0	0	0	0	7	0	0	0	0	0	0	0	0	21	0	0	5	0	0	0	0	0	0	0	0	0	0	11	0	0	0	154	0	0	0	0	0	0	0	0	0	0	0	0	0	0	2	0	2	0	0	0	0	0	0	0	2	0	0	0	0	0	0	0	0	0	0	9	0	0	0	0	0	0	0	0	0	2	0	0	0	3	0	0	0	0	0	0	0	0	21	0	0	0	0	0	0	5	4	0	0	0	0	0	0	0	0	0	3	1	0	3	16	10	16	0	0	0	0	0	0	14	0	0	0	0	12	0	0
OTU630	0	0	0	0	0	0	0	0	0	0	1	0	0	0	1	0	0	1	0	1	0	0	0	0	0	0	0	0	3	0	0	0	0	0	1	2	2	6	0	0	0	0	23	153	0	0	0	4	0	0	3077	0	0	0	0	0	4	5	0	0	0	0	0	0	0	0	0	0	0	0	0	0	0	0	0	0	0	0	7	0	3	0	0	0	0	0	0	0	0	0	0	0	0	0	3	0	0	0	0	0	0	0	0	1	0	0	0	0	0	0	0	0	0	0	0	1	0	0	0	0	0	0	0	4	3	0	0	0	0	0	0	0	0	0	0	0	0	0	0	0	0	0	0
OTU631	0	0	0	0	0	0	0	0	0	0	0	0	0	0	0	0	0	0	0	0	0	0	0	0	0	0	0	0	0	0	0	0	0	0	0	0	0	0	0	0	10	0	0	0	0	0	0	0	0	0	0	0	0	0	0	0	0	0	0	0	0	0	0	0	0	0	0	0	0	0	0	0	0	0	0	0	0	0	0	0	0	0	0	0	0	0	0	0	0	0	0	0	0	0	0	0	0	0	0	0	0	0	0	0	0	0	0	0	0	0	0	0	0	0	0	0	0	0	0	0	0	0	18	0	0	0	0	0	0	0	0	0	0	0	274	0	0	0	0	0	0	0	0
OTU632	0	0	0	0	0	0	0	0	0	1	0	5	6	82	0	0	0	0	14	0	42	117	0	0	2	0	37	0	0	0	0	0	20	0	3	7	0	0	0	0	7	0	0	0	0	0	0	0	3	0	0	0	0	0	0	2	0	0	0	0	0	2	0	0	0	5	1	2	20	0	0	28	8	2	35	80	0	11	0	0	0	0	0	1	0	0	0	8	0	2	1	0	101	9	0	0	8	0	3	0	7	0	0	0	0	2	7	71	5	4	0	1	1	0	0	0	0	0	0	49	1	0	0	29	0	2	0	0	0	0	0	0	0	0	0	0	0	0	9	0	0	0	3
OTU633	0	0	0	0	0	0	0	0	0	7	0	0	0	0	0	0	0	2	0	17	0	0	0	0	0	0	0	0	6	0	0	0	0	0	6	3	4	47	0	0	1	0	1	30	0	0	0	0	0	0	1	7	55	0	0	0	0	0	0	3	0	7	0	0	0	0	0	0	0	0	0	2	0	1	0	16	0	0	6	0	2	0	0	0	0	0	0	0	2	0	0	0	0	0	0	0	0	0	0	0	1	0	0	59	0	28	0	2	3	0	0	0	0	0	0	19	0	0	0	2	0	0	0	0	0	0	0	0	0	1	0	0	3	0	0	0	0	0	0	0	0	0	0
OTU634	0	0	0	0	0	0	0	0	0	0	0	0	0	0	0	0	0	0	0	0	0	0	0	0	0	0	0	0	0	0	0	0	219	5	8	0	0	0	0	0	0	0	0	0	0	0	0	0	0	0	0	0	0	0	0	0	0	0	0	0	0	0	0	0	0	0	33	0	0	0	0	0	0	0	0	0	0	0	0	0	0	0	23	0	0	0	0	0	0	0	0	0	0	0	1	0	0	0	0	0	0	0	0	0	0	0	0	0	0	0	0	0	0	0	0	0	0	0	0	0	0	0	0	0	0	0	0	0	0	0	0	0	0	0	0	0	0	0	0	0	0	0	0
OTU635	0	0	0	0	0	0	0	0	0	0	0	0	0	0	0	2	0	0	7	0	0	0	0	0	0	0	0	0	0	0	2	0	8	1	7	15	123	0	0	0	0	8	0	0	0	0	0	0	0	0	0	0	0	0	0	0	0	0	0	0	0	0	3	0	0	0	0	0	0	0	0	0	0	0	0	0	0	0	0	1	0	0	0	0	0	13	0	0	0	0	0	0	0	0	0	0	0	0	0	0	0	0	0	0	0	0	0	0	0	0	0	0	2	0	0	0	0	118	0	0	0	0	0	0	0	0	0	0	0	0	3	0	0	0	0	0	0	0	0	0	0	0	0
OTU636	0	0	0	0	0	0	0	0	0	0	6	0	0	0	0	0	66	0	0	0	0	0	20	113	0	0	0	0	0	0	0	119	0	0	0	0	0	0	4	2	0	0	3	0	0	0	0	0	0	7	0	0	0	15	0	0	4	0	0	0	0	0	0	0	1	0	0	0	0	0	1	0	0	0	0	0	0	0	0	0	0	0	0	4	0	0	4	0	0	0	0	0	0	0	0	0	0	0	0	0	0	0	0	0	0	0	0	0	0	0	0	0	1	2	0	0	2	0	5	0	0	0	1	0	0	0	0	2	4	0	0	0	0	0	0	0	3	0	0	0	0	0	0
OTU637	0	0	0	0	0	0	0	0	0	0	2	0	0	0	0	25	0	0	0	0	0	0	0	0	0	0	0	0	0	0	19	8	0	0	5	0	0	0	0	5	0	0	0	0	0	0	0	0	0	2	0	0	0	0	0	5	0	0	0	0	0	0	0	0	2	0	0	0	0	0	0	0	0	0	0	1	0	0	0	0	0	0	0	0	0	16	4	0	0	0	0	117	2	0	0	0	0	0	0	0	0	0	3	0	0	0	1	0	0	0	0	0	0	0	0	0	0	0	21	0	0	0	0	0	0	0	0	0	0	0	12	0	0	0	34	0	0	0	0	0	0	0	0
OTU638	0	0	0	0	0	0	0	0	4	0	0	4	1	15	4	0	0	71	0	0	0	0	0	0	0	77	0	0	13	0	0	0	1	0	12	14	10	86	0	0	1	0	8	68	0	0	21	2	0	0	23	167	115	0	0	0	0	19	0	0	9	3	0	0	0	0	6	0	0	0	1	0	0	0	0	0	0	0	23	0	8	0	0	0	0	0	0	0	0	0	20	0	0	0	0	0	0	0	0	0	0	0	0	18	0	105	45	5	69	0	0	0	0	0	17	67	0	0	0	0	0	0	0	10	22	0	0	0	0	1	0	0	0	0	0	0	0	14	0	0	0	0	0
OTU639	0	0	0	0	0	0	0	0	1	1	2	0	6	4	6	1	4	2	2	0	11	5	0	2	2	0	9	17	19	5	0	0	5	1	1	9	3	5	3	0	0	0	1	0	61	0	0	0	0	2	2	6	0	3	3	0	3	0	0	2	23	4	0	1	0	0	0	3	0	0	11	2	2	0	11	0	4	3	0	1	1	6	6	2	1	1	0	1	4	3	0	4	4	0	2	0	2	0	0	0	1	0	0	0	10	0	1	2	5	1	0	1	20	8	1	0	11	1	2	11	0	0	0	5	1	2	0	4	3	5	17	0	1	0	0	1	0	0	6	1	4	6	0
OTU640	0	0	0	0	0	0	0	0	0	0	61	0	0	0	0	0	5	0	0	0	0	0	0	1	0	0	0	0	0	0	0	0	2	20	1	2	4	0	0	28	0	0	0	0	0	0	0	0	0	0	0	0	0	0	0	0	0	0	0	0	0	0	0	0	0	0	0	0	0	0	0	0	0	0	0	0	0	0	0	4	0	0	0	0	0	2	0	0	0	0	0	0	0	0	0	0	0	0	0	0	0	0	0	0	0	0	0	0	0	0	0	0	0	1	0	0	141	0	0	0	0	1	0	0	0	1	0	0	0	0	0	0	0	0	0	0	0	0	0	0	22	0	0
OTU641	0	0	0	0	0	0	0	0	0	0	0	0	0	0	0	0	0	0	0	0	0	0	0	0	0	0	0	0	0	0	0	0	0	0	0	0	0	0	0	0	0	0	0	3	0	0	0	189	0	0	14	21	0	0	0	0	0	0	0	0	0	1	0	0	0	0	0	0	0	0	0	0	0	0	0	0	0	3	0	0	0	0	0	0	0	0	0	0	0	0	0	0	0	0	0	0	0	0	0	0	0	0	0	0	0	5	6	1	2	0	0	0	0	0	0	0	0	0	0	0	0	0	0	2	4	0	0	0	0	0	0	0	0	0	0	0	0	0	0	0	0	0	0
OTU642	0	0	0	0	0	0	0	0	0	0	72	0	0	0	0	0	0	0	0	0	0	0	179	117	0	0	0	0	0	0	0	0	0	0	0	1	0	0	0	0	0	0	33	0	0	0	0	0	0	7	0	0	0	79	0	0	0	0	0	0	3	0	0	0	0	0	108	0	0	0	2	0	0	0	0	0	0	0	0	0	0	0	0	1	0	0	0	0	0	0	0	0	10	0	0	0	0	0	0	0	0	0	0	0	0	0	0	0	0	0	0	0	0	0	0	0	0	0	280	0	0	0	0	0	0	0	0	0	0	0	0	0	0	0	0	0	0	0	0	0	0	0	0
OTU643	0	0	0	0	0	0	0	0	1	0	13	0	2	0	0	5	0	0	178	0	1	1	0	0	0	0	0	0	0	0	1	0	0	23	0	0	0	0	0	1	0	180	0	0	0	0	0	0	0	0	0	0	0	0	0	0	0	0	0	2	26	0	113	0	0	0	0	0	0	0	99	0	0	0	0	0	0	0	0	2	0	0	0	0	1	2	0	0	0	1	0	0	0	0	0	25	5	0	0	162	0	8	0	0	0	0	0	0	0	0	5	3	0	0	0	0	0	0	0	1	0	0	0	0	0	1	21	2	10	0	2	0	0	1	0	2	6	0	0	0	0	0	0
OTU644	0	0	0	0	0	0	0	0	0	0	0	3	0	0	0	0	0	0	2	0	2	1	0	0	0	0	0	0	40	0	0	0	41	20	295	59	85	530	0	0	0	0	0	0	0	0	0	0	56	0	0	26	0	0	0	0	0	0	0	0	6	0	0	7	0	0	3	1	0	0	2	0	5	0	0	5	0	0	1	0	27	0	0	0	0	0	0	0	0	0	0	0	0	85	8	0	0	15	32	0	0	0	3	0	0	0	14	21	0	62	1	10	18	0	0	1	0	0	0	0	0	0	0	0	0	0	0	0	0	0	0	0	0	0	102	0	0	0	0	0	0	0	36
OTU645	0	0	0	0	0	0	0	0	0	0	0	0	0	0	0	0	0	0	0	0	0	0	0	0	0	0	0	0	46	0	0	0	28	4	29	47	43	381	0	0	0	0	0	0	0	0	0	5	0	0	0	0	0	0	0	0	0	0	0	0	0	0	0	0	0	0	0	0	0	0	3	0	0	0	0	0	0	0	0	0	9	0	0	0	0	0	0	0	0	0	0	0	0	0	0	0	0	0	0	0	0	0	0	0	0	1	0	0	0	0	0	0	0	0	0	6	0	0	0	0	0	0	0	0	0	0	0	0	0	0	0	0	0	0	0	0	0	0	0	0	0	0	0
OTU646	0	0	0	0	0	0	0	0	0	0	0	0	0	0	0	0	0	0	24	0	0	0	0	0	0	0	0	0	0	0	0	0	0	0	17	2	0	0	0	0	0	15	0	0	0	152	0	0	0	0	0	0	0	0	0	0	0	0	0	0	0	0	17	0	0	0	0	0	0	0	2	0	0	0	0	0	0	0	0	0	0	0	0	0	0	3	0	0	0	0	0	0	0	0	0	0	0	0	0	0	0	0	0	0	0	0	0	0	0	0	1	1	2	0	0	0	0	2	0	0	0	0	3	0	6	7	101	1	8	0	0	0	0	0	53	3	0	0	0	0	0	0	0
OTU647	0	0	0	0	0	0	0	0	0	0	0	2	1	15	0	0	0	0	0	2	0	0	0	0	0	0	0	0	0	0	0	0	0	0	0	0	0	0	0	0	0	0	0	3	0	0	1	0	0	0	0	0	8	0	0	0	0	0	0	0	0	307	0	0	0	0	7	0	0	0	3	0	0	0	0	0	0	0	4	0	3	0	0	0	0	0	0	0	0	0	0	0	0	2	4	0	0	0	0	0	0	0	0	3	0	0	0	2	0	4	0	3	0	0	0	0	0	0	0	0	0	0	0	0	0	0	0	0	0	1	0	0	1	0	12	0	0	1	0	0	0	1	0
OTU648	0	0	0	0	0	0	0	0	6	99	3	13	1	26	23	33	14	2	5	12	48	73	13	4	71	27	37	9	31	1	0	0	65	2	11	113	46	0	0	5	61	0	0	3	70	3	2	0	31	0	0	3	63	0	27	45	24	15	0	0	52	26	0	13	0	27	51	38	61	1	8	30	45	52	95	39	9	5	0	0	13	0	17	17	73	24	2	2	1	95	2	1	56	28	0	18	270	242	239	0	164	0	8	103	0	0	27	39	25	40	25	50	8	34	11	3	4	2	0	126	76	0	28	44	57	212	2	3	11	15	47	130	45	0	21	0	123	24	277	4	0	136	27
OTU649	0	0	0	0	0	0	0	0	0	0	0	95	0	0	0	0	2	0	0	0	0	0	0	0	0	0	0	0	0	2	7	0	3	2	63	4	5	0	0	0	0	0	42	0	0	0	0	0	10	15	0	0	0	0	0	0	2	0	0	0	0	0	0	0	0	0	0	0	0	0	0	0	31	0	0	0	0	0	0	0	0	0	0	19	0	2	2	21	0	0	0	0	0	75	0	10	0	0	0	0	0	0	0	0	0	0	1	0	0	14	0	0	0	0	0	0	41	0	9	0	0	0	7	0	0	0	0	0	0	0	0	0	0	0	46	0	0	0	0	0	0	95	10
OTU650	0	0	0	0	0	0	0	0	0	0	0	0	0	0	0	0	5	0	0	0	0	0	3	1	0	0	0	0	0	0	345	0	0	0	0	0	0	0	0	0	0	0	0	0	0	0	0	0	0	0	0	0	0	0	0	0	0	0	0	0	0	0	0	0	0	0	0	0	0	0	0	0	0	0	0	0	0	0	0	0	0	0	0	8	0	0	156	0	0	0	0	77	0	0	0	0	0	0	0	0	0	0	0	0	0	0	0	0	0	0	0	0	0	0	0	0	1	0	113	0	0	0	0	0	0	0	0	0	0	0	0	0	0	1	0	0	0	0	0	1	0	0	0
OTU651	0	0	0	0	0	0	0	0	2	0	0	0	1	0	0	55	0	0	0	0	0	0	1	0	0	0	0	23	0	0	0	0	0	7	26	0	0	0	0	0	0	0	3	0	0	0	0	0	0	0	4	0	0	0	0	0	0	0	0	0	1	1	0	0	0	0	6	0	0	0	1	0	0	0	0	0	0	0	0	0	0	0	3	0	0	24	0	0	0	0	0	0	0	1	0	0	0	0	0	0	0	0	0	0	46	0	0	0	0	0	0	2	3	2	0	0	0	0	3	0	0	0	7	0	0	0	0	0	0	0	0	275	0	0	0	0	2	0	0	0	0	0	0
OTU652	0	0	0	0	0	0	0	0	0	0	0	0	0	0	1	0	0	0	0	0	0	1	0	0	0	4	0	0	1	0	0	0	0	0	0	0	0	0	0	0	0	0	0	0	0	0	47	0	0	0	0	0	3	0	0	0	0	0	0	0	0	0	0	0	1	0	0	108	1	0	0	0	0	179	0	0	0	0	0	0	0	0	0	0	0	0	0	0	0	0	0	0	0	0	0	0	1	1	0	0	0	0	0	50	0	27	0	0	0	0	0	0	0	0	0	0	0	0	0	0	0	0	0	0	0	0	0	0	0	1	0	0	0	0	0	0	0	8	0	0	0	0	0
OTU653	0	0	0	0	0	0	0	0	0	0	0	0	0	0	0	0	0	0	0	0	0	0	0	0	0	0	0	0	0	0	0	0	0	0	0	0	0	0	0	0	0	0	0	0	0	0	0	0	0	0	0	0	0	0	0	0	0	0	0	0	0	0	0	0	0	0	0	0	44	38	0	122	0	0	9	0	0	0	0	0	0	0	0	0	0	0	0	0	0	0	0	0	0	0	0	0	9	0	0	0	0	0	0	0	0	0	0	0	0	0	0	0	0	0	0	0	0	0	0	0	0	0	0	0	0	0	0	0	0	0	0	0	0	0	0	0	0	0	0	0	0	0	0
OTU654	0	0	0	0	0	0	0	0	0	34	0	0	0	0	0	0	0	0	0	7	10	42	0	0	27	0	0	0	3	0	0	0	38	1	0	103	1	0	0	0	0	0	0	0	0	0	0	0	0	0	0	0	0	0	435	0	0	0	0	0	18	0	0	85	0	1	0	0	32	1	25	17	15	74	59	6	0	0	0	0	10	0	0	1	56	0	0	0	0	83	0	0	60	0	0	0	144	21	0	0	236	0	0	0	0	0	6	9	0	0	0	0	0	0	0	0	0	0	0	80	97	0	0	12	6	26	0	0	0	0	0	0	152	0	0	0	0	0	0	0	0	0	0
OTU655	0	0	0	0	0	0	0	0	0	0	0	0	0	0	0	0	0	0	0	4	0	0	0	0	0	2	0	0	0	0	0	0	0	0	0	0	0	0	0	0	68	0	0	0	0	0	1	67	0	0	0	316	0	0	0	0	3	0	0	0	0	4	0	0	1	0	0	0	0	0	0	0	0	0	0	0	0	4	418	0	2	0	0	0	0	0	0	0	0	0	0	0	0	0	0	0	0	0	0	0	0	0	0	4	0	0	36	0	0	0	0	0	0	0	0	0	0	0	0	0	0	0	0	36	51	0	0	0	0	0	0	0	0	0	0	0	0	0	0	264	0	0	0
OTU656	0	0	0	0	0	0	0	0	21	0	0	24	14	127	0	0	0	0	0	0	0	0	0	0	0	13	0	0	0	0	0	0	0	0	0	0	0	0	0	0	0	0	0	0	0	0	0	0	0	0	0	0	0	0	0	0	0	0	0	0	0	0	0	0	0	0	0	0	0	0	0	0	0	0	0	0	0	0	0	0	0	0	0	0	0	0	0	0	0	0	0	0	0	0	0	0	0	0	0	0	0	0	0	0	0	0	0	0	0	0	0	0	0	0	0	0	0	0	0	0	0	0	0	0	0	0	0	0	0	0	0	0	0	0	0	0	0	0	0	0	0	0	0
OTU657	0	0	0	0	0	0	0	0	0	23	0	1	2	0	0	671	4	0	5	4	53	165	0	41	28	5	194	5	31	15	1	67	57	0	22	22	14	0	17	15	0	0	20	9	47	0	0	0	0	27	0	0	0	29	7	61	2	0	0	0	14	0	2	1	0	37	33	10	56	1	13	34	44	19	112	47	0	0	0	3	1	5	0	15	8	17	2	3	0	8	0	0	15	9	0	12	254	5	43	2	67	0	88	0	0	0	16	63	1	0	16	0	0	12	0	0	14	2	12	326	24	0	0	6	8	15	1	4	6	1	62	2	42	1	6	2	32	0	10	14	0	0	0
OTU658	0	0	0	0	0	0	0	0	0	0	0	2	2	0	0	0	0	0	0	0	0	0	0	0	0	0	0	0	0	16	5	0	1	4	5	5	44	0	0	0	0	4	0	0	0	4	0	0	0	2	0	0	0	1	0	0	0	0	0	0	2	0	0	0	0	0	0	0	0	0	3	0	0	0	0	0	0	0	0	8	0	4	0	0	0	0	0	0	0	0	0	2	0	0	0	1	0	0	0	18	0	11	0	0	22	0	0	0	0	0	0	1	8	78	0	0	0	0	0	0	0	47	0	0	2	1	18	2	5	0	0	0	0	0	0	7	0	0	0	0	0	0	0
OTU659	0	0	0	0	0	0	0	0	0	0	0	0	0	0	0	0	0	0	29	1	0	0	0	0	0	0	0	0	0	8	0	0	0	0	1	0	0	0	0	0	0	36	0	0	0	0	0	0	0	0	0	0	0	0	0	0	0	0	0	0	0	0	16	0	0	0	0	0	0	0	0	0	0	0	0	0	0	0	0	0	0	10	0	2	0	102	0	0	0	0	0	0	0	0	0	0	0	0	0	23	0	0	0	0	0	0	0	0	0	0	0	5	23	0	0	0	4	0	0	0	0	0	0	2	0	3	31	8	19	0	0	0	0	33	0	4	0	0	0	0	0	0	0
OTU660	0	0	0	0	0	0	0	0	1	0	0	5	0	0	0	0	0	0	0	1	0	0	0	12	0	0	0	0	0	1	0	0	0	0	3	2	13	0	0	0	0	0	0	0	0	0	0	0	0	3	0	0	0	37	0	0	0	0	0	0	0	0	0	0	0	0	1	0	0	0	0	0	0	0	0	0	0	0	0	8	0	0	0	1	0	15	0	3	0	0	0	0	0	7	0	0	0	0	0	0	0	0	0	0	0	0	0	0	0	0	0	0	0	193	0	0	14	0	2	0	0	0	0	0	0	0	0	0	0	0	3	6	0	0	0	0	50	0	0	0	0	6	0
OTU661	0	0	0	0	0	0	0	0	0	0	0	0	0	0	0	0	0	0	0	0	0	0	0	0	0	0	0	0	0	0	0	0	0	0	0	0	0	0	0	0	0	0	0	0	0	0	0	0	0	0	0	0	0	0	0	0	84	0	0	0	0	0	0	0	0	0	0	0	11	0	0	4	0	0	0	0	389	0	0	0	0	0	0	0	0	0	0	8	0	0	0	0	0	0	0	0	0	0	120	0	0	0	0	0	0	0	0	0	0	0	0	0	0	0	0	0	0	0	0	0	0	0	0	0	0	0	0	0	0	0	0	6	0	0	0	0	0	0	18	0	0	0	0
OTU662	0	0	0	0	0	0	0	0	0	0	19	0	0	0	0	0	8	0	0	0	0	0	1	4	0	0	0	6	0	2	14	2	0	0	0	0	0	0	42	1	0	0	4	0	0	3	0	1	0	1	0	0	0	1	0	4	5	0	0	0	0	0	0	0	7	0	0	0	0	0	0	0	0	0	0	0	0	0	0	1	0	0	0	2	0	1	64	0	0	0	0	5	0	0	0	2	0	0	0	0	0	0	0	0	0	0	2	0	0	1	0	0	2	1	0	0	4	0	15	0	0	0	0	0	0	0	1	2	1	0	4	1	0	0	7	0	0	2	0	0	0	62	0
OTU663	0	0	0	0	0	0	0	0	0	2	0	0	0	0	0	0	0	0	0	0	0	1	0	0	0	0	93	0	25	0	0	0	5	0	5	7	0	0	0	0	0	0	0	0	2	0	0	0	0	0	0	0	0	0	14	0	0	0	0	0	6	0	0	5	0	4	19	1	5	13	1	57	0	2	79	0	0	0	0	0	0	0	0	0	14	0	0	0	0	16	0	0	6	0	0	0	6	2	0	0	2	0	0	0	0	0	1	4	0	0	0	0	0	0	0	0	0	0	0	249	15	0	0	0	1	0	0	0	0	0	0	0	13	0	0	0	0	0	0	0	0	0	0
OTU664	0	0	16	0	0	0	0	0	0	0	0	3	5	0	0	0	0	0	0	0	0	0	0	0	0	0	0	14	0	1	11	0	0	2	1	0	5	0	31	0	0	0	0	0	0	0	0	0	1	0	0	0	0	0	0	0	0	0	0	0	2	0	0	0	0	0	0	0	0	0	10	0	0	0	0	0	0	0	0	0	0	20	0	0	0	0	1	21	0	0	0	1	0	0	0	35	0	0	0	10	0	6	0	0	4	0	0	0	0	0	13	0	2	29	0	0	0	0	0	0	0	0	0	0	0	0	0	7	3	0	4	0	0	0	0	14	0	0	0	0	0	0	0
OTU665	0	0	0	0	0	0	0	0	0	0	0	0	0	0	0	0	0	0	0	0	0	0	0	0	0	0	0	0	0	0	0	0	0	0	0	0	0	0	0	0	0	0	0	0	0	0	0	0	0	0	0	0	0	0	0	0	0	0	0	0	0	0	0	0	0	0	0	0	0	0	0	0	0	0	0	0	0	0	0	0	0	0	0	0	0	0	0	0	0	0	0	0	0	0	0	0	0	0	0	1	0	0	0	256	0	0	2	6	0	0	0	0	0	0	0	0	0	0	0	0	0	0	0	2	0	0	0	0	0	0	0	0	0	0	0	0	0	0	0	0	0	0	0
OTU666	0	0	0	0	0	0	0	0	0	0	0	0	0	0	0	0	0	0	0	0	0	0	0	0	0	0	0	0	0	0	0	0	0	0	0	0	0	0	0	0	0	0	0	0	0	0	0	0	0	0	0	0	0	0	0	0	0	0	0	0	0	0	0	0	0	0	0	0	0	0	0	0	0	0	0	0	0	0	0	0	0	0	0	0	0	0	0	0	0	0	0	0	0	0	0	0	0	0	0	0	0	0	0	254	0	0	0	0	0	0	0	0	0	0	0	0	0	0	0	0	0	0	0	0	0	0	0	0	0	0	0	0	0	0	0	0	0	0	0	0	0	0	0
OTU667	0	0	0	0	0	0	0	0	0	0	151	5	16	0	0	0	0	0	0	0	0	0	0	1	0	0	0	0	0	0	9	0	0	0	0	0	0	0	1	0	0	0	0	0	0	5	0	0	0	0	0	0	0	0	0	0	0	0	0	0	0	0	0	0	0	0	0	0	0	0	0	0	0	0	0	0	0	0	0	0	0	18	0	0	0	0	0	0	0	0	0	0	0	0	0	0	0	0	0	8	0	22	0	0	3	0	0	0	0	0	0	0	0	0	0	0	0	0	0	0	0	10	0	0	2	0	2	1	8	0	0	0	0	1	0	37	0	0	0	0	9	0	0
OTU668	0	0	0	0	0	0	0	0	0	0	0	5	29	4	0	0	0	0	0	0	0	0	0	25	0	0	0	0	0	0	0	0	3	30	1	7	24	0	24	0	0	0	2	0	0	10	0	0	4	5	0	0	0	7	0	0	0	0	0	0	10	0	0	0	0	0	0	0	0	0	39	0	0	0	0	0	0	0	0	70	0	3	0	0	0	0	0	0	0	0	0	0	0	0	0	0	0	0	0	6	0	0	0	0	0	0	1	0	0	3	5	1	0	1	0	0	46	0	13	0	0	192	20	2	2	0	3	16	22	0	13	0	0	0	0	0	0	0	0	0	0	0	10
OTU669	0	0	0	0	0	0	0	0	0	0	0	34	172	1	0	0	0	0	0	0	0	0	0	0	0	0	0	0	0	0	12	0	0	0	0	0	3	0	0	0	0	0	0	0	0	0	0	0	0	0	0	0	0	0	0	0	0	0	0	0	0	0	1	0	0	0	0	0	0	0	0	0	0	0	0	0	0	0	0	0	0	13	0	0	0	1	0	0	0	0	0	0	0	0	0	1	0	0	0	10	0	0	0	0	0	0	0	1	0	0	0	5	12	0	0	0	0	7	0	0	0	0	0	0	0	0	0	0	0	0	0	0	0	3	0	25	0	0	0	0	0	0	0
OTU670	0	0	0	0	0	0	0	0	0	0	0	0	1	20	0	0	0	0	0	0	0	0	0	0	0	0	0	0	0	0	0	0	0	0	0	0	0	0	0	0	0	0	19	111	0	0	0	29	0	0	123	2	0	0	0	0	0	1	0	7	0	0	0	0	0	0	0	0	0	1	0	0	0	0	0	0	0	0	0	0	0	0	0	0	0	0	0	0	0	0	3	0	0	0	0	0	0	0	0	0	0	0	0	0	0	5	0	0	0	0	0	0	0	0	0	0	0	0	0	0	0	0	0	11	54	0	0	0	0	3	0	0	0	0	0	0	0	3	0	0	0	0	0
OTU671	0	0	0	0	0	0	0	0	5	15	9	22	21	1	0	263	11	7	28	7	45	130	5	56	30	0	91	13	43	30	9	41	29	2	26	25	71	0	37	85	0	22	17	11	62	2	1	0	10	23	0	0	2	57	4	22	9	0	0	0	22	2	7	0	0	26	20	2	42	3	57	36	22	20	52	13	4	1	0	11	7	4	15	20	6	3	2	0	0	9	3	4	11	20	0	15	84	10	21	6	31	9	45	0	29	0	12	24	7	11	17	6	5	28	0	0	31	5	11	158	7	0	5	8	6	24	1	19	21	12	58	5	13	21	3	16	16	0	10	3	1	1	8
OTU672	0	0	0	0	0	0	0	0	0	0	5	3	22	1	0	0	14	0	0	2	0	0	0	1	0	0	0	94	0	16	38	1	0	14	5	0	14	2	3	0	0	0	0	0	0	715	0	0	2	0	0	0	0	0	0	0	0	0	0	0	0	0	0	0	0	0	10	0	0	0	4	0	0	0	0	0	0	0	0	123	0	17	0	0	2	20	21	2	0	0	0	19	0	1	0	66	0	0	0	266	0	92	0	0	93	0	3	9	0	2	9	70	300	0	0	0	7	49	0	0	0	0	21	0	4	2	28	14	2	0	2	0	0	89	0	0	1	0	0	0	11	28	0
OTU673	0	0	0	0	0	0	0	0	0	0	0	0	0	0	0	1	0	0	0	0	0	0	0	0	0	0	0	0	0	0	0	1	8	3	10	13	131	0	1	0	0	0	0	0	0	1	0	0	0	0	0	0	0	0	0	0	0	0	0	0	0	0	0	0	0	0	0	0	0	0	0	0	0	0	0	0	0	0	0	0	0	0	0	1	0	0	6	0	0	0	0	0	0	0	0	2	0	0	0	11	0	0	0	0	1	0	3	3	0	3	0	6	45	0	0	0	33	0	4	0	0	0	0	0	0	0	0	0	0	0	3	0	0	3	0	0	0	0	0	0	0	0	0
OTU674	0	0	0	0	0	0	0	0	61	0	0	25	11	175	5	0	0	8	0	0	0	0	0	0	0	0	0	0	0	0	0	0	0	0	0	0	0	0	0	0	0	0	71	882	0	0	0	0	0	0	0	0	0	0	0	0	0	13	0	1	1	9	0	0	0	0	0	0	0	0	0	0	0	0	0	0	0	0	0	0	0	0	0	0	0	0	0	0	0	0	0	0	0	0	1	0	0	0	0	0	0	0	0	0	0	0	0	0	1	0	0	0	0	0	3	2	0	0	0	0	0	0	0	107	225	0	0	0	0	4	0	0	0	0	0	0	0	7	0	0	0	0	0
OTU675	0	0	0	0	0	0	0	0	0	0	0	0	0	0	0	0	0	0	0	0	0	0	0	0	0	0	0	0	0	0	0	0	0	0	0	0	0	0	0	0	0	0	0	0	0	0	57	0	0	0	0	0	6	0	0	0	0	28	0	0	39	0	0	0	0	0	0	0	0	0	47	0	0	0	0	0	0	0	0	0	12	0	0	0	0	0	0	0	0	0	448	0	0	0	0	0	0	0	0	0	0	0	0	0	0	0	0	0	0	0	0	0	0	0	0	0	0	0	0	0	0	0	0	0	2	0	0	0	0	0	0	0	0	0	0	0	0	0	0	0	0	0	0
OTU676	0	0	0	0	0	0	0	0	1	1	0	0	0	0	0	0	0	3	0	0	0	0	0	0	0	0	0	0	0	0	0	0	0	0	0	0	0	0	0	0	0	0	0	0	0	0	0	0	0	0	0	0	0	0	0	0	0	0	0	2	0	0	0	0	0	0	0	0	0	0	0	0	0	0	0	0	0	255	0	0	1	0	0	0	0	0	0	0	0	0	0	0	0	0	0	0	0	0	0	0	0	0	0	0	0	0	2	0	0	0	0	0	0	0	0	32	0	0	0	0	0	0	0	0	2	0	0	0	0	0	0	0	0	0	0	0	0	0	0	0	0	0	0
OTU677	0	0	0	0	0	0	0	0	0	0	0	0	0	0	0	0	0	0	0	0	0	0	0	0	0	0	0	33	0	0	0	0	0	0	0	0	0	0	0	0	0	0	0	0	0	0	0	0	0	0	0	0	0	0	0	0	0	0	0	0	0	0	0	0	0	0	0	0	0	0	0	0	0	0	0	0	0	0	0	0	0	0	0	0	0	1	0	0	0	0	0	0	0	0	0	0	0	0	0	0	0	119	0	0	0	0	0	0	0	0	0	0	0	135	0	0	0	0	0	0	0	1	0	0	1	0	3	73	8	0	0	0	0	0	0	10	0	0	0	0	0	0	0
OTU678	0	0	0	0	0	0	0	0	0	0	0	0	0	0	0	0	0	0	0	4	0	0	0	0	0	0	0	0	0	57	0	0	0	0	0	0	0	0	0	0	0	0	0	0	0	0	0	0	0	0	0	0	0	0	0	0	0	0	0	0	0	0	0	0	0	0	0	0	0	0	0	0	0	0	0	0	0	0	0	0	0	0	0	0	0	0	0	0	0	0	0	0	0	0	0	5	0	0	0	0	0	0	0	0	0	0	7	11	0	11	0	46	268	0	0	0	0	0	0	0	0	0	0	0	0	0	0	0	0	0	0	0	2	0	0	0	0	0	0	0	0	0	0
OTU679	0	0	0	0	0	0	0	0	3	0	0	2	6	9	0	0	0	0	0	0	6	14	0	0	2	0	0	0	0	0	0	0	44	0	15	52	2	0	0	0	0	0	0	0	0	0	0	0	0	0	0	0	0	0	0	0	0	0	0	0	4	0	0	10	0	0	0	11	6	0	3	8	0	1	0	0	1	0	0	0	0	0	1	0	0	0	0	0	0	0	0	0	29	0	0	0	0	1	25	0	32	0	0	0	0	0	0	0	0	0	0	0	0	0	0	0	0	0	0	0	0	0	0	2	0	1	0	0	0	0	0	5	0	0	0	0	0	0	7	0	0	0	0
OTU680	0	0	0	0	0	0	0	0	0	2	12	0	0	0	0	0	1	0	0	0	0	0	22	0	0	0	0	1	0	0	19	3	0	6	1	8	59	0	15	0	0	1	1	0	0	0	0	0	0	0	0	0	0	0	0	0	0	0	0	0	0	0	0	1	0	0	0	0	0	0	0	0	0	0	0	0	0	0	0	0	0	0	0	1	0	0	3	23	0	0	0	4	0	0	0	8	0	0	0	27	0	0	0	0	1	0	0	0	0	0	0	1	0	0	0	0	2	0	7	0	1	0	0	0	1	4	4	28	29	0	22	0	0	0	0	1	0	0	0	0	0	1	0
OTU681	0	0	0	0	0	0	0	0	0	140	0	0	0	0	0	0	0	0	0	8	6	12	0	0	22	0	0	0	0	0	0	0	28	0	0	17	0	0	0	0	0	0	0	0	0	0	0	0	0	0	0	0	0	0	48	16	0	0	0	0	6	0	0	57	0	14	0	10	145	0	3	8	122	23	0	8	3	0	0	0	3	0	0	0	0	0	0	0	0	0	2	0	63	0	0	0	214	0	1	0	1	0	364	0	0	0	3	8	0	0	0	54	2	0	0	0	0	0	0	0	0	0	0	27	0	0	0	0	0	0	0	0	61	0	0	0	0	0	0	0	0	0	0
OTU682	0	0	0	0	0	0	0	0	0	6	0	0	0	0	0	0	0	0	0	4	1	8	0	0	38	0	0	0	0	0	0	0	3	0	0	3	3	0	0	0	0	0	0	0	0	0	0	0	0	0	0	0	0	0	0	0	0	0	0	0	0	0	0	66	0	2	0	1	9	0	0	0	2	2	0	1	2	0	0	0	0	0	0	1	2	0	0	0	0	7	0	0	0	0	0	0	0	4	0	0	0	0	0	0	0	0	0	0	0	0	0	0	0	0	0	0	0	0	0	0	6	0	0	2	0	3	0	0	0	0	0	0	3	0	0	0	0	0	132	0	0	0	0
OTU683	0	0	0	0	0	0	0	0	2	8	10	0	0	0	0	1	0	1	0	2	1	0	0	14	111	0	1	5	0	0	3	1	11	0	0	1	3	0	13	0	1	0	0	0	0	0	0	0	1	0	0	0	0	0	0	5	1	0	0	0	1	0	0	0	0	0	0	1	8	0	0	0	0	4	4	0	5	3	0	0	2	54	0	0	0	7	7	0	0	0	0	11	9	0	0	17	1	0	0	3	0	0	5	0	10	2	2	8	0	1	0	5	3	0	0	1	0	0	0	2	0	0	0	14	0	1	0	0	0	0	1	1	1	5	2	0	0	0	3	0	0	0	0
OTU684	0	0	0	0	0	0	0	0	0	0	0	3	28	2	0	0	1	0	25	0	0	0	0	0	0	0	0	6	0	0	0	0	0	0	0	0	14	0	0	12	0	17	1	0	0	23	0	0	0	0	0	0	0	0	0	0	0	0	0	0	0	0	12	0	0	0	0	0	0	0	0	0	0	0	0	0	0	0	0	16	0	2	0	0	0	0	0	0	0	0	0	3	0	0	0	7	0	0	0	30	0	12	0	0	12	0	0	0	0	0	0	0	3	3	0	0	0	6	0	0	0	0	0	2	1	1	8	16	32	0	2	0	0	52	0	3	0	0	0	0	0	0	0
OTU685	0	0	0	0	0	0	0	0	0	0	0	17	41	4	19	2	0	0	5	0	0	0	0	2	0	0	0	0	0	0	130	0	0	21	0	0	3	1	0	0	0	3	0	0	0	0	0	0	0	1	0	0	0	0	0	0	0	0	0	0	1	0	0	0	0	0	0	0	0	0	0	0	0	0	0	0	0	0	0	74	0	11	2	0	0	0	0	0	0	0	0	2	0	0	0	2	0	0	0	0	0	70	0	0	20	0	0	0	0	0	0	0	0	23	15	9	10	0	0	0	0	13	0	0	0	0	3	2	0	8	0	0	0	8	0	11	0	60	0	0	12	0	0
OTU686	0	0	0	0	0	0	0	0	0	0	0	0	0	0	0	0	0	0	0	0	0	0	0	0	0	0	211	0	0	0	0	0	3	0	0	0	0	0	0	0	0	0	0	0	0	0	0	0	0	0	0	0	0	0	0	9	0	0	0	0	0	0	0	0	0	0	0	0	0	0	0	0	11	0	52	0	0	0	0	0	0	0	0	0	0	0	0	0	0	0	0	0	0	0	0	0	0	0	0	0	0	0	0	0	0	0	0	0	0	0	0	0	0	0	0	0	0	0	0	0	0	0	0	0	0	0	0	0	0	0	0	0	0	0	0	0	0	0	0	0	0	0	0
OTU687	0	0	0	0	0	0	0	0	1	49	0	5	0	3	9	6	18	0	6	11	40	121	3	1	81	19	56	5	40	0	0	0	90	0	3	87	6	0	0	0	12	0	1	0	57	0	1	0	4	0	0	0	8	0	28	74	3	0	0	0	16	13	0	20	2	39	8	34	57	1	3	18	11	48	151	35	65	0	0	0	13	0	0	6	25	3	0	0	0	41	3	0	61	14	1	7	133	39	93	0	86	0	23	5	0	0	18	70	6	7	1	46	2	2	8	3	0	0	0	120	36	0	3	13	24	93	0	0	3	9	37	13	14	0	10	0	20	13	191	4	0	34	1
OTU688	0	0	0	0	0	0	0	0	0	0	1	0	0	0	0	0	0	0	0	0	0	0	0	0	0	0	0	0	0	0	7	0	0	28	0	0	1	0	3	0	0	1	0	0	0	0	0	0	1	0	0	0	0	0	0	0	0	0	0	0	3	0	0	0	0	0	0	0	0	0	12	0	0	0	0	0	0	0	0	0	0	0	0	0	0	0	0	0	0	0	0	0	0	0	0	0	0	0	0	0	0	35	0	0	100	0	0	0	1	1	0	0	6	0	0	0	1	0	0	0	0	19	0	0	0	1	10	3	7	0	0	0	0	1	0	35	0	0	0	0	45	0	2
OTU689	0	0	0	0	0	0	0	0	0	0	0	0	0	0	0	0	3	0	0	0	0	0	0	0	0	0	0	0	0	0	0	0	0	0	0	0	0	0	271	0	0	0	0	0	0	0	0	0	0	0	0	0	0	0	0	0	0	0	0	0	0	0	0	0	0	0	0	0	0	0	0	0	0	0	0	0	0	0	0	0	0	0	0	0	0	0	0	0	0	0	0	0	0	0	0	0	0	0	0	0	0	0	0	0	0	0	0	0	0	0	0	0	0	0	0	0	0	0	0	0	0	0	0	2	1	0	0	15	11	0	0	0	0	0	0	0	0	0	0	0	0	0	0
OTU690	0	0	0	0	0	0	0	0	0	0	0	0	0	0	0	0	0	24	0	0	0	0	0	0	0	0	0	0	0	0	0	0	0	0	0	0	0	0	0	0	0	0	0	0	0	0	115	0	0	0	0	0	0	0	0	0	0	0	0	0	0	47	0	0	0	0	0	0	0	0	0	0	0	0	0	0	0	0	83	1	0	0	0	0	0	0	0	0	2	0	0	0	0	0	0	0	0	0	0	0	0	0	0	0	0	0	19	8	237	0	0	0	0	0	0	3	0	0	0	0	0	0	0	0	0	0	0	0	0	254	0	0	0	0	0	0	0	0	0	0	0	0	0
OTU691	0	0	0	0	0	0	0	0	0	0	0	0	0	0	0	0	0	0	2	0	4	8	0	0	0	0	0	0	0	0	0	0	10	0	0	0	0	0	0	0	0	0	0	0	0	0	0	0	0	0	0	0	0	0	0	0	0	0	0	0	0	0	0	206	0	3	0	0	0	0	0	0	0	0	0	0	0	0	0	0	1	0	0	0	1	0	0	0	0	1	0	0	0	0	0	0	0	0	0	0	6	0	13	0	0	0	0	0	0	0	0	0	0	0	0	0	0	0	0	0	3	0	0	0	0	0	0	0	0	0	0	0	0	0	0	0	0	0	0	0	0	0	0
OTU692	0	0	0	0	0	0	0	0	0	0	0	0	0	0	0	0	0	0	0	0	0	0	0	0	0	0	0	0	0	0	0	0	0	1	0	0	0	0	0	0	0	0	0	0	0	0	0	0	0	0	0	0	0	0	0	0	0	0	0	0	0	0	0	0	0	0	0	0	0	0	0	0	0	0	0	0	0	0	0	0	0	0	0	0	0	2	0	0	0	0	0	0	0	0	0	156	0	0	0	0	0	0	0	0	0	0	14	8	5	19	0	201	74	0	0	0	3	0	0	0	0	0	0	0	0	0	0	0	0	0	0	0	0	43	0	0	1	0	0	0	0	0	0
